01/12/2009,"19,74"
02/12/2009,"19,80"
03/12/2009,"19,54"
04/12/2009,"19,70"
07/12/2009,"19,69"
08/12/2009,"19,66"
09/12/2009,"19,66"
10/12/2009,"19,99"
11/12/2009,"20,02"
14/12/2009,"19,94"
15/12/2009,"19,91"
16/12/2009,"20,24"
17/12/2009,"20,34"
18/12/2009,"20,42"
21/12/2009,"20,39"
22/12/2009,"20,25"
23/12/2009,"20,40"
28/12/2009,"20,29"
29/12/2009,"20,26"
30/12/2009,"20,14"
04/01/2010,"20,39"
05/01/2010,"20,40"
06/01/2010,"20,25"
07/01/2010,"20,28"
08/01/2010,"20,18"
11/01/2010,"20,19"
12/01/2010,"19,89"
13/01/2010,"19,54"
14/01/2010,"19,69"
15/01/2010,"19,67"
18/01/2010,"19,62"
19/01/2010,"19,50"
20/01/2010,"19,40"
21/01/2010,"19,27"
22/01/2010,"19,29"
25/01/2010,"19,06"
26/01/2010,"19,15"
27/01/2010,"19,20"
28/01/2010,"19,18"
29/01/2010,"19,10"
01/02/2010,"19,08"
02/02/2010,"18,97"
03/02/2010,"18,95"
04/02/2010,"18,77"
05/02/2010,"18,63"
08/02/2010,"18,62"
09/02/2010,"18,41"
10/02/2010,"18,05"
11/02/2010,"18,12"
12/02/2010,"18,03"
17/02/2010,"18,07"
18/02/2010,"18,02"
19/02/2010,"18,10"
22/02/2010,"18,00"
23/02/2010,"18,09"
24/02/2010,"18,05"
25/02/2010,"18,10"
26/02/2010,"18,18"
01/03/2010,"18,14"
02/03/2010,"18,11"
03/03/2010,"18,38"
04/03/2010,"18,44"
05/03/2010,"18,47"
08/03/2010,"18,45"
09/03/2010,"18,54"
10/03/2010,"18,58"
11/03/2010,"18,68"
12/03/2010,"18,66"
15/03/2010,"18,69"
16/03/2010,"18,65"
17/03/2010,"18,64"
18/03/2010,"18,59"
19/03/2010,"18,50"
22/03/2010,"18,63"
23/03/2010,"18,56"
24/03/2010,"18,58"
25/03/2010,"18,26"
26/03/2010,"18,52"
29/03/2010,"18,20"
30/03/2010,"18,26"
31/03/2010,"18,23"
01/04/2010,"18,31"
05/04/2010,"18,23"
06/04/2010,"18,28"
07/04/2010,"18,18"
08/04/2010,"18,27"
09/04/2010,"18,25"
12/04/2010,"18,32"
13/04/2010,"18,27"
14/04/2010,"18,20"
15/04/2010,"18,18"
16/04/2010,"18,14"
19/04/2010,"18,05"
20/04/2010,"18,08"
22/04/2010,"18,16"
23/04/2010,"18,05"
26/04/2010,"18,06"
27/04/2010,"18,04"
28/04/2010,"18,01"
29/04/2010,"18,01"
30/04/2010,"18,04"
03/05/2010,"17,97"
04/05/2010,"18,12"
05/05/2010,"18,11"
06/05/2010,"18,19"
07/05/2010,"18,22"
10/05/2010,"18,49"
11/05/2010,"18,61"
12/05/2010,"18,40"
13/05/2010,"18,50"
14/05/2010,"18,63"
17/05/2010,"18,75"
18/05/2010,"18,66"
19/05/2010,"18,75"
20/05/2010,"18,81"
21/05/2010,"18,92"
24/05/2010,"19,02"
25/05/2010,"18,92"
26/05/2010,"19,18"
27/05/2010,"19,25"
28/05/2010,"19,22"
31/05/2010,"19,38"
01/06/2010,"19,45"
02/06/2010,"19,70"
04/06/2010,"19,76"
07/06/2010,"19,96"
08/06/2010,"19,98"
09/06/2010,"19,94"
10/06/2010,"19,82"
11/06/2010,"19,79"
14/06/2010,"19,89"
15/06/2010,"19,73"
16/06/2010,"19,55"
17/06/2010,"19,41"
18/06/2010,"19,45"
21/06/2010,"19,36"
22/06/2010,"19,21"
23/06/2010,"18,94"
24/06/2010,"18,79"
25/06/2010,"18,80"
28/06/2010,"18,90"
29/06/2010,"18,77"
30/06/2010,"18,74"
01/07/2010,"18,61"
02/07/2010,"18,57"
05/07/2010,"18,55"
06/07/2010,"18,60"
07/07/2010,"18,45"
08/07/2010,"18,23"
12/07/2010,"18,19"
13/07/2010,"18,18"
14/07/2010,"18,41"
15/07/2010,"18,34"
16/07/2010,"18,77"
19/07/2010,"18,98"
20/07/2010,"19,11"
21/07/2010,"19,11"
22/07/2010,"19,14"
23/07/2010,"19,27"
26/07/2010,"19,36"
27/07/2010,"19,43"
28/07/2010,"19,34"
29/07/2010,"19,37"
30/07/2010,"19,57"
02/08/2010,"19,43"
03/08/2010,"19,60"
04/08/2010,"19,71"
05/08/2010,"19,73"
06/08/2010,"19,86"
09/08/2010,"20,13"
10/08/2010,"20,04"
11/08/2010,"20,24"
12/08/2010,"20,16"
13/08/2010,"20,13"
16/08/2010,"20,27"
17/08/2010,"20,52"
18/08/2010,"20,52"
19/08/2010,"20,84"
20/08/2010,"20,60"
23/08/2010,"20,85"
24/08/2010,"20,90"
25/08/2010,"21,41"
26/08/2010,"21,61"
27/08/2010,"21,80"
30/08/2010,"21,82"
31/08/2010,"22,13"
01/09/2010,"22,33"
02/09/2010,"22,41"
03/09/2010,"22,79"
06/09/2010,"23,02"
08/09/2010,"23,02"
09/09/2010,"23,59"
10/09/2010,"23,72"
13/09/2010,"23,80"
14/09/2010,"24,01"
15/09/2010,"24,25"
16/09/2010,"24,25"
17/09/2010,"25,12"
20/09/2010,"25,13"
21/09/2010,"26,11"
22/09/2010,"25,89"
23/09/2010,"25,25"
24/09/2010,"26,04"
27/09/2010,"25,82"
28/09/2010,"25,66"
29/09/2010,"24,86"
30/09/2010,"24,48"
01/10/2010,"24,29"
04/10/2010,"23,96"
05/10/2010,"23,99"
06/10/2010,"23,96"
07/10/2010,"23,90"
08/10/2010,"24,16"
11/10/2010,"24,15"
13/10/2010,"25,14"
14/10/2010,"25,44"
15/10/2010,"25,33"
18/10/2010,"25,30"
19/10/2010,"25,53"
20/10/2010,"25,40"
21/10/2010,"25,63"
22/10/2010,"25,73"
25/10/2010,"25,75"
26/10/2010,"26,02"
27/10/2010,"26,09"
28/10/2010,"26,52"
29/10/2010,"26,76"
01/11/2010,"26,64"
03/11/2010,"26,89"
04/11/2010,"27,13"
05/11/2010,"26,97"
08/11/2010,"27,30"
09/11/2010,"27,66"
10/11/2010,"28,26"
11/11/2010,"28,67"
12/11/2010,"28,86"
16/11/2010,"28,72"
17/11/2010,"28,81"
18/11/2010,"28,91"
19/11/2010,"28,85"
22/11/2010,"28,59"
23/11/2010,"29,09"
24/11/2010,"29,06"
25/11/2010,"28,94"
26/11/2010,"28,88"
29/11/2010,"28,86"
30/11/2010,"28,62"
01/12/2010,"28,78"
02/12/2010,"28,72"
03/12/2010,"28,56"
06/12/2010,"28,49"
07/12/2010,"28,34"
08/12/2010,"28,34"
09/12/2010,"28,33"
10/12/2010,"28,36"
13/12/2010,"28,35"
14/12/2010,"28,20"
15/12/2010,"28,30"
16/12/2010,"28,17"
17/12/2010,"28,39"
20/12/2010,"28,51"
21/12/2010,"28,18"
22/12/2010,"28,12"
23/12/2010,"28,18"
27/12/2010,"28,33"
28/12/2010,"28,31"
29/12/2010,"28,39"
30/12/2010,"28,28"
03/01/2011,"28,23"
04/01/2011,"28,33"
05/01/2011,"28,51"
06/01/2011,"28,71"
07/01/2011,"28,97"
10/01/2011,"29,26"
11/01/2011,"29,39"
12/01/2011,"29,39"
13/01/2011,"29,91"
14/01/2011,"30,12"
17/01/2011,"30,25"
18/01/2011,"30,68"
19/01/2011,"31,23"
20/01/2011,"31,36"
21/01/2011,"31,54"
24/01/2011,"31,38"
25/01/2011,"31,67"
26/01/2011,"32,05"
27/01/2011,"32,15"
28/01/2011,"32,10"
31/01/2011,"32,11"
01/02/2011,"32,24"
02/02/2011,"32,25"
03/02/2011,"32,16"
04/02/2011,"32,12"
07/02/2011,"31,93"
08/02/2011,"31,89"
09/02/2011,"31,96"
10/02/2011,"31,90"
11/02/2011,"31,91"
14/02/2011,"32,01"
15/02/2011,"31,73"
16/02/2011,"31,75"
17/02/2011,"31,45"
18/02/2011,"31,14"
21/02/2011,"31,31"
22/02/2011,"31,27"
23/02/2011,"31,32"
24/02/2011,"31,19"
25/02/2011,"31,03"
28/02/2011,"31,02"
01/03/2011,"31,22"
02/03/2011,"30,96"
03/03/2011,"31,27"
04/03/2011,"31,30"
09/03/2011,"31,39"
10/03/2011,"31,22"
11/03/2011,"31,37"
14/03/2011,"31,39"
15/03/2011,"31,75"
16/03/2011,"31,88"
17/03/2011,"31,72"
18/03/2011,"31,85"
21/03/2011,"31,86"
22/03/2011,"31,76"
23/03/2011,"31,75"
24/03/2011,"31,66"
25/03/2011,"31,51"
28/03/2011,"31,52"
29/03/2011,"30,98"
30/03/2011,"30,91"
31/03/2011,"30,88"
01/04/2011,"30,78"
04/04/2011,"30,80"
05/04/2011,"30,53"
06/04/2011,"30,15"
07/04/2011,"30,24"
08/04/2011,"30,38"
11/04/2011,"30,44"
12/04/2011,"30,36"
13/04/2011,"30,15"
14/04/2011,"30,15"
15/04/2011,"30,10"
18/04/2011,"29,95"
19/04/2011,"29,49"
20/04/2011,"29,25"
25/04/2011,"29,51"
26/04/2011,"29,44"
27/04/2011,"28,84"
28/04/2011,"29,00"
29/04/2011,"29,27"
02/05/2011,"28,61"
03/05/2011,"28,62"
04/05/2011,"28,38"
05/05/2011,"28,44"
06/05/2011,"28,20"
09/05/2011,"28,19"
10/05/2011,"28,28"
11/05/2011,"28,16"
12/05/2011,"28,06"
13/05/2011,"28,14"
16/05/2011,"28,42"
17/05/2011,"28,66"
18/05/2011,"28,45"
19/05/2011,"28,61"
20/05/2011,"28,51"
23/05/2011,"28,88"
24/05/2011,"29,19"
25/05/2011,"29,27"
26/05/2011,"29,22"
27/05/2011,"29,57"
30/05/2011,"29,51"
31/05/2011,"29,80"
01/06/2011,"29,89"
02/06/2011,"30,25"
03/06/2011,"30,30"
06/06/2011,"30,65"
07/06/2011,"30,87"
08/06/2011,"31,02"
09/06/2011,"31,24"
10/06/2011,"31,33"
13/06/2011,"31,19"
14/06/2011,"31,22"
15/06/2011,"31,37"
16/06/2011,"31,20"
17/06/2011,"31,21"
20/06/2011,"31,01"
21/06/2011,"30,72"
22/06/2011,"30,43"
24/06/2011,"30,55"
27/06/2011,"30,23"
28/06/2011,"30,02"
29/06/2011,"30,33"
30/06/2011,"30,64"
01/07/2011,"31,08"
04/07/2011,"30,73"
05/07/2011,"30,92"
06/07/2011,"30,98"
07/07/2011,"30,86"
08/07/2011,"30,67"
11/07/2011,"30,30"
12/07/2011,"30,31"
13/07/2011,"30,23"
14/07/2011,"29,85"
15/07/2011,"29,97"
18/07/2011,"29,86"
19/07/2011,"29,71"
20/07/2011,"30,08"
21/07/2011,"30,13"
22/07/2011,"30,30"
25/07/2011,"30,14"
26/07/2011,"30,06"
27/07/2011,"30,13"
28/07/2011,"30,00"
29/07/2011,"30,17"
01/08/2011,"29,92"
02/08/2011,"30,00"
03/08/2011,"30,23"
04/08/2011,"30,14"
05/08/2011,"30,11"
08/08/2011,"30,18"
09/08/2011,"30,20"
10/08/2011,"30,13"
11/08/2011,"30,00"
12/08/2011,"29,88"
15/08/2011,"30,05"
16/08/2011,"30,11"
17/08/2011,"30,30"
18/08/2011,"30,06"
19/08/2011,"30,01"
22/08/2011,"30,02"
23/08/2011,"30,04"
24/08/2011,"30,10"
25/08/2011,"30,34"
26/08/2011,"30,55"
29/08/2011,"30,48"
30/08/2011,"30,75"
31/08/2011,"31,01"
01/09/2011,"31,17"
02/09/2011,"31,25"
05/09/2011,"31,33"
06/09/2011,"31,54"
08/09/2011,"31,61"
09/09/2011,"31,67"
12/09/2011,"31,72"
13/09/2011,"31,54"
14/09/2011,"31,83"
15/09/2011,"31,95"
16/09/2011,"32,35"
19/09/2011,"32,13"
20/09/2011,"32,40"
21/09/2011,"32,24"
22/09/2011,"32,47"
23/09/2011,"32,27"
26/09/2011,"32,36"
27/09/2011,"32,40"
28/09/2011,"32,33"
29/09/2011,"31,99"
30/09/2011,"31,75"
03/10/2011,"31,74"
04/10/2011,"31,62"
05/10/2011,"31,51"
06/10/2011,"31,04"
07/10/2011,"31,37"
10/10/2011,"31,41"
11/10/2011,"31,25"
13/10/2011,"30,97"
14/10/2011,"30,78"
17/10/2011,"29,97"
18/10/2011,"29,92"
19/10/2011,"29,89"
20/10/2011,"29,64"
21/10/2011,"29,89"
24/10/2011,"30,12"
25/10/2011,"30,52"
26/10/2011,"30,76"
27/10/2011,"30,76"
28/10/2011,"30,74"
31/10/2011,"31,08"
01/11/2011,"30,79"
03/11/2011,"30,75"
04/11/2011,"31,06"
07/11/2011,"31,09"
08/11/2011,"31,27"
09/11/2011,"31,18"
10/11/2011,"31,12"
11/11/2011,"30,85"
14/11/2011,"30,87"
16/11/2011,"30,68"
17/11/2011,"30,17"
18/11/2011,"29,99"
21/11/2011,"29,78"
22/11/2011,"29,00"
23/11/2011,"28,77"
24/11/2011,"28,04"
25/11/2011,"27,40"
28/11/2011,"27,27"
29/11/2011,"28,23"
30/11/2011,"27,91"
01/12/2011,"27,83"
02/12/2011,"27,45"
05/12/2011,"27,27"
06/12/2011,"27,61"
07/12/2011,"27,62"
08/12/2011,"27,26"
09/12/2011,"27,07"
12/12/2011,"27,04"
13/12/2011,"27,14"
14/12/2011,"27,66"
15/12/2011,"27,78"
16/12/2011,"28,04"
19/12/2011,"28,43"
20/12/2011,"28,52"
21/12/2011,"28,80"
22/12/2011,"29,12"
23/12/2011,"29,12"
26/12/2011,"28,87"
27/12/2011,"29,69"
28/12/2011,"29,69"
29/12/2011,"29,87"
02/01/2012,"29,87"
03/01/2012,"30,32"
04/01/2012,"30,64"
05/01/2012,"30,95"
06/01/2012,"30,93"
09/01/2012,"30,93"
10/01/2012,"31,15"
11/01/2012,"31,36"
12/01/2012,"31,49"
13/01/2012,"31,53"
16/01/2012,"31,43"
17/01/2012,"31,31"
18/01/2012,"31,19"
19/01/2012,"31,21"
20/01/2012,"31,39"
23/01/2012,"31,21"
24/01/2012,"31,37"
25/01/2012,"31,43"
26/01/2012,"31,21"
27/01/2012,"31,09"
30/01/2012,"31,16"
31/01/2012,"30,53"
01/02/2012,"29,67"
02/02/2012,"29,17"
03/02/2012,"28,74"
06/02/2012,"28,69"
07/02/2012,"28,39"
08/02/2012,"28,37"
09/02/2012,"28,01"
10/02/2012,"28,12"
13/02/2012,"28,19"
14/02/2012,"28,13"
15/02/2012,"27,93"
16/02/2012,"27,70"
17/02/2012,"28,05"
22/02/2012,"28,01"
23/02/2012,"28,09"
24/02/2012,"28,34"
27/02/2012,"28,50"
28/02/2012,"28,70"
29/02/2012,"28,76"
01/03/2012,"28,92"
02/03/2012,"29,04"
05/03/2012,"29,19"
06/03/2012,"29,36"
07/03/2012,"29,47"
08/03/2012,"29,55"
09/03/2012,"29,57"
12/03/2012,"29,56"
13/03/2012,"29,44"
14/03/2012,"29,49"
15/03/2012,"29,41"
16/03/2012,"29,55"
19/03/2012,"29,31"
20/03/2012,"29,19"
21/03/2012,"28,79"
22/03/2012,"28,69"
23/03/2012,"28,55"
26/03/2012,"28,49"
27/03/2012,"28,16"
28/03/2012,"27,17"
29/03/2012,"27,43"
30/03/2012,"27,16"
02/04/2012,"27,10"
03/04/2012,"26,96"
04/04/2012,"26,81"
05/04/2012,"27,03"
09/04/2012,"27,00"
10/04/2012,"26,74"
11/04/2012,"26,79"
12/04/2012,"26,36"
13/04/2012,"26,26"
16/04/2012,"25,76"
17/04/2012,"25,68"
18/04/2012,"25,34"
19/04/2012,"25,15"
20/04/2012,"25,07"
23/04/2012,"25,27"
24/04/2012,"24,91"
25/04/2012,"24,74"
26/04/2012,"24,47"
27/04/2012,"24,71"
30/04/2012,"24,39"
02/05/2012,"24,57"
03/05/2012,"24,52"
04/05/2012,"24,50"
07/05/2012,"24,68"
08/05/2012,"24,74"
09/05/2012,"24,73"
10/05/2012,"24,68"
11/05/2012,"24,89"
14/05/2012,"24,97"
15/05/2012,"25,12"
16/05/2012,"25,15"
17/05/2012,"25,12"
18/05/2012,"25,03"
21/05/2012,"25,08"
22/05/2012,"25,18"
23/05/2012,"25,26"
24/05/2012,"25,18"
25/05/2012,"25,11"
28/05/2012,"25,01"
29/05/2012,"25,01"
30/05/2012,"24,95"
31/05/2012,"24,62"
01/06/2012,"24,57"
04/06/2012,"24,46"
05/06/2012,"24,57"
06/06/2012,"24,69"
08/06/2012,"24,75"
11/06/2012,"24,40"
12/06/2012,"24,17"
13/06/2012,"24,17"
14/06/2012,"24,19"
15/06/2012,"23,84"
18/06/2012,"23,80"
19/06/2012,"23,71"
20/06/2012,"23,92"
21/06/2012,"23,92"
22/06/2012,"23,86"
25/06/2012,"23,87"
26/06/2012,"23,88"
27/06/2012,"23,80"
28/06/2012,"23,93"
29/06/2012,"24,07"
02/07/2012,"24,15"
03/07/2012,"24,34"
04/07/2012,"24,64"
05/07/2012,"24,52"
06/07/2012,"24,51"
10/07/2012,"25,59"
11/07/2012,"25,40"
12/07/2012,"27,33"
13/07/2012,"29,10"
16/07/2012,"28,75"
17/07/2012,"30,18"
18/07/2012,"29,80"
19/07/2012,"30,32"
20/07/2012,"31,18"
23/07/2012,"31,96"
24/07/2012,"32,70"
25/07/2012,"32,96"
26/07/2012,"32,84"
27/07/2012,"32,81"
30/07/2012,"32,87"
31/07/2012,"33,18"
01/08/2012,"33,44"
02/08/2012,"33,50"
03/08/2012,"33,58"
06/08/2012,"33,42"
07/08/2012,"33,49"
08/08/2012,"33,62"
09/08/2012,"33,44"
10/08/2012,"33,35"
13/08/2012,"33,61"
14/08/2012,"33,60"
15/08/2012,"33,19"
16/08/2012,"33,09"
17/08/2012,"33,10"
20/08/2012,"32,92"
21/08/2012,"32,97"
22/08/2012,"32,75"
23/08/2012,"33,03"
24/08/2012,"33,10"
27/08/2012,"33,18"
28/08/2012,"32,96"
29/08/2012,"33,13"
30/08/2012,"33,14"
31/08/2012,"33,03"
03/09/2012,"33,04"
04/09/2012,"32,92"
05/09/2012,"32,91"
06/09/2012,"32,96"
10/09/2012,"32,93"
11/09/2012,"33,36"
12/09/2012,"32,95"
13/09/2012,"32,57"
14/09/2012,"32,29"
17/09/2012,"32,34"
18/09/2012,"32,22"
19/09/2012,"32,10"
20/09/2012,"32,06"
21/09/2012,"31,81"
24/09/2012,"31,63"
25/09/2012,"31,31"
26/09/2012,"31,10"
27/09/2012,"30,95"
28/09/2012,"30,90"
01/10/2012,"31,03"
02/10/2012,"30,80"
03/10/2012,"30,54"
04/10/2012,"30,82"
05/10/2012,"30,78"
08/10/2012,"30,71"
09/10/2012,"30,70"
10/10/2012,"31,01"
11/10/2012,"31,06"
15/10/2012,"31,22"
16/10/2012,"30,83"
17/10/2012,"31,10"
18/10/2012,"31,26"
19/10/2012,"31,22"
22/10/2012,"31,32"
23/10/2012,"31,55"
24/10/2012,"31,92"
25/10/2012,"32,12"
26/10/2012,"32,31"
29/10/2012,"32,32"
30/10/2012,"32,55"
31/10/2012,"32,59"
01/11/2012,"33,05"
05/11/2012,"33,08"
06/11/2012,"33,32"
07/11/2012,"33,39"
08/11/2012,"33,53"
09/11/2012,"33,58"
12/11/2012,"33,61"
13/11/2012,"33,89"
14/11/2012,"34,05"
16/11/2012,"33,97"
19/11/2012,"34,10"
20/11/2012,"34,09"
21/11/2012,"34,17"
22/11/2012,"34,21"
23/11/2012,"34,26"
26/11/2012,"34,42"
27/11/2012,"34,55"
28/11/2012,"35,42"
29/11/2012,"35,43"
30/11/2012,"35,67"
03/12/2012,"35,87"
04/12/2012,"35,90"
05/12/2012,"35,53"
06/12/2012,"35,51"
07/12/2012,"35,24"
10/12/2012,"35,20"
11/12/2012,"35,15"
12/12/2012,"34,76"
13/12/2012,"34,73"
14/12/2012,"34,74"
17/12/2012,"34,81"
18/12/2012,"34,84"
19/12/2012,"34,78"
20/12/2012,"34,59"
21/12/2012,"34,50"
26/12/2012,"34,43"
27/12/2012,"34,42"
28/12/2012,"34,30"
02/01/2013,"34,12"
03/01/2013,"33,88"
04/01/2013,"33,70"
07/01/2013,"33,54"
08/01/2013,"33,38"
09/01/2013,"33,16"
10/01/2013,"32,94"
11/01/2013,"32,68"
14/01/2013,"32,68"
15/01/2013,"32,45"
16/01/2013,"32,42"
17/01/2013,"32,58"
18/01/2013,"32,60"
21/01/2013,"32,37"
22/01/2013,"32,86"
23/01/2013,"32,73"
24/01/2013,"32,50"
25/01/2013,"32,19"
28/01/2013,"32,03"
29/01/2013,"31,97"
30/01/2013,"31,90"
31/01/2013,"31,91"
01/02/2013,"31,91"
04/02/2013,"31,84"
05/02/2013,"32,10"
06/02/2013,"32,27"
07/02/2013,"32,53"
08/02/2013,"32,61"
13/02/2013,"32,87"
14/02/2013,"32,80"
15/02/2013,"32,34"
18/02/2013,"32,30"
19/02/2013,"32,13"
20/02/2013,"32,01"
21/02/2013,"32,25"
22/02/2013,"32,34"
25/02/2013,"32,45"
26/02/2013,"32,51"
27/02/2013,"32,53"
28/02/2013,"32,38"
01/03/2013,"32,23"
04/03/2013,"32,35"
05/03/2013,"32,19"
06/03/2013,"32,07"
07/03/2013,"31,85"
08/03/2013,"31,69"
11/03/2013,"31,67"
12/03/2013,"31,21"
13/03/2013,"31,13"
14/03/2013,"30,69"
15/03/2013,"30,69"
18/03/2013,"30,37"
19/03/2013,"30,16"
20/03/2013,"29,89"
21/03/2013,"29,74"
22/03/2013,"29,50"
25/03/2013,"29,46"
26/03/2013,"29,26"
27/03/2013,"29,07"
28/03/2013,"29,07"
01/04/2013,"28,46"
02/04/2013,"28,22"
03/04/2013,"28,07"
04/04/2013,"27,60"
05/04/2013,"27,59"
08/04/2013,"27,78"
09/04/2013,"27,28"
10/04/2013,"27,01"
11/04/2013,"26,80"
12/04/2013,"26,71"
15/04/2013,"26,48"
16/04/2013,"26,15"
17/04/2013,"25,80"
18/04/2013,"25,67"
19/04/2013,"25,73"
22/04/2013,"25,51"
23/04/2013,"25,11"
24/04/2013,"25,22"
25/04/2013,"25,14"
26/04/2013,"24,91"
29/04/2013,"24,79"
30/04/2013,"24,91"
02/05/2013,"25,10"
03/05/2013,"25,28"
06/05/2013,"25,28"
07/05/2013,"25,49"
08/05/2013,"25,50"
09/05/2013,"25,52"
10/05/2013,"25,65"
13/05/2013,"25,72"
14/05/2013,"25,86"
15/05/2013,"26,14"
16/05/2013,"26,16"
17/05/2013,"26,33"
20/05/2013,"26,29"
21/05/2013,"26,50"
22/05/2013,"26,20"
23/05/2013,"26,45"
24/05/2013,"26,53"
27/05/2013,"26,44"
28/05/2013,"26,50"
29/05/2013,"26,74"
31/05/2013,"26,65"
03/06/2013,"27,19"
04/06/2013,"27,31"
05/06/2013,"27,40"
06/06/2013,"27,24"
07/06/2013,"27,26"
10/06/2013,"27,01"
11/06/2013,"26,51"
12/06/2013,"26,43"
13/06/2013,"26,33"
14/06/2013,"26,31"
17/06/2013,"26,15"
18/06/2013,"26,00"
19/06/2013,"25,82"
20/06/2013,"25,73"
21/06/2013,"25,82"
24/06/2013,"25,93"
25/06/2013,"26,23"
26/06/2013,"26,09"
27/06/2013,"26,16"
28/06/2013,"26,16"
01/07/2013,"26,15"
02/07/2013,"26,16"
03/07/2013,"26,07"
04/07/2013,"25,84"
05/07/2013,"25,74"
08/07/2013,"25,72"
10/07/2013,"25,23"
11/07/2013,"25,24"
12/07/2013,"25,17"
15/07/2013,"24,74"
16/07/2013,"24,64"
17/07/2013,"24,75"
18/07/2013,"24,72"
19/07/2013,"24,67"
22/07/2013,"24,52"
23/07/2013,"24,32"
24/07/2013,"24,30"
25/07/2013,"24,58"
26/07/2013,"24,53"
29/07/2013,"24,36"
30/07/2013,"24,22"
31/07/2013,"24,22"
01/08/2013,"23,87"
02/08/2013,"23,75"
05/08/2013,"23,76"
06/08/2013,"23,58"
07/08/2013,"23,46"
08/08/2013,"23,36"
09/08/2013,"23,28"
12/08/2013,"23,14"
13/08/2013,"23,22"
14/08/2013,"23,18"
15/08/2013,"23,05"
16/08/2013,"23,16"
19/08/2013,"23,62"
20/08/2013,"24,11"
21/08/2013,"24,35"
22/08/2013,"24,88"
23/08/2013,"24,77"
26/08/2013,"24,96"
27/08/2013,"25,12"
28/08/2013,"25,47"
29/08/2013,"25,32"
30/08/2013,"25,38"
02/09/2013,"25,52"
03/09/2013,"25,69"
04/09/2013,"25,75"
05/09/2013,"25,77"
06/09/2013,"25,85"
09/09/2013,"25,68"
10/09/2013,"25,50"
11/09/2013,"25,28"
12/09/2013,"25,27"
13/09/2013,"25,34"
16/09/2013,"25,22"
17/09/2013,"24,74"
18/09/2013,"24,85"
19/09/2013,"24,90"
20/09/2013,"24,82"
23/09/2013,"24,64"
24/09/2013,"24,29"
25/09/2013,"24,33"
26/09/2013,"24,34"
27/09/2013,"24,42"
30/09/2013,"24,31"
01/10/2013,"23,90"
02/10/2013,"23,81"
03/10/2013,"23,74"
04/10/2013,"23,66"
07/10/2013,"23,68"
08/10/2013,"23,63"
09/10/2013,"23,51"
10/10/2013,"23,36"
11/10/2013,"23,56"
14/10/2013,"23,52"
15/10/2013,"23,67"
16/10/2013,"23,66"
17/10/2013,"23,89"
18/10/2013,"23,91"
21/10/2013,"24,22"
22/10/2013,"24,34"
23/10/2013,"24,80"
24/10/2013,"25,11"
25/10/2013,"24,95"
28/10/2013,"25,09"
29/10/2013,"24,94"
30/10/2013,"25,14"
31/10/2013,"24,77"
01/11/2013,"24,77"
04/11/2013,"24,78"
05/11/2013,"24,98"
06/11/2013,"24,99"
07/11/2013,"24,98"
08/11/2013,"24,97"
11/11/2013,"24,97"
12/11/2013,"25,30"
13/11/2013,"25,78"
14/11/2013,"25,79"
18/11/2013,"25,75"
19/11/2013,"25,77"
20/11/2013,"25,72"
21/11/2013,"25,99"
22/11/2013,"25,97"
25/11/2013,"25,62"
26/11/2013,"26,25"
27/11/2013,"26,49"
28/11/2013,"26,53"
29/11/2013,"26,45"
02/12/2013,"26,28"
03/12/2013,"26,44"
04/12/2013,"26,34"
05/12/2013,"26,30"
06/12/2013,"26,37"
09/12/2013,"26,56"
10/12/2013,"26,36"
11/12/2013,"26,32"
12/12/2013,"26,29"
13/12/2013,"26,26"
16/12/2013,"26,25"
17/12/2013,"26,36"
18/12/2013,"26,42"
19/12/2013,"26,55"
20/12/2013,"26,68"
23/12/2013,"26,69"
26/12/2013,"26,74"
27/12/2013,"26,79"
30/12/2013,"26,54"
02/01/2014,"26,64"
03/01/2014,"27,00"
06/01/2014,"27,29"
07/01/2014,"27,49"
08/01/2014,"27,16"
09/01/2014,"27,17"
10/01/2014,"27,17"
13/01/2014,"27,32"
14/01/2014,"27,35"
15/01/2014,"27,30"
16/01/2014,"27,07"
17/01/2014,"27,02"
20/01/2014,"26,81"
21/01/2014,"26,65"
22/01/2014,"26,59"
23/01/2014,"26,47"
24/01/2014,"26,04"
27/01/2014,"26,16"
28/01/2014,"26,24"
29/01/2014,"26,22"
30/01/2014,"26,46"
31/01/2014,"26,65"
03/02/2014,"26,91"
04/02/2014,"27,41"
05/02/2014,"28,06"
06/02/2014,"28,52"
07/02/2014,"28,31"
10/02/2014,"28,37"
11/02/2014,"28,93"
12/02/2014,"29,51"
13/02/2014,"29,70"
14/02/2014,"30,11"
17/02/2014,"30,13"
18/02/2014,"30,96"
19/02/2014,"31,76"
20/02/2014,"32,51"
21/02/2014,"33,13"
24/02/2014,"33,15"
25/02/2014,"33,62"
26/02/2014,"33,74"
27/02/2014,"33,68"
28/02/2014,"33,95"
05/03/2014,"33,85"
06/03/2014,"33,82"
07/03/2014,"34,03"
10/03/2014,"34,16"
11/03/2014,"34,11"
12/03/2014,"33,85"
13/03/2014,"33,64"
14/03/2014,"33,51"
17/03/2014,"33,37"
18/03/2014,"32,97"
19/03/2014,"32,78"
20/03/2014,"32,20"
21/03/2014,"31,90"
24/03/2014,"31,97"
25/03/2014,"31,88"
26/03/2014,"31,55"
27/03/2014,"31,67"
28/03/2014,"31,44"
31/03/2014,"31,34"
01/04/2014,"31,32"
02/04/2014,"31,26"
03/04/2014,"31,29"
04/04/2014,"31,33"
07/04/2014,"31,24"
08/04/2014,"31,28"
09/04/2014,"31,44"
10/04/2014,"31,28"
11/04/2014,"31,32"
14/04/2014,"31,26"
15/04/2014,"31,53"
16/04/2014,"31,32"
17/04/2014,"31,18"
22/04/2014,"31,56"
23/04/2014,"31,33"
24/04/2014,"31,01"
25/04/2014,"30,95"
28/04/2014,"30,73"
29/04/2014,"30,48"
30/04/2014,"30,49"
02/05/2014,"30,40"
05/05/2014,"30,39"
06/05/2014,"30,34"
07/05/2014,"29,62"
08/05/2014,"29,54"
09/05/2014,"29,41"
12/05/2014,"29,48"
13/05/2014,"28,85"
14/05/2014,"28,96"
15/05/2014,"28,75"
16/05/2014,"28,35"
19/05/2014,"28,43"
20/05/2014,"28,02"
21/05/2014,"28,01"
22/05/2014,"27,95"
23/05/2014,"28,00"
26/05/2014,"27,88"
27/05/2014,"27,88"
28/05/2014,"28,03"
29/05/2014,"27,74"
30/05/2014,"27,71"
02/06/2014,"27,78"
03/06/2014,"27,71"
04/06/2014,"27,33"
05/06/2014,"27,28"
06/06/2014,"27,11"
09/06/2014,"27,03"
10/06/2014,"26,87"
11/06/2014,"26,67"
12/06/2014,"26,66"
13/06/2014,"26,42"
16/06/2014,"26,24"
17/06/2014,"26,23"
18/06/2014,"25,93"
20/06/2014,"25,90"
23/06/2014,"25,91"
24/06/2014,"25,52"
25/06/2014,"25,48"
26/06/2014,"25,18"
27/06/2014,"25,16"
30/06/2014,"25,16"
01/07/2014,"24,46"
02/07/2014,"24,89"
03/07/2014,"24,66"
04/07/2014,"24,73"
07/07/2014,"24,39"
08/07/2014,"24,48"
10/07/2014,"24,35"
11/07/2014,"24,28"
14/07/2014,"23,98"
15/07/2014,"23,91"
16/07/2014,"23,84"
17/07/2014,"23,55"
18/07/2014,"23,43"
21/07/2014,"23,10"
22/07/2014,"22,99"
23/07/2014,"22,88"
24/07/2014,"22,91"
25/07/2014,"22,71"
28/07/2014,"22,77"
29/07/2014,"22,69"
30/07/2014,"22,73"
31/07/2014,"22,73"
01/08/2014,"22,93"
04/08/2014,"22,88"
05/08/2014,"22,72"
06/08/2014,"23,20"
07/08/2014,"23,41"
08/08/2014,"23,22"
11/08/2014,"23,21"
12/08/2014,"23,21"
13/08/2014,"23,10"
14/08/2014,"22,97"
15/08/2014,"22,91"
18/08/2014,"22,85"
19/08/2014,"22,80"
20/08/2014,"22,79"
21/08/2014,"22,66"
22/08/2014,"22,64"
25/08/2014,"22,73"
26/08/2014,"22,82"
27/08/2014,"22,79"
28/08/2014,"22,65"
29/08/2014,"22,59"
01/09/2014,"22,51"
02/09/2014,"22,31"
03/09/2014,"22,22"
04/09/2014,"21,93"
05/09/2014,"21,93"
08/09/2014,"21,87"
09/09/2014,"21,76"
10/09/2014,"21,80"
11/09/2014,"21,98"
12/09/2014,"21,84"
15/09/2014,"21,99"
16/09/2014,"21,89"
17/09/2014,"22,03"
18/09/2014,"21,99"
19/09/2014,"21,94"
22/09/2014,"21,95"
23/09/2014,"22,10"
24/09/2014,"22,09"
25/09/2014,"22,11"
26/09/2014,"22,11"
29/09/2014,"22,16"
30/09/2014,"22,02"
01/10/2014,"21,78"
02/10/2014,"21,91"
03/10/2014,"21,98"
06/10/2014,"21,94"
07/10/2014,"21,79"
08/10/2014,"22,04"
09/10/2014,"22,07"
10/10/2014,"22,00"
13/10/2014,"22,39"
14/10/2014,"22,87"
15/10/2014,"22,78"
16/10/2014,"22,82"
17/10/2014,"23,74"
20/10/2014,"23,83"
21/10/2014,"24,57"
22/10/2014,"24,66"
23/10/2014,"24,96"
24/10/2014,"25,10"
27/10/2014,"25,37"
28/10/2014,"25,99"
29/10/2014,"26,17"
30/10/2014,"26,35"
31/10/2014,"26,21"
03/11/2014,"26,53"
04/11/2014,"26,44"
05/11/2014,"26,77"
06/11/2014,"26,58"
07/11/2014,"26,81"
10/11/2014,"26,93"
11/11/2014,"27,29"
12/11/2014,"27,77"
13/11/2014,"27,55"
14/11/2014,"27,84"
17/11/2014,"27,92"
18/11/2014,"28,58"
19/11/2014,"28,75"
20/11/2014,"28,40"
21/11/2014,"28,36"
24/11/2014,"28,69"
25/11/2014,"28,43"
26/11/2014,"28,07"
27/11/2014,"27,93"
28/11/2014,"27,52"
01/12/2014,"27,10"
02/12/2014,"26,76"
03/12/2014,"26,78"
04/12/2014,"26,71"
05/12/2014,"26,61"
08/12/2014,"26,69"
09/12/2014,"26,74"
10/12/2014,"26,95"
11/12/2014,"27,24"
12/12/2014,"27,44"
15/12/2014,"27,93"
16/12/2014,"28,11"
17/12/2014,"28,09"
18/12/2014,"28,40"
19/12/2014,"28,49"
22/12/2014,"28,54"
23/12/2014,"28,67"
26/12/2014,"28,66"
29/12/2014,"28,72"
30/12/2014,"28,75"
02/01/2015,"28,72"
05/01/2015,"28,55"
06/01/2015,"28,20"
07/01/2015,"28,10"
08/01/2015,"28,04"
09/01/2015,"27,95"
12/01/2015,"27,62"
13/01/2015,"27,60"
14/01/2015,"27,46"
15/01/2015,"27,48"
16/01/2015,"27,25"
19/01/2015,"27,23"
20/01/2015,"27,29"
21/01/2015,"27,10"
22/01/2015,"26,87"
23/01/2015,"26,79"
26/01/2015,"26,77"
27/01/2015,"26,62"
28/01/2015,"26,56"
29/01/2015,"26,62"
30/01/2015,"26,78"
02/02/2015,"26,85"
03/02/2015,"26,94"
04/02/2015,"27,13"
05/02/2015,"27,60"
06/02/2015,"27,65"
09/02/2015,"27,64"
10/02/2015,"27,62"
11/02/2015,"27,63"
12/02/2015,"27,72"
13/02/2015,"27,97"
18/02/2015,"28,04"
19/02/2015,"28,18"
20/02/2015,"28,35"
23/02/2015,"28,77"
24/02/2015,"28,84"
25/02/2015,"28,94"
26/02/2015,"29,03"
27/02/2015,"28,96"
02/03/2015,"29,31"
03/03/2015,"29,34"
04/03/2015,"29,46"
05/03/2015,"29,44"
06/03/2015,"29,42"
09/03/2015,"29,49"
10/03/2015,"29,64"
11/03/2015,"29,67"
12/03/2015,"29,70"
13/03/2015,"29,65"
16/03/2015,"29,61"
17/03/2015,"29,56"
18/03/2015,"29,53"
19/03/2015,"29,77"
20/03/2015,"29,67"
23/03/2015,"29,44"
24/03/2015,"29,12"
25/03/2015,"29,05"
26/03/2015,"29,09"
27/03/2015,"29,10"
30/03/2015,"29,13"
31/03/2015,"29,38"
01/04/2015,"29,30"
02/04/2015,"29,28"
06/04/2015,"28,95"
07/04/2015,"28,69"
08/04/2015,"28,54"
09/04/2015,"28,47"
10/04/2015,"28,35"
13/04/2015,"28,17"
14/04/2015,"27,73"
15/04/2015,"27,46"
16/04/2015,"27,40"
17/04/2015,"27,08"
20/04/2015,"27,08"
22/04/2015,"26,99"
23/04/2015,"26,93"
24/04/2015,"26,73"
27/04/2015,"26,56"
28/04/2015,"26,36"
29/04/2015,"26,20"
30/04/2015,"25,98"
04/05/2015,"25,91"
05/05/2015,"25,82"
06/05/2015,"25,79"
07/05/2015,"25,64"
08/05/2015,"25,63"
11/05/2015,"25,62"
12/05/2015,"25,62"
13/05/2015,"25,42"
14/05/2015,"25,39"
15/05/2015,"25,28"
18/05/2015,"25,26"
19/05/2015,"24,99"
20/05/2015,"24,97"
21/05/2015,"25,13"
22/05/2015,"25,11"
25/05/2015,"25,07"
26/05/2015,"25,28"
27/05/2015,"24,96"
28/05/2015,"24,94"
29/05/2015,"24,91"
01/06/2015,"25,00"
02/06/2015,"24,79"
03/06/2015,"24,82"
05/06/2015,"24,85"
08/06/2015,"24,85"
09/06/2015,"24,65"
10/06/2015,"24,81"
11/06/2015,"24,89"
12/06/2015,"24,79"
15/06/2015,"24,91"
16/06/2015,"25,16"
17/06/2015,"25,19"
18/06/2015,"25,09"
19/06/2015,"25,00"
22/06/2015,"25,03"
23/06/2015,"25,16"
24/06/2015,"25,10"
25/06/2015,"25,26"
26/06/2015,"25,51"
29/06/2015,"25,29"
30/06/2015,"25,48"
01/07/2015,"25,46"
02/07/2015,"25,42"
03/07/2015,"25,51"
06/07/2015,"25,35"
07/07/2015,"25,54"
08/07/2015,"25,76"
09/07/2015,"25,84"
10/07/2015,"26,04"
13/07/2015,"25,61"
14/07/2015,"26,51"
15/07/2015,"26,57"
16/07/2015,"26,35"
17/07/2015,"26,53"
20/07/2015,"26,46"
21/07/2015,"26,78"
22/07/2015,"26,26"
23/07/2015,"26,16"
24/07/2015,"26,23"
27/07/2015,"25,92"
28/07/2015,"25,80"
29/07/2015,"25,95"
30/07/2015,"25,87"
31/07/2015,"25,93"
03/08/2015,"26,16"
04/08/2015,"26,48"
05/08/2015,"26,58"
06/08/2015,"27,08"
07/08/2015,"27,60"
10/08/2015,"27,56"
11/08/2015,"27,86"
12/08/2015,"27,58"
13/08/2015,"27,63"
14/08/2015,"27,38"
17/08/2015,"27,39"
18/08/2015,"27,09"
19/08/2015,"27,34"
20/08/2015,"27,50"
21/08/2015,"27,38"
24/08/2015,"27,60"
25/08/2015,"27,69"
26/08/2015,"27,65"
27/08/2015,"27,85"
28/08/2015,"27,91"
31/08/2015,"28,16"
01/09/2015,"28,69"
02/09/2015,"29,05"
03/09/2015,"29,20"
04/09/2015,"29,55"
08/09/2015,"29,61"
09/09/2015,"29,61"
10/09/2015,"29,95"
11/09/2015,"30,26"
14/09/2015,"30,61"
15/09/2015,"30,99"
16/09/2015,"31,36"
17/09/2015,"31,42"
18/09/2015,"31,40"
21/09/2015,"31,38"
22/09/2015,"31,73"
23/09/2015,"31,98"
24/09/2015,"32,62"
25/09/2015,"32,51"
28/09/2015,"32,96"
29/09/2015,"33,19"
30/09/2015,"33,69"
01/10/2015,"33,52"
02/10/2015,"33,36"
05/10/2015,"33,43"
06/10/2015,"33,21"
07/10/2015,"33,02"
08/10/2015,"32,76"
09/10/2015,"32,36"
13/10/2015,"32,32"
14/10/2015,"32,31"
15/10/2015,"32,17"
16/10/2015,"32,08"
19/10/2015,"32,13"
20/10/2015,"32,20"
21/10/2015,"32,53"
22/10/2015,"32,76"
23/10/2015,"32,86"
26/10/2015,"32,84"
27/10/2015,"33,04"
28/10/2015,"33,03"
29/10/2015,"33,45"
30/10/2015,"33,97"
03/11/2015,"33,69"
04/11/2015,"33,68"
05/11/2015,"33,59"
06/11/2015,"33,77"
09/11/2015,"33,83"
10/11/2015,"33,98"
11/11/2015,"33,83"
12/11/2015,"33,99"
13/11/2015,"33,82"
16/11/2015,"33,67"
17/11/2015,"33,30"
18/11/2015,"33,28"
19/11/2015,"33,35"
20/11/2015,"33,52"
23/11/2015,"33,45"
24/11/2015,"33,58"
25/11/2015,"33,38"
26/11/2015,"33,14"
27/11/2015,"33,24"
30/11/2015,"33,25"
01/12/2015,"33,82"
02/12/2015,"33,82"
03/12/2015,"34,16"
04/12/2015,"34,09"
07/12/2015,"33,92"
08/12/2015,"34,92"
09/12/2015,"34,78"
10/12/2015,"35,11"
11/12/2015,"35,44"
14/12/2015,"35,60"
15/12/2015,"35,54"
16/12/2015,"35,66"
17/12/2015,"35,67"
18/12/2015,"35,76"
21/12/2015,"36,15"
22/12/2015,"36,23"
23/12/2015,"36,26"
28/12/2015,"36,29"
29/12/2015,"36,55"
30/12/2015,"36,83"
04/01/2016,"37,31"
05/01/2016,"37,41"
06/01/2016,"38,40"
07/01/2016,"38,78"
08/01/2016,"39,51"
11/01/2016,"40,37"
12/01/2016,"41,74"
13/01/2016,"42,60"
14/01/2016,"43,44"
15/01/2016,"43,36"
18/01/2016,"43,28"
19/01/2016,"43,21"
20/01/2016,"43,31"
21/01/2016,"43,46"
22/01/2016,"43,27"
25/01/2016,"42,84"
26/01/2016,"42,92"
27/01/2016,"42,85"
28/01/2016,"42,71"
29/01/2016,"42,27"
01/02/2016,"42,54"
02/02/2016,"42,35"
03/02/2016,"42,64"
04/02/2016,"42,49"
05/02/2016,"42,33"
10/02/2016,"42,68"
11/02/2016,"42,84"
12/02/2016,"42,93"
15/02/2016,"42,95"
16/02/2016,"42,97"
17/02/2016,"42,86"
18/02/2016,"42,96"
19/02/2016,"43,26"
22/02/2016,"43,05"
23/02/2016,"43,20"
24/02/2016,"43,53"
25/02/2016,"43,72"
26/02/2016,"43,73"
29/02/2016,"43,63"
01/03/2016,"44,19"
02/03/2016,"44,69"
03/03/2016,"45,01"
04/03/2016,"44,91"
07/03/2016,"45,20"
08/03/2016,"45,88"
09/03/2016,"46,35"
10/03/2016,"47,71"
11/03/2016,"47,49"
14/03/2016,"47,85"
15/03/2016,"48,50"
16/03/2016,"48,77"
17/03/2016,"48,70"
18/03/2016,"48,95"
21/03/2016,"49,10"
22/03/2016,"49,80"
23/03/2016,"49,75"
24/03/2016,"49,46"
28/03/2016,"49,85"
29/03/2016,"49,85"
30/03/2016,"49,60"
31/03/2016,"49,68"
01/04/2016,"49,91"
04/04/2016,"49,53"
05/04/2016,"49,34"
06/04/2016,"49,35"
07/04/2016,"49,33"
08/04/2016,"49,40"
11/04/2016,"48,95"
12/04/2016,"48,98"
13/04/2016,"48,97"
14/04/2016,"48,63"
15/04/2016,"48,27"
18/04/2016,"48,50"
19/04/2016,"48,72"
20/04/2016,"48,61"
22/04/2016,"48,80"
25/04/2016,"48,37"
26/04/2016,"48,82"
27/04/2016,"48,54"
28/04/2016,"48,70"
29/04/2016,"48,65"
02/05/2016,"49,20"
03/05/2016,"49,39"
04/05/2016,"49,45"
05/05/2016,"49,68"
06/05/2016,"50,01"
09/05/2016,"49,97"
10/05/2016,"50,04"
11/05/2016,"50,43"
12/05/2016,"51,03"
13/05/2016,"51,70"
16/05/2016,"51,55"
17/05/2016,"51,81"
18/05/2016,"52,82"
19/05/2016,"52,79"
20/05/2016,"52,91"
23/05/2016,"52,81"
24/05/2016,"53,02"
25/05/2016,"53,07"
27/05/2016,"52,97"
30/05/2016,"53,26"
31/05/2016,"53,15"
01/06/2016,"53,21"
02/06/2016,"53,91"
03/06/2016,"53,81"
06/06/2016,"53,21"
07/06/2016,"53,26"
08/06/2016,"53,38"
09/06/2016,"53,56"
10/06/2016,"53,37"
13/06/2016,"53,29"
14/06/2016,"52,80"
15/06/2016,"52,04"
16/06/2016,"51,95"
17/06/2016,"50,62"
20/06/2016,"48,40"
21/06/2016,"46,05"
22/06/2016,"44,47"
23/06/2016,"43,20"
24/06/2016,"42,64"
27/06/2016,"42,64"
28/06/2016,"42,20"
29/06/2016,"41,36"
30/06/2016,"41,28"
01/07/2016,"41,12"
04/07/2016,"41,56"
05/07/2016,"41,32"
06/07/2016,"41,12"
07/07/2016,"41,86"
08/07/2016,"41,65"
11/07/2016,"41,23"
12/07/2016,"41,72"
13/07/2016,"42,48"
14/07/2016,"43,21"
15/07/2016,"43,86"
18/07/2016,"44,97"
19/07/2016,"45,91"
20/07/2016,"46,73"
21/07/2016,"47,30"
22/07/2016,"47,39"
25/07/2016,"47,48"
26/07/2016,"48,05"
27/07/2016,"47,89"
28/07/2016,"47,84"
29/07/2016,"48,21"
01/08/2016,"48,55"
02/08/2016,"48,09"
03/08/2016,"47,36"
04/08/2016,"47,44"
05/08/2016,"47,08"
08/08/2016,"46,89"
09/08/2016,"46,56"
10/08/2016,"46,37"
11/08/2016,"45,90"
12/08/2016,"45,78"
15/08/2016,"45,43"
16/08/2016,"44,83"
17/08/2016,"44,98"
18/08/2016,"44,60"
19/08/2016,"44,63"
22/08/2016,"44,44"
23/08/2016,"44,58"
24/08/2016,"44,37"
25/08/2016,"44,38"
26/08/2016,"43,71"
29/08/2016,"43,32"
30/08/2016,"42,86"
31/08/2016,"42,71"
01/09/2016,"42,40"
02/09/2016,"42,96"
05/09/2016,"42,94"
06/09/2016,"42,76"
08/09/2016,"41,92"
09/09/2016,"42,14"
12/09/2016,"41,97"
13/09/2016,"42,15"
14/09/2016,"42,25"
15/09/2016,"42,55"
16/09/2016,"42,78"
19/09/2016,"42,31"
20/09/2016,"42,06"
21/09/2016,"41,97"
22/09/2016,"41,29"
23/09/2016,"40,96"
26/09/2016,"40,47"
27/09/2016,"40,77"
28/09/2016,"40,88"
29/09/2016,"41,10"
30/09/2016,"41,53"
03/10/2016,"41,89"
04/10/2016,"42,70"
05/10/2016,"43,24"
06/10/2016,"43,75"
07/10/2016,"43,64"
10/10/2016,"43,78"
11/10/2016,"43,71"
13/10/2016,"43,74"
14/10/2016,"43,48"
17/10/2016,"43,03"
18/10/2016,"42,57"
19/10/2016,"42,14"
20/10/2016,"41,73"
21/10/2016,"41,10"
24/10/2016,"40,40"
25/10/2016,"40,09"
26/10/2016,"39,98"
27/10/2016,"40,16"
28/10/2016,"40,32"
31/10/2016,"40,86"
01/11/2016,"40,83"
03/11/2016,"40,84"
04/11/2016,"40,61"
07/11/2016,"40,39"
08/11/2016,"39,86"
09/11/2016,"39,51"
10/11/2016,"39,12"
11/11/2016,"39,33"
14/11/2016,"39,53"
16/11/2016,"40,15"
17/11/2016,"39,72"
18/11/2016,"39,03"
21/11/2016,"37,93"
22/11/2016,"37,59"
23/11/2016,"37,46"
24/11/2016,"37,06"
25/11/2016,"36,64"
28/11/2016,"36,85"
29/11/2016,"36,43"
30/11/2016,"36,49"
01/12/2016,"36,54"
02/12/2016,"36,53"
05/12/2016,"36,79"
06/12/2016,"37,30"
07/12/2016,"37,48"
08/12/2016,"38,20"
09/12/2016,"37,91"
12/12/2016,"38,36"
13/12/2016,"39,05"
14/12/2016,"38,80"
15/12/2016,"38,63"
16/12/2016,"38,87"
19/12/2016,"39,36"
20/12/2016,"39,34"
21/12/2016,"38,84"
22/12/2016,"39,07"
23/12/2016,"38,80"
26/12/2016,"38,82"
27/12/2016,"38,80"
28/12/2016,"38,51"
29/12/2016,"38,17"
02/01/2017,"38,51"
03/01/2017,"37,94"
04/01/2017,"37,25"
05/01/2017,"36,90"
06/01/2017,"36,30"
09/01/2017,"35,75"
10/01/2017,"34,77"
11/01/2017,"34,40"
12/01/2017,"34,39"
13/01/2017,"34,17"
16/01/2017,"34,23"
17/01/2017,"34,52"
18/01/2017,"35,11"
19/01/2017,"35,05"
20/01/2017,"35,59"
23/01/2017,"36,33"
24/01/2017,"36,39"
25/01/2017,"36,50"
26/01/2017,"36,61"
27/01/2017,"36,66"
30/01/2017,"36,55"
31/01/2017,"36,40"
01/02/2017,"36,06"
02/02/2017,"35,94"
03/02/2017,"36,41"
06/02/2017,"36,34"
07/02/2017,"36,02"
08/02/2017,"36,37"
09/02/2017,"36,42"
10/02/2017,"36,57"
13/02/2017,"36,54"
14/02/2017,"36,36"
15/02/2017,"36,04"
16/02/2017,"36,13"
17/02/2017,"36,06"
20/02/2017,"35,91"
21/02/2017,"36,02"
22/02/2017,"36,39"
23/02/2017,"36,10"
24/02/2017,"36,10"
01/03/2017,"35,96"
02/03/2017,"36,11"
03/03/2017,"36,25"
06/03/2017,"35,95"
07/03/2017,"35,89"
08/03/2017,"35,48"
09/03/2017,"35,53"
10/03/2017,"35,44"
13/03/2017,"34,85"
14/03/2017,"35,33"
15/03/2017,"35,11"
16/03/2017,"35,01"
17/03/2017,"34,64"
20/03/2017,"34,32"
21/03/2017,"33,19"
22/03/2017,"32,80"
23/03/2017,"31,74"
24/03/2017,"31,63"
27/03/2017,"30,46"
28/03/2017,"30,42"
29/03/2017,"30,16"
30/03/2017,"30,27"
31/03/2017,"30,12"
03/04/2017,"29,39"
04/04/2017,"28,86"
05/04/2017,"28,44"
06/04/2017,"28,23"
07/04/2017,"28,14"
10/04/2017,"27,92"
11/04/2017,"27,51"
12/04/2017,"27,53"
13/04/2017,"27,80"
17/04/2017,"27,86"
18/04/2017,"28,56"
19/04/2017,"28,46"
20/04/2017,"28,60"
24/04/2017,"28,96"
25/04/2017,"28,52"
26/04/2017,"28,56"
27/04/2017,"28,23"
28/04/2017,"28,17"
02/05/2017,"27,91"
03/05/2017,"28,24"
04/05/2017,"28,51"
05/05/2017,"28,25"
08/05/2017,"28,22"
09/05/2017,"28,03"
10/05/2017,"28,15"
11/05/2017,"27,99"
12/05/2017,"28,09"
15/05/2017,"28,13"
16/05/2017,"27,88"
17/05/2017,"27,67"
18/05/2017,"27,80"
19/05/2017,"28,07"
22/05/2017,"27,88"
23/05/2017,"27,85"
24/05/2017,"27,60"
25/05/2017,"27,11"
26/05/2017,"27,23"
29/05/2017,"26,90"
30/05/2017,"26,82"
31/05/2017,"26,49"
01/06/2017,"26,52"
02/06/2017,"26,48"
05/06/2017,"26,61"
06/06/2017,"26,84"
07/06/2017,"26,79"
08/06/2017,"27,19"
09/06/2017,"27,35"
12/06/2017,"27,12"
13/06/2017,"27,25"
14/06/2017,"27,09"
16/06/2017,"27,11"
19/06/2017,"27,21"
20/06/2017,"27,24"
21/06/2017,"27,03"
22/06/2017,"26,84"
23/06/2017,"26,82"
26/06/2017,"26,39"
27/06/2017,"26,36"
28/06/2017,"26,23"
29/06/2017,"25,89"
30/06/2017,"25,49"
03/07/2017,"26,10"
04/07/2017,"26,25"
05/07/2017,"26,71"
06/07/2017,"26,66"
07/07/2017,"26,80"
10/07/2017,"26,86"
11/07/2017,"27,22"
12/07/2017,"27,05"
13/07/2017,"26,64"
14/07/2017,"26,26"
17/07/2017,"26,38"
18/07/2017,"26,66"
19/07/2017,"26,77"
20/07/2017,"26,63"
21/07/2017,"26,41"
24/07/2017,"25,92"
25/07/2017,"25,77"
26/07/2017,"25,49"
27/07/2017,"25,55"
28/07/2017,"25,40"
31/07/2017,"25,44"
01/08/2017,"25,36"
02/08/2017,"25,31"
03/08/2017,"25,20"
04/08/2017,"25,76"
07/08/2017,"26,00"
08/08/2017,"25,88"
09/08/2017,"25,99"
10/08/2017,"26,14"
11/08/2017,"26,33"
14/08/2017,"26,48"
15/08/2017,"27,05"
16/08/2017,"27,48"
17/08/2017,"27,64"
18/08/2017,"27,96"
21/08/2017,"27,83"
22/08/2017,"27,57"
23/08/2017,"27,42"
24/08/2017,"26,98"
25/08/2017,"26,94"
28/08/2017,"26,95"
29/08/2017,"26,80"
30/08/2017,"26,93"
31/08/2017,"27,30"
01/09/2017,"27,35"
04/09/2017,"27,93"
05/09/2017,"27,95"
06/09/2017,"28,09"
08/09/2017,"28,13"
11/09/2017,"28,39"
12/09/2017,"28,36"
13/09/2017,"28,45"
14/09/2017,"28,83"
15/09/2017,"28,86"
18/09/2017,"28,98"
19/09/2017,"29,09"
20/09/2017,"29,98"
21/09/2017,"30,41"
22/09/2017,"30,64"
25/09/2017,"30,51"
26/09/2017,"30,17"
27/09/2017,"30,05"
28/09/2017,"29,94"
29/09/2017,"30,04"
02/10/2017,"30,39"
03/10/2017,"29,71"
04/10/2017,"29,59"
05/10/2017,"29,66"
06/10/2017,"30,39"
09/10/2017,"30,83"
10/10/2017,"31,17"
11/10/2017,"31,29"
13/10/2017,"31,27"
16/10/2017,"31,71"
17/10/2017,"31,81"
18/10/2017,"31,75"
19/10/2017,"31,44"
20/10/2017,"31,73"
23/10/2017,"32,04"
24/10/2017,"32,02"
25/10/2017,"32,16"
26/10/2017,"31,47"
27/10/2017,"31,76"
30/10/2017,"31,99"
31/10/2017,"32,23"
01/11/2017,"32,89"
03/11/2017,"32,87"
06/11/2017,"32,11"
07/11/2017,"32,70"
08/11/2017,"32,70"
09/11/2017,"32,52"
10/11/2017,"32,68"
13/11/2017,"32,32"
14/11/2017,"32,26"
16/11/2017,"32,24"
17/11/2017,"32,05"
20/11/2017,"31,76"
21/11/2017,"31,38"
22/11/2017,"30,98"
23/11/2017,"30,71"
24/11/2017,"30,86"
27/11/2017,"30,56"
28/11/2017,"30,32"
29/11/2017,"30,50"
30/11/2017,"30,59"
01/12/2017,"30,93"
04/12/2017,"31,21"
05/12/2017,"31,31"
06/12/2017,"31,75"
07/12/2017,"31,64"
08/12/2017,"31,58"
11/12/2017,"31,66"
12/12/2017,"31,84"
13/12/2017,"32,34"
14/12/2017,"32,04"
15/12/2017,"32,36"
18/12/2017,"32,56"
19/12/2017,"33,08"
20/12/2017,"33,29"
21/12/2017,"33,32"
22/12/2017,"33,26"
26/12/2017,"33,53"
27/12/2017,"33,71"
28/12/2017,"33,77"
02/01/2018,"33,77"
03/01/2018,"33,67"
04/01/2018,"33,61"
05/01/2018,"33,31"
08/01/2018,"33,12"
09/01/2018,"32,64"
10/01/2018,"32,71"
11/01/2018,"32,42"
12/01/2018,"32,82"
15/01/2018,"32,41"
16/01/2018,"31,85"
17/01/2018,"32,19"
18/01/2018,"32,28"
19/01/2018,"32,33"
22/01/2018,"32,62"
23/01/2018,"32,57"
24/01/2018,"32,19"
25/01/2018,"32,35"
26/01/2018,"32,57"
29/01/2018,"32,58"
30/01/2018,"32,66"
31/01/2018,"32,77"
01/02/2018,"32,84"
02/02/2018,"33,20"
05/02/2018,"33,10"
06/02/2018,"33,42"
07/02/2018,"33,41"
08/02/2018,"33,35"
09/02/2018,"33,34"
14/02/2018,"33,53"
15/02/2018,"33,87"
16/02/2018,"34,02"
19/02/2018,"34,22"
20/02/2018,"34,64"
21/02/2018,"35,20"
22/02/2018,"36,11"
23/02/2018,"36,76"
26/02/2018,"37,05"
27/02/2018,"38,44"
28/02/2018,"39,20"
01/03/2018,"39,74"
02/03/2018,"40,06"
05/03/2018,"41,39"
06/03/2018,"41,02"
07/03/2018,"40,98"
08/03/2018,"41,32"
09/03/2018,"41,42"
12/03/2018,"42,28"
13/03/2018,"42,92"
14/03/2018,"42,93"
15/03/2018,"42,28"
16/03/2018,"41,45"
19/03/2018,"41,50"
20/03/2018,"41,62"
21/03/2018,"41,72"
22/03/2018,"41,60"
23/03/2018,"41,02"
26/03/2018,"41,27"
27/03/2018,"41,06"
28/03/2018,"40,75"
29/03/2018,"40,35"
02/04/2018,"39,87"
03/04/2018,"40,07"
04/04/2018,"40,83"
05/04/2018,"41,16"
06/04/2018,"41,36"
09/04/2018,"41,41"
10/04/2018,"41,02"
11/04/2018,"40,82"
12/04/2018,"40,47"
13/04/2018,"39,92"
16/04/2018,"40,13"
17/04/2018,"40,04"
18/04/2018,"39,78"
19/04/2018,"39,37"
20/04/2018,"38,82"
23/04/2018,"38,40"
24/04/2018,"38,84"
25/04/2018,"38,91"
26/04/2018,"38,81"
27/04/2018,"38,98"
30/04/2018,"39,40"
02/05/2018,"39,81"
03/05/2018,"40,03"
04/05/2018,"40,43"
07/05/2018,"41,51"
08/05/2018,"41,59"
09/05/2018,"42,13"
10/05/2018,"42,00"
11/05/2018,"42,43"
14/05/2018,"42,14"
15/05/2018,"42,25"
16/05/2018,"42,48"
17/05/2018,"42,57"
18/05/2018,"42,61"
21/05/2018,"43,35"
22/05/2018,"43,63"
23/05/2018,"44,15"
24/05/2018,"44,43"
25/05/2018,"44,23"
28/05/2018,"44,13"
29/05/2018,"45,01"
30/05/2018,"45,49"
01/06/2018,"45,89"
04/06/2018,"44,75"
05/06/2018,"43,78"
06/06/2018,"43,68"
07/06/2018,"43,58"
08/06/2018,"43,27"
11/06/2018,"42,87"
12/06/2018,"41,72"
13/06/2018,"40,70"
14/06/2018,"40,24"
15/06/2018,"40,04"
18/06/2018,"40,00"
19/06/2018,"39,62"
20/06/2018,"38,76"
21/06/2018,"38,66"
22/06/2018,"37,89"
25/06/2018,"37,76"
26/06/2018,"37,35"
27/06/2018,"37,17"
28/06/2018,"36,94"
29/06/2018,"36,97"
02/07/2018,"36,78"
03/07/2018,"36,21"
04/07/2018,"35,27"
05/07/2018,"36,43"
06/07/2018,"36,22"
09/07/2018,"35,98"
10/07/2018,"36,87"
11/07/2018,"36,63"
12/07/2018,"37,02"
13/07/2018,"36,70"
16/07/2018,"37,22"
17/07/2018,"37,10"
18/07/2018,"37,28"
19/07/2018,"37,36"
20/07/2018,"37,72"
23/07/2018,"37,71"
24/07/2018,"37,64"
25/07/2018,"37,92"
26/07/2018,"38,06"
27/07/2018,"38,53"
30/07/2018,"38,76"
31/07/2018,"39,34"
01/08/2018,"39,45"
02/08/2018,"39,75"
03/08/2018,"39,78"
06/08/2018,"40,04"
07/08/2018,"41,36"
08/08/2018,"41,88"
09/08/2018,"41,93"
10/08/2018,"42,14"
13/08/2018,"41,71"
14/08/2018,"41,28"
15/08/2018,"41,39"
16/08/2018,"41,59"
17/08/2018,"41,30"
20/08/2018,"41,27"
21/08/2018,"41,12"
22/08/2018,"41,53"
23/08/2018,"41,69"
24/08/2018,"41,66"
27/08/2018,"41,49"
28/08/2018,"41,08"
29/08/2018,"41,19"
30/08/2018,"41,19"
31/08/2018,"41,10"
03/09/2018,"40,90"
04/09/2018,"40,84"
05/09/2018,"40,85"
06/09/2018,"40,64"
10/09/2018,"41,06"
11/09/2018,"40,78"
12/09/2018,"40,51"
13/09/2018,"40,57"
14/09/2018,"40,75"
17/09/2018,"40,87"
18/09/2018,"40,42"
19/09/2018,"40,30"
20/09/2018,"39,91"
21/09/2018,"39,60"
24/09/2018,"39,83"
25/09/2018,"39,54"
26/09/2018,"39,53"
27/09/2018,"39,52"
28/09/2018,"39,40"
01/10/2018,"39,32"
02/10/2018,"39,05"
03/10/2018,"38,55"
04/10/2018,"38,35"
05/10/2018,"38,78"
08/10/2018,"38,12"
09/10/2018,"37,56"
10/10/2018,"36,97"
11/10/2018,"37,11"
15/10/2018,"36,87"
16/10/2018,"36,56"
17/10/2018,"35,98"
18/10/2018,"35,64"
19/10/2018,"35,21"
22/10/2018,"35,10"
23/10/2018,"34,88"
24/10/2018,"34,78"
25/10/2018,"34,95"
26/10/2018,"34,55"
29/10/2018,"34,48"
30/10/2018,"34,55"
31/10/2018,"34,17"
01/11/2018,"34,26"
05/11/2018,"34,78"
06/11/2018,"34,93"
07/11/2018,"35,72"
08/11/2018,"35,69"
09/11/2018,"35,98"
12/11/2018,"36,35"
13/11/2018,"36,59"
14/11/2018,"36,83"
16/11/2018,"36,81"
19/11/2018,"36,92"
20/11/2018,"36,94"
21/11/2018,"37,34"
22/11/2018,"37,37"
23/11/2018,"37,30"
26/11/2018,"37,70"
27/11/2018,"37,33"
28/11/2018,"37,61"
29/11/2018,"37,01"
30/11/2018,"37,81"
03/12/2018,"37,54"
04/12/2018,"36,63"
05/12/2018,"37,46"
06/12/2018,"37,80"
07/12/2018,"37,49"
10/12/2018,"37,48"
11/12/2018,"36,64"
12/12/2018,"37,14"
13/12/2018,"37,29"
14/12/2018,"37,66"
17/12/2018,"38,06"
18/12/2018,"37,39"
19/12/2018,"37,99"
20/12/2018,"38,86"
21/12/2018,"38,61"
26/12/2018,"38,82"
27/12/2018,"39,08"
28/12/2018,"38,93"