date,corn_br,corn_br-1,corn_br-2,corn_br-3,max_corn_br-1,min_corn_br-1,open_corn_br-1,var_corn_br-1,vol_corn_br-1
2018-01-05 00:00:00,32.9,33.12,33.2,33.2,33.42,33.03,33.25,-0.24,1.44
2018-01-08 00:00:00,32.71,32.9,33.12,33.2,33.2,32.56,33.15,-0.66,0.57
2018-01-09 00:00:00,32.56,32.71,32.9,33.12,33.0,32.65,32.76,-0.58,0.7
2018-01-10 00:00:00,31.73,32.56,32.71,32.9,32.9,32.44,32.81,-0.46,1.29
2018-01-11 00:00:00,31.95,31.73,32.56,32.71,32.6,31.75,32.34,-2.55,1.67
2018-01-12 00:00:00,31.96,31.95,31.73,32.56,32.15,31.84,31.84,0.69,1.5
2018-01-15 00:00:00,32.55,31.96,31.95,31.73,32.1,31.88,31.92,0.03,1.4
2018-01-16 00:00:00,31.86,32.55,31.96,31.95,32.47,31.76,31.76,1.85,1.38
2018-01-17 00:00:00,32.2,31.86,32.55,31.96,32.2,31.8,32.2,-2.12,1.63
2018-01-18 00:00:00,32.63,32.2,31.86,32.55,32.41,31.68,31.82,1.07,3.04
2018-01-19 00:00:00,32.85,32.63,32.2,31.86,32.7,32.1,32.1,1.34,1.6
2018-01-22 00:00:00,33.18,32.85,32.63,32.2,33.04,32.56,32.6,0.67,1.7
2018-01-23 00:00:00,32.92,33.18,32.85,32.63,33.19,32.68,32.85,1.0,1.11
2018-01-24 00:00:00,32.87,32.92,33.18,32.85,33.33,32.83,33.18,-0.78,1.97
2018-01-26 00:00:00,32.65,32.87,32.92,33.18,33.01,32.7,32.82,-0.15,1.11
2018-01-29 00:00:00,33.2,32.65,32.87,32.92,32.93,32.54,32.85,-0.67,1.33
2018-01-30 00:00:00,33.0,33.2,32.65,32.87,33.21,32.61,32.62,1.68,1.02
2018-01-31 00:00:00,33.03,33.0,33.2,32.65,33.45,33.05,33.15,-0.6,2.04
2018-02-01 00:00:00,33.23,33.03,33.0,33.2,33.19,32.8,33.04,0.09,2.03
2018-02-02 00:00:00,33.26,33.23,33.03,33.0,33.35,33.1,33.13,0.61,1.0
2018-02-05 00:00:00,33.62,33.26,33.23,33.03,33.35,33.12,33.28,0.09,0.78
2018-02-06 00:00:00,33.72,33.62,33.26,33.23,33.65,33.21,33.29,1.08,2.13
2018-02-07 00:00:00,33.95,33.72,33.62,33.26,33.85,33.5,33.6,0.3,1.49
2018-02-08 00:00:00,34.14,33.95,33.72,33.62,34.03,33.65,33.69,0.68,2.18
2018-02-09 00:00:00,33.77,34.14,33.95,33.72,34.3,33.85,33.96,0.56,2.28
2018-02-14 00:00:00,33.84,33.77,34.14,33.95,34.2,33.8,34.02,-1.08,1.48
2018-02-15 00:00:00,34.15,33.84,33.77,34.14,33.94,33.66,33.66,0.21,0.34
2018-02-16 00:00:00,34.65,34.15,33.84,33.77,34.29,33.62,33.77,0.92,1.74
2018-02-19 00:00:00,34.71,34.65,34.15,33.84,34.68,34.06,34.14,1.46,2.02
2018-02-20 00:00:00,35.32,34.71,34.65,34.15,34.78,34.67,34.78,0.17,1.49
2018-02-21 00:00:00,36.39,35.32,34.71,34.65,35.35,35.25,35.25,1.76,4.09
2018-02-22 00:00:00,36.27,36.39,35.32,34.71,36.48,35.26,35.37,3.03,4.81
2018-02-23 00:00:00,37.3,36.27,36.39,35.32,36.75,36.05,36.32,-0.33,2.65
2018-02-26 00:00:00,38.96,37.3,36.27,36.39,37.56,36.18,36.24,2.84,6.3
2018-02-27 00:00:00,39.49,38.96,37.3,36.27,39.16,36.9,36.91,4.45,4.18
2018-02-28 00:00:00,39.3,39.49,38.96,37.3,39.65,38.19,39.05,1.36,3.55
2018-03-01 00:00:00,39.79,39.3,39.49,38.96,40.36,38.39,39.41,-0.48,5.09
2018-03-02 00:00:00,40.5,39.79,39.3,39.49,39.85,38.61,39.37,1.25,4.06
2018-03-05 00:00:00,40.24,40.5,39.79,39.3,40.58,39.6,39.8,1.78,2.53
2018-03-06 00:00:00,40.7,40.24,40.5,39.79,40.55,39.65,40.45,-0.64,3.51
2018-03-07 00:00:00,40.29,40.7,40.24,40.5,41.09,40.22,40.25,1.14,4.65
2018-03-08 00:00:00,40.64,40.29,40.7,40.24,40.78,39.84,40.65,-1.01,2.24
2018-03-09 00:00:00,40.91,40.64,40.29,40.7,40.76,40.24,40.26,0.87,0.94
2018-03-12 00:00:00,41.79,40.91,40.64,40.29,41.0,40.55,40.58,0.66,2.08
2018-03-13 00:00:00,43.05,41.79,40.91,40.64,41.89,40.52,40.9,2.15,1.47
2018-03-14 00:00:00,43.28,43.05,41.79,40.91,43.2,41.82,41.82,3.02,2.63
2018-03-15 00:00:00,42.71,43.28,43.05,41.79,43.29,42.9,43.1,0.53,0.66
2018-03-16 00:00:00,38.45,42.71,43.28,43.05,43.1,42.85,43.05,-1.32,0.35
2018-03-19 00:00:00,37.6,38.45,42.71,43.28,39.11,38.29,39.02,-9.97,2.96
2018-03-20 00:00:00,39.24,37.6,38.45,42.71,38.64,37.5,38.4,-2.21,3.52
2018-03-21 00:00:00,38.7,39.24,37.6,38.45,39.34,37.45,37.48,4.36,5.04
2018-03-22 00:00:00,38.02,38.7,39.24,37.6,39.95,38.65,39.3,-1.38,6.14
2018-03-23 00:00:00,37.76,38.02,38.7,39.24,39.2,37.87,38.65,-1.76,4.68
2018-03-26 00:00:00,37.97,37.76,38.02,38.7,38.34,37.6,37.9,-0.68,3.23
2018-03-27 00:00:00,37.84,37.97,37.76,38.02,38.26,37.2,37.65,0.56,2.6
2018-03-28 00:00:00,37.58,37.84,37.97,37.76,38.85,37.71,38.1,-0.34,2.56
2018-03-29 00:00:00,37.58,37.58,37.84,37.97,37.85,37.46,37.75,-0.69,1.34
2018-04-02 00:00:00,38.1,37.58,37.58,37.84,37.75,37.21,37.51,-0.69,2.39
2018-04-03 00:00:00,38.62,38.1,37.58,37.58,38.2,37.57,37.57,1.38,2.7
2018-04-04 00:00:00,39.12,38.62,38.1,37.58,38.67,37.91,38.15,1.36,2.87
2018-04-05 00:00:00,40.03,39.12,38.62,38.1,39.5,38.07,38.7,1.29,3.95
2018-04-06 00:00:00,40.64,40.03,39.12,38.62,40.1,39.15,39.16,2.33,5.47
2018-04-09 00:00:00,40.61,40.64,40.03,39.12,40.78,39.92,40.03,1.52,4.73
2018-04-10 00:00:00,40.02,40.61,40.64,40.03,40.78,40.25,40.61,-0.07,2.62
2018-04-11 00:00:00,38.71,40.02,40.61,40.64,40.8,39.95,40.63,-1.45,3.26
2018-04-12 00:00:00,38.95,38.71,40.02,40.61,40.09,38.66,40.09,-3.27,5.48
2018-04-13 00:00:00,38.88,38.95,38.71,40.02,39.15,38.58,38.79,0.62,2.1
2018-04-16 00:00:00,38.93,38.88,38.95,38.71,39.06,38.42,39.06,-0.18,1.88
2018-04-17 00:00:00,39.3,38.93,38.88,38.95,39.0,38.38,38.93,0.13,0.99
2018-04-18 00:00:00,38.86,39.3,38.93,38.88,40.0,38.9,38.92,0.95,1.44
2018-04-19 00:00:00,38.31,38.86,39.3,38.93,39.34,38.75,39.29,-1.12,1.48
2018-04-20 00:00:00,38.1,38.31,38.86,39.3,38.8,38.16,38.7,-1.42,2.43
2018-04-23 00:00:00,38.75,38.1,38.31,38.86,38.35,37.92,38.34,-0.55,2.87
2018-04-24 00:00:00,39.01,38.75,38.1,38.31,38.85,37.82,38.19,1.71,2.5
2018-04-25 00:00:00,39.87,39.01,38.75,38.1,39.45,38.44,38.82,0.67,3.08
2018-04-26 00:00:00,39.74,39.87,39.01,38.75,40.0,38.95,39.0,2.2,3.24
2018-04-27 00:00:00,39.64,39.74,39.87,39.01,40.0,39.5,39.87,-0.33,2.33
2018-04-30 00:00:00,40.09,39.64,39.74,39.87,39.85,39.37,39.78,-0.25,1.61
2018-05-02 00:00:00,41.21,40.09,39.64,39.74,40.25,39.69,39.75,1.14,1.6
2018-05-03 00:00:00,41.58,41.21,40.09,39.64,41.45,40.08,40.08,2.79,3.91
2018-05-04 00:00:00,41.24,41.58,41.21,40.09,41.65,41.05,41.34,0.9,2.59
2018-05-07 00:00:00,41.82,41.24,41.58,41.21,41.82,40.92,41.57,-0.82,2.69
2018-05-08 00:00:00,42.32,41.82,41.24,41.58,42.0,41.0,41.01,1.41,2.64
2018-05-09 00:00:00,42.5,42.32,41.82,41.24,42.48,41.81,41.9,1.2,2.26
2018-05-10 00:00:00,42.31,42.5,42.32,41.82,42.68,42.01,42.33,0.43,1.21
2018-05-11 00:00:00,41.92,42.31,42.5,42.32,42.65,42.25,42.5,-0.45,0.71
2018-05-14 00:00:00,42.56,41.92,42.31,42.5,42.4,41.8,42.25,-0.92,2.3
2018-05-15 00:00:00,42.27,42.56,41.92,42.31,42.6,41.81,41.81,1.53,1.87
2018-05-16 00:00:00,42.35,42.27,42.56,41.92,42.55,42.3,42.55,-0.68,0.38
2018-05-17 00:00:00,42.99,42.35,42.27,42.56,42.49,42.1,42.38,0.19,0.38
2018-05-18 00:00:00,43.82,42.99,42.35,42.27,42.7,42.7,42.7,1.51,0.1
2018-05-21 00:00:00,43.62,43.82,42.99,42.35,43.64,41.91,42.8,1.93,0.1
2018-05-22 00:00:00,43.62,43.62,43.82,42.99,43.65,43.0,43.5,-0.46,0.11
2018-05-23 00:00:00,43.35,43.62,43.62,43.82,43.65,42.8,43.65,-0.46,0.09
2018-05-24 00:00:00,43.57,43.35,43.62,43.62,43.58,43.1,43.57,-0.62,0.04
2018-05-25 00:00:00,43.53,43.57,43.35,43.62,43.65,43.4,43.65,0.51,0.03
2018-05-28 00:00:00,43.35,43.53,43.57,43.35,43.34,43.3,43.3,-0.09,0.02
2018-05-29 00:00:00,42.85,43.35,43.53,43.57,43.01,43.01,43.01,-0.41,0.02
2018-05-30 00:00:00,43.16,42.85,43.35,43.53,43.01,42.85,43.0,-1.15,0.02
2018-06-01 00:00:00,43.47,43.16,42.85,43.35,42.9,42.85,42.9,0.72,0.01
2018-06-04 00:00:00,43.37,43.47,43.16,42.85,43.95,43.05,43.95,0.72,0.03
2018-06-05 00:00:00,42.78,43.37,43.47,43.16,43.65,43.25,43.65,-0.23,0.01
2018-06-06 00:00:00,42.83,42.78,43.37,43.47,42.8,42.3,42.7,-1.36,0.06
2018-06-07 00:00:00,42.76,42.83,42.78,43.37,42.68,41.61,42.3,0.12,0.1
2018-06-08 00:00:00,42.06,42.76,42.83,42.78,42.5,41.65,41.65,-0.16,0.01
2018-06-11 00:00:00,41.33,42.06,42.76,42.83,42.0,42.0,42.0,-1.64,0.01
2018-06-12 00:00:00,39.84,41.33,42.06,42.76,42.0,41.35,41.35,-1.74,0.02
2018-06-13 00:00:00,39.05,39.84,41.33,42.06,41.45,40.05,41.45,-3.61,0.18
2018-06-14 00:00:00,38.7,39.05,39.84,41.33,39.0,38.2,38.83,-1.98,0.04
2018-06-15 00:00:00,38.88,38.7,39.05,39.84,39.0,38.5,39.0,-0.9,0.04
2018-06-18 00:00:00,39.03,38.88,38.7,39.05,38.9,38.7,38.7,0.47,0.01
2018-06-19 00:00:00,38.4,39.03,38.88,38.7,39.1,38.98,39.1,0.39,0.03
2018-06-20 00:00:00,37.5,38.4,39.03,38.88,38.6,38.4,38.5,-1.61,0.04
2018-06-21 00:00:00,37.32,37.5,38.4,39.03,37.52,37.4,37.5,-2.34,0.03
2018-06-22 00:00:00,37.41,37.32,37.5,38.4,37.32,36.5,36.5,-0.48,0.07
2018-06-25 00:00:00,36.95,37.41,37.32,37.5,37.5,37.5,37.5,0.24,0.07
2018-06-26 00:00:00,36.78,36.95,37.41,37.32,37.35,36.9,37.35,-1.23,0.01
2018-06-27 00:00:00,36.75,36.78,36.95,37.41,36.85,36.85,36.85,-0.46,0.01
2018-06-28 00:00:00,36.87,36.75,36.78,36.95,36.85,36.21,36.21,-0.08,0.02
2018-06-29 00:00:00,37.0,36.87,36.75,36.78,36.7,36.7,36.7,0.33,0.01
2018-07-02 00:00:00,36.85,37.0,36.87,36.75,37.1,36.8,36.95,0.35,0.01
2018-07-03 00:00:00,37.03,36.85,37.0,36.87,36.81,36.8,36.81,-0.41,0.04
2018-07-04 00:00:00,36.97,37.03,36.85,37.0,37.1,36.96,36.98,0.49,0.04
2018-07-05 00:00:00,36.61,36.97,37.03,36.85,36.8,36.8,36.8,-0.16,0.04
2018-07-06 00:00:00,37.35,36.61,36.97,37.03,36.62,36.1,36.6,-0.97,0.02
2018-07-10 00:00:00,36.56,37.35,36.61,36.97,37.11,36.35,36.36,2.02,0.05
2018-07-11 00:00:00,36.98,36.56,37.35,36.61,36.84,36.51,36.84,-2.12,0.01
2018-07-12 00:00:00,36.92,36.98,36.56,37.35,36.85,36.45,36.45,1.15,0.01
2018-07-13 00:00:00,36.95,36.92,36.98,36.56,37.04,36.7,37.04,-0.16,0.05
2018-07-16 00:00:00,38.15,36.95,36.92,36.98,37.1,37.0,37.1,0.08,0.02
2018-07-17 00:00:00,38.39,38.15,36.95,36.92,38.15,37.5,37.6,3.25,1.2
2018-07-18 00:00:00,38.9,38.39,38.15,36.95,38.41,37.99,38.0,0.63,3.03
2018-07-19 00:00:00,39.52,38.9,38.39,38.15,38.97,38.28,38.35,1.33,3.36
2018-07-20 00:00:00,38.9,39.52,38.9,38.39,39.59,38.93,38.94,1.59,2.85
2018-07-23 00:00:00,39.29,38.9,39.52,38.9,39.51,38.81,39.48,-1.57,4.32
2018-07-24 00:00:00,39.33,39.29,38.9,39.52,39.35,38.76,38.9,1.0,2.28
2018-07-25 00:00:00,39.78,39.33,39.29,38.9,39.4,39.0,39.25,0.1,3.15
2018-07-26 00:00:00,40.32,39.78,39.33,39.29,39.85,39.21,39.35,1.14,2.07
2018-07-27 00:00:00,40.72,40.32,39.78,39.33,40.45,39.7,39.72,1.36,2.7
2018-07-30 00:00:00,41.11,40.72,40.32,39.78,40.78,40.06,40.2,0.99,1.58
2018-07-31 00:00:00,41.1,41.11,40.72,40.32,41.16,40.6,40.76,0.96,2.06
2018-08-01 00:00:00,41.16,41.1,41.11,40.72,41.3,40.78,41.1,-0.02,2.18
2018-08-02 00:00:00,41.13,41.16,41.1,41.11,41.3,40.27,41.08,0.15,2.74
2018-08-03 00:00:00,41.41,41.13,41.16,41.1,41.3,40.9,41.15,-0.07,1.71
2018-08-06 00:00:00,41.53,41.41,41.13,41.16,41.48,40.81,41.05,0.68,3.19
2018-08-07 00:00:00,42.2,41.53,41.41,41.13,41.69,41.3,41.49,0.29,3.04
2018-08-08 00:00:00,42.21,42.2,41.53,41.41,42.28,41.4,41.4,1.61,3.8
2018-08-09 00:00:00,42.22,42.21,42.2,41.53,42.86,42.05,42.14,0.02,5.27
2018-08-10 00:00:00,41.57,42.22,42.21,42.2,42.64,41.86,42.25,0.02,3.76
2018-08-13 00:00:00,41.31,41.57,42.22,42.21,42.39,41.33,42.24,-1.54,3.55
2018-08-14 00:00:00,41.08,41.31,41.57,42.22,41.96,41.05,41.52,-0.63,2.96
2018-08-15 00:00:00,41.43,41.08,41.31,41.57,41.27,40.8,41.25,-0.56,1.92
2018-08-16 00:00:00,41.36,41.43,41.08,41.31,41.65,40.97,41.09,0.85,2.3
2018-08-17 00:00:00,41.88,41.36,41.43,41.08,41.77,41.05,41.54,-0.17,2.69
2018-08-20 00:00:00,41.77,41.88,41.36,41.43,41.9,41.25,41.26,1.26,1.76
2018-08-21 00:00:00,41.84,41.77,41.88,41.36,41.96,41.4,41.87,-0.26,1.82
2018-08-22 00:00:00,42.09,41.84,41.77,41.88,41.9,41.58,41.64,0.17,1.3
2018-08-23 00:00:00,41.97,42.09,41.84,41.77,42.3,41.71,41.88,0.6,2.08
2018-08-24 00:00:00,41.96,41.97,42.09,41.84,42.26,41.91,42.1,-0.29,1.7
2018-08-27 00:00:00,41.44,41.96,41.97,42.09,42.08,41.66,41.96,-0.02,1.35
2018-08-28 00:00:00,40.98,41.44,41.96,41.97,41.95,41.4,41.9,-1.24,2.33
2018-08-29 00:00:00,40.47,40.98,41.44,41.96,41.45,40.81,41.39,-1.11,2.32
2018-08-30 00:00:00,40.6,40.47,40.98,41.44,40.94,40.41,40.9,-1.24,1.6
2018-08-31 00:00:00,40.57,40.6,40.47,40.98,40.84,40.35,40.38,0.32,1.22
2018-09-03 00:00:00,40.91,40.57,40.6,40.47,40.73,40.25,40.64,-0.07,0.81
2018-09-04 00:00:00,41.01,40.91,40.57,40.6,41.05,40.6,40.6,0.84,1.0
2018-09-05 00:00:00,40.73,41.01,40.91,40.57,41.05,40.51,40.95,0.24,1.47
2018-09-06 00:00:00,40.54,40.73,41.01,40.91,41.05,40.57,40.99,-0.68,1.56
2018-09-10 00:00:00,40.15,40.54,40.73,41.01,40.8,40.25,40.79,-0.47,0.72
2018-09-11 00:00:00,40.47,40.15,40.54,40.73,40.51,40.0,40.5,-0.96,1.61
2018-09-12 00:00:00,40.04,40.47,40.15,40.54,40.79,40.17,40.17,0.8,0.98
2018-09-13 00:00:00,40.15,40.04,40.47,40.15,40.65,39.95,40.42,-1.06,1.47
2018-09-14 00:00:00,40.51,40.15,40.04,40.47,40.28,39.82,40.15,0.27,0.61
2018-09-17 00:00:00,40.73,40.51,40.15,40.04,40.6,40.2,40.21,0.9,1.19
2018-09-18 00:00:00,40.5,40.73,40.51,40.15,40.8,40.6,40.65,0.54,1.19
2018-09-19 00:00:00,39.7,40.5,40.73,40.51,41.03,40.45,40.9,-0.56,2.73
2018-09-20 00:00:00,39.71,39.7,40.5,40.73,40.53,39.65,40.53,-1.98,2.53
2018-09-21 00:00:00,40.07,39.71,39.7,40.5,39.95,39.4,39.76,0.03,1.84
2018-09-24 00:00:00,39.77,40.07,39.71,39.7,40.21,39.51,39.78,0.91,1.57
2018-09-25 00:00:00,39.91,39.77,40.07,39.71,40.5,39.72,40.02,-0.75,2.12
2018-09-26 00:00:00,39.55,39.91,39.77,40.07,40.15,39.63,39.7,0.35,1.44
2018-09-27 00:00:00,39.73,39.55,39.91,39.77,40.0,39.25,39.81,-0.9,2.42
2018-09-28 00:00:00,39.82,39.73,39.55,39.91,39.79,39.41,39.58,0.46,1.3
2018-10-01 00:00:00,40.06,39.82,39.73,39.55,40.0,39.66,39.7,0.23,1.05
2018-10-02 00:00:00,39.35,40.06,39.82,39.73,40.39,39.71,39.87,0.6,1.04
2018-10-03 00:00:00,39.03,39.35,40.06,39.82,40.15,39.27,40.15,-1.77,2.7
2018-10-04 00:00:00,38.74,39.03,39.35,40.06,39.35,38.8,39.3,-0.81,2.1
2018-10-05 00:00:00,38.61,38.74,39.03,39.35,39.04,38.64,39.0,-0.74,1.82
2018-10-08 00:00:00,38.25,38.61,38.74,39.03,38.8,38.44,38.8,-0.34,1.85
2018-10-09 00:00:00,37.52,38.25,38.61,38.74,38.87,38.11,38.68,-0.93,1.74
2018-10-10 00:00:00,36.88,37.52,38.25,38.61,38.26,37.5,38.26,-1.91,3.01
2018-10-11 00:00:00,36.91,36.88,37.52,38.25,37.56,36.85,37.5,-1.71,2.69
2018-10-15 00:00:00,36.66,36.91,36.88,37.52,37.09,36.25,36.9,0.08,2.32
2018-10-16 00:00:00,36.37,36.66,36.91,36.88,37.44,36.54,36.91,-0.68,1.6
2018-10-17 00:00:00,35.79,36.37,36.66,36.91,36.7,36.06,36.65,-0.79,1.38
2018-10-18 00:00:00,35.39,35.79,36.37,36.66,36.45,35.75,36.44,-1.59,1.67
2018-10-19 00:00:00,35.48,35.39,35.79,36.37,35.92,35.31,35.8,-1.12,1.44
2018-10-22 00:00:00,34.88,35.48,35.39,35.79,35.82,35.1,35.32,0.25,1.1
2018-10-23 00:00:00,34.89,34.88,35.48,35.39,35.58,34.8,35.5,-1.69,1.27
2018-10-24 00:00:00,35.07,34.89,34.88,35.48,35.17,34.71,34.98,0.03,0.51
2018-10-25 00:00:00,34.98,35.07,34.89,34.88,35.15,34.69,34.95,0.52,0.95
2018-10-26 00:00:00,34.94,34.98,35.07,34.89,35.3,34.9,35.15,-0.26,1.39
2018-10-29 00:00:00,34.72,34.94,34.98,35.07,35.28,34.7,35.01,-0.11,1.84
2018-10-30 00:00:00,35.1,34.72,34.94,34.98,35.0,34.2,34.99,-0.63,1.24
2018-10-31 00:00:00,35.4,35.1,34.72,34.94,35.2,34.6,34.6,1.09,1.43
2018-11-01 00:00:00,35.23,35.4,35.1,34.72,35.6,35.08,35.12,0.85,2.18
2018-11-05 00:00:00,35.46,35.23,35.4,35.1,35.47,34.95,35.39,-0.48,1.27
2018-11-06 00:00:00,35.73,35.46,35.23,35.4,35.51,35.02,35.34,0.65,0.36
2018-11-07 00:00:00,35.59,35.73,35.46,35.23,35.86,35.29,35.5,0.76,1.18
2018-11-08 00:00:00,36.3,35.59,35.73,35.46,35.87,35.41,35.75,-0.39,1.33
2018-11-09 00:00:00,36.5,36.3,35.59,35.73,36.32,35.6,35.6,1.99,1.5
2018-11-12 00:00:00,36.65,36.5,36.3,35.59,36.75,36.0,36.2,0.55,1.06
2018-11-13 00:00:00,36.71,36.65,36.5,36.3,36.9,36.33,36.5,0.41,0.66
2018-11-14 00:00:00,36.79,36.71,36.65,36.5,36.85,36.6,36.6,0.16,1.0
2018-11-16 00:00:00,36.76,36.79,36.71,36.65,36.94,36.55,36.74,0.22,0.47
2018-11-19 00:00:00,38.0,36.76,36.79,36.71,36.76,36.55,36.56,-0.08,0.03
2018-11-21 00:00:00,38.68,38.0,36.76,36.79,38.23,37.55,37.89,3.37,0.78
2018-11-22 00:00:00,38.78,38.68,38.0,36.76,38.75,37.93,37.97,1.79,1.82
2018-11-23 00:00:00,38.04,38.78,38.68,38.0,39.14,38.65,38.71,0.26,1.75
2018-11-26 00:00:00,38.01,38.04,38.78,38.68,38.7,38.02,38.64,-1.91,1.04
2018-11-27 00:00:00,38.12,38.01,38.04,38.78,38.3,37.3,38.0,-0.08,1.12
2018-11-28 00:00:00,37.7,38.12,38.01,38.04,38.45,37.84,37.84,0.29,1.16
2018-11-29 00:00:00,37.29,37.7,38.12,38.01,38.15,37.55,38.11,-1.1,1.33
2018-11-30 00:00:00,36.79,37.29,37.7,38.12,37.98,37.11,37.75,-1.09,1.5
2018-12-03 00:00:00,37.03,36.79,37.29,37.7,37.69,36.5,37.3,-1.34,2.29
2018-12-04 00:00:00,37.72,37.03,36.79,37.29,37.37,36.81,36.96,0.65,0.66
2018-12-05 00:00:00,37.45,37.72,37.03,36.79,37.78,36.7,37.01,1.86,2.18
2018-12-06 00:00:00,37.49,37.45,37.72,37.03,37.89,37.11,37.89,-0.72,1.38
2018-12-07 00:00:00,37.6,37.49,37.45,37.72,37.98,37.38,37.46,0.11,0.85
2018-12-10 00:00:00,37.82,37.6,37.49,37.45,37.7,37.15,37.38,0.29,0.7
2018-12-11 00:00:00,37.98,37.82,37.6,37.49,37.97,37.39,37.82,0.59,0.84
2018-12-12 00:00:00,37.78,37.98,37.82,37.6,38.2,37.69,37.8,0.42,1.1
2018-12-13 00:00:00,37.6,37.78,37.98,37.82,38.25,37.61,38.06,-0.53,0.51
2018-12-14 00:00:00,37.48,37.6,37.78,37.98,37.98,37.56,37.63,-0.48,0.38
2018-12-17 00:00:00,37.99,37.48,37.6,37.78,37.87,37.5,37.57,-0.32,0.47
2018-12-18 00:00:00,38.82,37.99,37.48,37.6,38.05,37.62,37.76,1.36,1.04
2018-12-19 00:00:00,38.79,38.82,37.99,37.48,38.9,38.02,38.13,2.18,2.07
2018-12-20 00:00:00,39.21,38.79,38.82,37.99,38.99,38.59,38.9,-0.08,1.3
2018-12-21 00:00:00,39.6,39.21,38.79,38.82,39.45,38.35,38.87,1.08,1.88
2018-12-26 00:00:00,39.78,39.6,39.21,38.79,39.9,39.25,39.25,0.99,1.13
2018-12-27 00:00:00,39.95,39.78,39.6,39.21,39.83,39.3,39.7,0.45,0.3
2018-12-28 00:00:00,39.5,39.95,39.78,39.6,39.9,39.35,39.64,0.43,0.3
2019-01-02 00:00:00,39.05,39.5,39.95,39.78,39.8,39.35,39.5,-1.13,0.33
2019-01-03 00:00:00,39.23,39.05,39.5,39.95,39.58,38.91,39.58,-1.14,0.52
2019-01-04 00:00:00,39.5,39.23,39.05,39.5,39.3,39.01,39.05,0.46,0.48
2019-01-07 00:00:00,39.69,39.5,39.23,39.05,39.89,39.05,39.07,0.69,1.34
2019-01-08 00:00:00,39.3,39.69,39.5,39.23,39.85,39.45,39.85,0.48,0.16
2019-01-09 00:00:00,38.63,39.3,39.69,39.5,39.77,39.25,39.77,-0.98,0.75
2019-01-10 00:00:00,38.3,38.63,39.3,39.69,39.4,38.5,39.4,-1.7,1.04
2019-01-11 00:00:00,38.62,38.3,38.63,39.3,38.7,38.25,38.6,-0.85,0.54
2019-01-14 00:00:00,38.68,38.62,38.3,38.63,38.77,38.4,38.47,0.84,0.21
2019-01-15 00:00:00,38.58,38.68,38.62,38.3,38.79,38.6,38.61,0.16,0.06
2019-01-16 00:00:00,39.05,38.58,38.68,38.62,38.8,38.65,38.66,-0.26,0.18
2019-01-17 00:00:00,39.08,39.05,38.58,38.68,39.41,38.92,39.34,1.22,1.9
2019-01-18 00:00:00,39.22,39.08,39.05,38.58,39.2,38.8,39.04,0.08,1.98
2019-01-21 00:00:00,39.48,39.22,39.08,39.05,39.28,38.65,39.04,0.36,1.35
2019-01-22 00:00:00,39.97,39.48,39.22,39.08,39.76,39.15,39.15,0.66,1.05
2019-01-23 00:00:00,40.31,39.97,39.48,39.22,40.19,39.4,39.52,1.24,1.97
2019-01-24 00:00:00,40.41,40.31,39.97,39.48,40.4,39.57,39.95,0.85,2.17
2019-01-28 00:00:00,40.95,40.41,40.31,39.97,40.58,39.94,40.37,0.25,1.95
2019-01-29 00:00:00,40.7,40.95,40.41,40.31,40.98,40.36,40.48,1.34,1.15
2019-01-30 00:00:00,40.25,40.7,40.95,40.41,41.28,40.66,40.97,-0.61,1.99
2019-01-31 00:00:00,40.96,40.25,40.7,40.95,40.7,40.06,40.6,-1.11,1.48
2019-02-01 00:00:00,40.86,40.96,40.25,40.7,41.05,39.97,40.25,1.76,2.52
2019-02-04 00:00:00,40.45,40.86,40.96,40.25,41.1,40.71,40.91,-0.24,0.66
2019-02-05 00:00:00,40.77,40.45,40.86,40.96,40.95,40.31,40.95,-1.0,1.75
2019-02-06 00:00:00,40.94,40.77,40.45,40.86,40.83,40.25,40.43,0.79,1.43
2019-02-07 00:00:00,41.1,40.94,40.77,40.45,41.27,40.51,40.66,0.42,2.0
2019-02-08 00:00:00,40.88,41.1,40.94,40.77,41.3,40.72,40.84,0.39,1.76
2019-02-11 00:00:00,40.87,40.88,41.1,40.94,41.2,40.7,41.03,-0.54,1.57
2019-02-12 00:00:00,41.26,40.87,40.88,41.1,41.05,40.56,40.76,-0.02,1.98
2019-02-13 00:00:00,41.67,41.26,40.87,40.88,41.38,40.71,40.75,0.95,2.16
2019-02-14 00:00:00,41.67,41.67,41.26,40.87,41.7,41.16,41.21,0.99,2.52
2019-02-15 00:00:00,41.5,41.67,41.67,41.26,41.84,41.33,41.59,0.99,1.66
2019-02-18 00:00:00,41.77,41.5,41.67,41.67,41.73,41.22,41.71,-0.41,0.77
2019-02-19 00:00:00,41.65,41.77,41.5,41.67,41.95,41.43,41.54,0.65,0.97
2019-02-20 00:00:00,41.58,41.65,41.77,41.5,41.92,41.61,41.77,-0.29,1.61
2019-02-21 00:00:00,41.58,41.58,41.65,41.77,41.95,41.32,41.65,-0.17,1.21
2019-02-22 00:00:00,41.84,41.58,41.58,41.65,41.72,41.35,41.6,-0.17,1.02
2019-02-25 00:00:00,42.25,41.84,41.58,41.58,41.94,41.42,41.65,0.63,0.79
2019-02-26 00:00:00,42.55,42.25,41.84,41.58,42.29,41.85,41.88,0.98,1.61
2019-02-27 00:00:00,42.41,42.55,42.25,41.84,42.64,42.16,42.25,0.71,3.69
2019-02-28 00:00:00,42.41,42.41,42.55,42.25,42.63,42.29,42.58,-0.33,1.44
2019-03-01 00:00:00,42.48,42.41,42.41,42.55,42.45,41.95,42.35,-0.33,1.08
2019-03-06 00:00:00,42.5,42.48,42.41,42.41,42.68,42.34,42.54,0.17,0.7
2019-03-07 00:00:00,42.32,42.5,42.48,42.41,42.5,41.95,42.22,0.05,0.47
2019-03-08 00:00:00,42.16,42.32,42.5,42.48,42.46,42.1,42.45,-0.42,0.59
2019-03-11 00:00:00,41.42,42.16,42.32,42.5,42.32,42.14,42.25,-0.38,0.47
2019-03-12 00:00:00,41.34,41.42,42.16,42.32,42.21,41.36,42.16,-1.76,1.95
2019-03-13 00:00:00,40.52,41.34,41.42,42.16,41.59,41.3,41.3,-0.19,1.65
2019-03-14 00:00:00,40.16,40.52,41.34,41.42,41.37,40.5,41.34,-1.98,2.29
2019-03-15 00:00:00,40.0,40.16,40.52,41.34,40.54,40.08,40.44,-0.89,1.48
2019-03-18 00:00:00,37.12,40.0,40.16,40.52,40.24,40.11,40.12,-0.4,0.02
2019-03-19 00:00:00,36.31,37.12,40.0,40.16,37.85,37.01,37.75,-7.2,1.43
2019-03-20 00:00:00,35.8,36.31,37.12,40.0,37.19,36.13,37.19,-2.18,4.35
2019-03-21 00:00:00,35.86,35.8,36.31,37.12,36.35,35.58,36.33,-1.4,2.81
2019-03-22 00:00:00,36.7,35.86,35.8,36.31,36.28,35.5,35.8,0.17,2.01
2019-03-25 00:00:00,37.28,36.7,35.86,35.8,36.8,35.9,35.9,2.34,2.6
2019-03-26 00:00:00,37.12,37.28,36.7,35.86,37.3,36.75,36.8,1.58,3.17
2019-03-27 00:00:00,37.3,37.12,37.28,36.7,37.85,36.9,37.29,-0.43,2.76
2019-03-28 00:00:00,37.28,37.3,37.12,37.28,37.5,36.7,36.82,0.48,2.32
2019-03-29 00:00:00,36.5,37.28,37.3,37.12,37.78,37.2,37.35,-0.05,3.2
2019-04-01 00:00:00,36.07,36.5,37.28,37.3,37.3,36.4,37.09,-2.09,2.26
2019-04-02 00:00:00,36.5,36.07,36.5,37.28,36.55,35.88,36.41,-1.18,1.58
2019-04-03 00:00:00,36.36,36.5,36.07,36.5,36.69,35.75,36.14,1.19,2.05
2019-04-04 00:00:00,36.06,36.36,36.5,36.07,36.79,36.21,36.5,-0.38,1.22
2019-04-05 00:00:00,35.81,36.06,36.36,36.5,36.74,35.85,36.35,-0.83,1.73
2019-04-08 00:00:00,35.79,35.81,36.06,36.36,36.17,35.78,36.13,-0.69,1.32
2019-04-09 00:00:00,35.89,35.79,35.81,36.06,36.03,35.57,35.85,-0.06,14.2
2019-04-10 00:00:00,35.97,35.89,35.79,35.81,36.0,35.55,36.0,0.28,1.42
2019-04-11 00:00:00,35.32,35.97,35.89,35.79,36.09,35.8,36.04,0.22,1.71
2019-04-12 00:00:00,34.78,35.32,35.97,35.89,36.01,35.2,35.91,-1.81,4.33
2019-04-15 00:00:00,34.65,34.78,35.32,35.97,35.4,34.7,35.17,-1.53,5.03
2019-04-16 00:00:00,34.28,34.65,34.78,35.32,34.9,34.5,34.7,-0.37,1.46
2019-04-17 00:00:00,34.38,34.28,34.65,34.78,35.05,34.25,34.59,-1.07,2.47
2019-04-18 00:00:00,34.17,34.38,34.28,34.65,34.76,34.14,34.23,0.29,1.48
2019-04-22 00:00:00,34.16,34.17,34.38,34.28,34.44,34.12,34.39,-0.61,0.87
2019-04-23 00:00:00,34.14,34.16,34.17,34.38,34.25,33.65,34.25,-0.03,2.53
2019-04-24 00:00:00,34.16,34.14,34.16,34.17,34.63,34.06,34.23,-0.06,2.61
2019-04-25 00:00:00,33.85,34.16,34.14,34.16,34.25,33.86,34.14,0.06,1.78
2019-04-26 00:00:00,33.53,33.85,34.16,34.14,34.25,33.71,34.25,-0.91,1.9
2019-04-29 00:00:00,32.51,33.53,33.85,34.16,33.89,33.27,33.76,-0.95,2.76
2019-04-30 00:00:00,31.73,32.51,33.53,33.85,33.53,32.42,33.5,-3.04,1.8
2019-05-02 00:00:00,32.02,31.73,32.51,33.53,32.41,31.51,32.41,-2.4,2.21
2019-05-03 00:00:00,32.03,32.02,31.73,32.51,32.1,31.38,31.5,0.91,1.53
2019-05-06 00:00:00,31.82,32.03,32.02,31.73,32.37,31.9,32.15,0.03,0.91
2019-05-07 00:00:00,31.97,31.82,32.03,32.02,32.01,31.61,32.0,-0.66,1.17
2019-05-08 00:00:00,32.06,31.97,31.82,32.03,32.08,31.6,31.73,0.47,1.83
2019-05-09 00:00:00,32.5,32.06,31.97,31.82,32.27,31.9,32.04,0.28,1.4
2019-05-10 00:00:00,32.8,32.5,32.06,31.97,32.58,31.91,32.02,1.37,1.51
2019-05-13 00:00:00,33.09,32.8,32.5,32.06,32.9,32.38,32.57,0.92,1.05
2019-05-14 00:00:00,33.34,33.09,32.8,32.5,33.2,32.74,32.74,0.88,1.08
2019-05-15 00:00:00,33.37,33.34,33.09,32.8,33.43,33.05,33.05,0.76,0.88
2019-05-16 00:00:00,33.28,33.37,33.34,33.09,33.4,33.25,33.37,0.09,0.36
2019-05-17 00:00:00,34.65,33.28,33.37,33.34,33.4,32.74,32.74,-0.27,0.82
2019-05-20 00:00:00,35.14,34.65,33.28,33.37,34.9,33.46,33.46,4.12,0.82
2019-05-21 00:00:00,34.97,35.14,34.65,33.28,35.75,34.7,34.8,1.41,0.73
2019-05-22 00:00:00,34.72,34.97,35.14,34.65,35.79,34.8,35.4,-0.48,0.71
2019-05-23 00:00:00,34.5,34.72,34.97,35.14,35.0,34.11,35.0,-0.71,0.37
2019-05-24 00:00:00,35.23,34.5,34.72,34.97,35.2,34.48,34.79,-0.63,0.28
2019-05-27 00:00:00,36.41,35.23,34.5,34.72,35.2,34.05,34.4,2.12,0.13
2019-05-28 00:00:00,37.55,36.41,35.23,34.5,36.5,35.8,36.0,3.35,0.32
2019-05-29 00:00:00,37.59,37.55,36.41,35.23,37.44,36.6,36.65,3.13,0.82
2019-05-30 00:00:00,38.27,37.59,37.55,36.41,39.39,37.05,37.57,0.11,0.91
2019-05-31 00:00:00,38.28,38.27,37.59,37.55,38.4,37.15,37.3,1.81,0.71
2019-06-03 00:00:00,38.25,38.28,38.27,37.59,38.68,37.85,38.68,0.03,0.61
2019-06-04 00:00:00,37.69,38.25,38.28,38.27,38.68,38.1,38.38,-0.08,0.23
2019-06-05 00:00:00,36.95,37.69,38.25,38.28,38.75,37.5,38.59,-1.46,1.13
2019-06-06 00:00:00,37.2,36.95,37.69,38.25,37.41,36.65,37.4,-1.96,0.4
2019-06-07 00:00:00,36.79,37.2,36.95,37.69,37.3,35.66,36.8,0.68,0.3
2019-06-10 00:00:00,36.5,36.79,37.2,36.95,37.4,36.53,37.3,-1.1,0.24
2019-06-11 00:00:00,37.06,36.5,36.79,37.2,36.74,36.38,36.65,-0.79,0.26
2019-06-12 00:00:00,37.91,37.06,36.5,36.79,37.0,35.8,36.38,1.53,0.66
2019-06-13 00:00:00,38.35,37.91,37.06,36.5,38.2,36.7,36.88,2.29,0.42
2019-06-14 00:00:00,38.58,38.35,37.91,37.06,38.7,38.0,38.0,1.16,0.38
2019-06-17 00:00:00,38.88,38.58,38.35,37.91,38.79,38.18,38.34,0.6,0.35
2019-06-18 00:00:00,38.4,38.88,38.58,38.35,39.2,38.5,38.5,0.78,0.19
2019-06-19 00:00:00,37.13,38.4,38.88,38.58,38.95,38.01,38.95,-1.23,0.18
2019-06-21 00:00:00,37.21,37.13,38.4,38.88,38.02,37.2,38.01,-3.31,0.71
2019-06-24 00:00:00,37.95,37.21,37.13,38.4,38.29,37.3,37.3,0.22,0.16
2019-06-25 00:00:00,38.21,37.95,37.21,37.13,38.1,37.16,37.16,1.99,0.17
2019-06-26 00:00:00,38.18,38.21,37.95,37.21,38.48,38.0,38.0,0.69,0.2
2019-06-27 00:00:00,38.32,38.18,38.21,37.95,38.38,38.01,38.27,-0.08,0.04
2019-06-28 00:00:00,37.2,38.32,38.18,38.21,38.4,38.3,38.37,0.37,0.2
2019-07-01 00:00:00,36.53,37.2,38.32,38.18,38.8,37.0,38.39,-2.92,0.43
2019-07-02 00:00:00,37.1,36.53,37.2,38.32,37.5,36.35,37.21,-1.8,0.12
2019-07-03 00:00:00,37.74,37.1,36.53,37.2,37.2,36.31,36.71,1.56,0.09
2019-07-04 00:00:00,38.23,37.74,37.1,36.53,37.7,37.25,37.45,1.73,0.11
2019-07-05 00:00:00,38.1,38.23,37.74,37.1,37.97,37.32,37.52,1.3,0.24
2019-07-08 00:00:00,38.16,38.1,38.23,37.74,38.1,37.9,38.1,-0.34,0.06
2019-07-10 00:00:00,37.45,38.16,38.1,38.23,37.91,37.2,37.9,0.16,0.03
2019-07-11 00:00:00,37.4,37.45,38.16,38.1,37.7,37.2,37.61,-1.86,0.03
2019-07-12 00:00:00,37.16,37.4,37.45,38.16,37.49,36.93,37.44,-0.13,0.02
2019-07-15 00:00:00,37.12,37.16,37.4,37.45,37.3,36.95,37.2,-0.64,0.13
2019-07-16 00:00:00,37.65,37.12,37.16,37.4,37.11,37.05,37.05,-0.11,0.02
2019-07-17 00:00:00,37.82,37.65,37.12,37.16,37.75,37.16,37.67,1.43,2.78
2019-07-18 00:00:00,37.08,37.82,37.65,37.12,38.1,37.67,37.7,0.45,2.31
2019-07-19 00:00:00,37.34,37.08,37.82,37.65,37.9,37.0,37.81,-1.96,3.69
2019-07-22 00:00:00,36.94,37.34,37.08,37.82,37.44,37.01,37.01,0.7,1.52
2019-07-23 00:00:00,36.87,36.94,37.34,37.08,37.42,36.76,37.3,-1.07,2.29
2019-07-24 00:00:00,36.72,36.87,36.94,37.34,37.27,36.76,36.98,-0.19,1.83
2019-07-25 00:00:00,36.61,36.72,36.87,36.94,37.23,36.65,36.9,-0.41,2.29
2019-07-26 00:00:00,36.7,36.61,36.72,36.87,36.79,36.52,36.65,-0.3,2.81
2019-07-29 00:00:00,36.92,36.7,36.61,36.72,36.75,36.42,36.55,0.25,1.1
2019-07-30 00:00:00,36.84,36.92,36.7,36.61,36.99,36.67,36.68,0.6,0.76
2019-07-31 00:00:00,36.6,36.84,36.92,36.7,36.96,36.61,36.87,-0.22,2.11
2019-08-01 00:00:00,36.1,36.6,36.84,36.92,36.93,36.47,36.93,-0.65,2.57
2019-08-02 00:00:00,36.5,36.1,36.6,36.84,36.78,36.05,36.56,-1.37,3.94
2019-08-05 00:00:00,37.27,36.5,36.1,36.6,36.62,36.06,36.13,1.11,1.94
2019-08-06 00:00:00,37.47,37.27,36.5,36.1,37.4,36.11,36.5,2.11,3.25
2019-08-07 00:00:00,38.43,37.47,37.27,36.5,37.65,36.9,37.39,0.54,3.06
2019-08-08 00:00:00,38.14,38.43,37.47,37.27,38.7,37.49,37.6,2.56,5.28
2019-08-09 00:00:00,38.45,38.14,38.43,37.47,38.5,38.0,38.5,-0.75,2.43
2019-08-12 00:00:00,36.91,38.45,38.14,38.43,38.6,38.09,38.1,0.81,1.48
2019-08-13 00:00:00,36.5,36.91,38.45,38.14,38.9,36.81,38.45,-4.01,5.13
2019-08-14 00:00:00,36.67,36.5,36.91,38.45,36.77,36.05,36.77,-1.11,3.47
2019-08-15 00:00:00,36.34,36.67,36.5,36.91,37.07,36.42,36.42,0.47,1.24
2019-08-16 00:00:00,36.53,36.34,36.67,36.5,36.7,36.25,36.55,-0.9,0.92
2019-08-19 00:00:00,36.56,36.53,36.34,36.67,36.7,36.3,36.35,0.52,0.82
2019-08-20 00:00:00,36.15,36.56,36.53,36.34,36.65,36.16,36.45,0.08,0.68
2019-08-21 00:00:00,36.21,36.15,36.56,36.53,36.9,36.07,36.38,-1.12,1.98
2019-08-22 00:00:00,36.52,36.21,36.15,36.56,36.47,36.01,36.25,0.17,1.67
2019-08-23 00:00:00,36.63,36.52,36.21,36.15,36.65,36.16,36.16,0.86,1.53
2019-08-26 00:00:00,36.91,36.63,36.52,36.21,36.68,36.4,36.57,0.3,1.07
2019-08-27 00:00:00,36.86,36.91,36.63,36.52,36.95,36.49,36.52,0.76,0.84
2019-08-28 00:00:00,37.14,36.86,36.91,36.63,37.03,36.71,36.98,-0.14,0.92
2019-08-29 00:00:00,37.24,37.14,36.86,36.91,37.19,36.65,37.03,0.76,1.35
2019-08-30 00:00:00,37.28,37.24,37.14,36.86,37.53,37.05,37.11,0.27,1.86
2019-09-02 00:00:00,37.07,37.28,37.24,37.14,37.44,37.1,37.22,0.11,1.21
2019-09-03 00:00:00,37.23,37.07,37.28,37.24,37.3,36.8,37.29,-0.56,0.64
2019-09-04 00:00:00,36.89,37.23,37.07,37.28,37.3,37.06,37.06,0.43,0.84
2019-09-05 00:00:00,36.6,36.89,37.23,37.07,37.29,36.82,37.29,-0.91,2.18
2019-09-06 00:00:00,36.48,36.6,36.89,37.23,36.9,36.54,36.85,-0.79,2.97
2019-09-09 00:00:00,36.65,36.48,36.6,36.89,36.61,36.4,36.6,-0.33,0.68
2019-09-10 00:00:00,37.09,36.65,36.48,36.6,36.87,36.41,36.41,0.47,0.36
2019-09-11 00:00:00,37.04,37.09,36.65,36.48,37.14,36.56,36.69,1.2,2.14
2019-09-12 00:00:00,37.03,37.04,37.09,36.65,37.21,36.89,37.05,-0.13,0.61
2019-09-13 00:00:00,37.32,37.03,37.04,37.09,37.17,36.92,37.14,-0.03,2.36
2019-09-16 00:00:00,37.55,37.32,37.03,37.04,37.45,37.05,37.05,0.78,0.88
2019-09-17 00:00:00,39.28,37.55,37.32,37.03,37.53,37.35,37.35,0.62,0.53
2019-09-18 00:00:00,39.38,39.28,37.55,37.32,39.6,39.15,39.51,4.61,3.12
2019-09-19 00:00:00,39.55,39.38,39.28,37.55,39.49,39.15,39.21,0.25,3.12
2019-09-20 00:00:00,39.75,39.55,39.38,39.28,39.65,39.26,39.28,0.43,1.64
2019-09-23 00:00:00,40.16,39.75,39.55,39.38,39.9,39.62,39.62,0.51,1.89
2019-09-24 00:00:00,40.12,40.16,39.75,39.55,40.32,39.75,39.85,1.03,2.66
2019-09-25 00:00:00,40.11,40.12,40.16,39.75,40.28,39.91,40.14,-0.1,2.25
2019-09-26 00:00:00,39.95,40.11,40.12,40.16,40.29,39.8,40.18,-0.02,1.98
2019-09-27 00:00:00,40.13,39.95,40.11,40.12,40.49,39.91,40.1,-0.4,5.67
2019-09-30 00:00:00,40.5,40.13,39.95,40.11,40.15,39.83,39.92,0.45,0.63
2019-10-01 00:00:00,40.71,40.5,40.13,39.95,40.6,40.02,40.15,0.92,3.71
2019-10-02 00:00:00,40.37,40.71,40.5,40.13,40.9,40.34,40.52,0.52,2.52
2019-10-03 00:00:00,40.16,40.37,40.71,40.5,40.82,40.31,40.72,-0.84,2.15
2019-10-04 00:00:00,40.13,40.16,40.37,40.71,40.5,40.1,40.3,-0.52,2.54
2019-10-07 00:00:00,40.49,40.13,40.16,40.37,40.2,39.95,40.05,-0.07,1.99
2019-10-08 00:00:00,40.71,40.49,40.13,40.16,40.59,40.11,40.11,0.9,2.51
2019-10-09 00:00:00,40.59,40.71,40.49,40.13,40.78,40.39,40.6,0.54,1.49
2019-10-10 00:00:00,40.62,40.59,40.71,40.49,40.75,40.42,40.7,-0.29,1.6
2019-10-11 00:00:00,41.06,40.62,40.59,40.71,40.89,40.33,40.62,0.07,2.1
2019-10-14 00:00:00,41.51,41.06,40.62,40.59,41.24,40.61,40.68,1.08,2.68
2019-10-15 00:00:00,41.73,41.51,41.06,40.62,41.88,41.05,41.11,1.1,2.07
2019-10-16 00:00:00,42.45,41.73,41.51,41.06,41.78,41.3,41.47,0.53,2.73
2019-10-17 00:00:00,43.35,42.45,41.73,41.51,42.6,41.75,41.77,1.73,6.45
2019-10-18 00:00:00,43.14,43.35,42.45,41.73,43.43,42.5,42.5,2.12,4.46
2019-10-21 00:00:00,43.76,43.14,43.35,42.45,43.35,43.01,43.29,-0.48,1.38
2019-10-22 00:00:00,43.54,43.76,43.14,43.35,43.78,43.06,43.06,1.44,2.08
2019-10-23 00:00:00,43.52,43.54,43.76,43.14,44.1,43.41,43.79,-0.5,3.33
2019-10-24 00:00:00,43.43,43.52,43.54,43.76,43.68,43.2,43.51,-0.05,1.37
2019-10-25 00:00:00,43.36,43.43,43.52,43.54,43.65,43.22,43.47,-0.21,1.72
2019-10-28 00:00:00,43.13,43.36,43.43,43.52,43.52,43.2,43.41,-0.16,1.71
2019-10-29 00:00:00,42.71,43.13,43.36,43.43,43.35,43.06,43.35,-0.53,1.87
2019-10-30 00:00:00,42.72,42.71,43.13,43.36,43.35,42.78,43.11,-0.97,3.86
2019-10-31 00:00:00,42.61,42.72,42.71,43.13,42.88,42.5,42.66,0.02,2.24
2019-11-01 00:00:00,42.09,42.61,42.72,42.71,42.84,42.55,42.65,-0.26,1.24
2019-11-04 00:00:00,41.99,42.09,42.61,42.72,42.58,41.85,42.53,-1.22,2.39
2019-11-05 00:00:00,42.39,41.99,42.09,42.61,42.34,41.7,42.05,-0.24,0.01
2019-11-06 00:00:00,42.59,42.39,41.99,42.09,42.5,42.05,42.05,0.95,0.01
2019-11-07 00:00:00,42.81,42.59,42.39,41.99,42.84,42.17,42.41,0.47,1.86
2019-11-08 00:00:00,43.0,42.81,42.59,42.39,42.9,42.45,42.64,0.52,1.38
2019-11-11 00:00:00,43.35,43.0,42.81,42.59,43.08,42.81,42.84,0.44,1.48
2019-11-12 00:00:00,44.18,43.35,43.0,42.81,43.4,42.99,43.0,0.81,1.6
2019-11-13 00:00:00,44.02,44.18,43.35,43.0,44.25,43.32,43.36,1.91,4.83
2019-11-14 00:00:00,44.3,44.02,44.18,43.35,44.36,43.93,44.21,-0.36,1.31
2019-11-18 00:00:00,44.04,44.3,44.02,44.18,44.4,44.0,44.0,0.64,1.69
2019-11-19 00:00:00,46.98,44.04,44.3,44.02,44.3,44.05,44.3,-0.59,0.26
2019-11-21 00:00:00,48.29,46.98,44.04,44.3,47.0,45.84,45.89,6.68,2.61
2019-11-22 00:00:00,48.16,48.29,46.98,44.04,48.61,46.96,46.96,2.79,2.52
2019-11-25 00:00:00,48.8,48.16,48.29,46.98,49.2,47.5,48.3,-0.27,3.57
2019-11-26 00:00:00,49.29,48.8,48.16,48.29,48.97,48.23,48.34,1.33,1.55
2019-11-27 00:00:00,49.13,49.29,48.8,48.16,49.44,48.55,48.86,1.0,2.32
2019-11-28 00:00:00,49.05,49.13,49.29,48.8,49.3,48.18,49.3,-0.32,2.77
2019-11-29 00:00:00,49.25,49.05,49.13,49.29,49.48,48.7,49.2,-0.16,1.56
2019-12-02 00:00:00,49.37,49.25,49.05,49.13,49.3,48.61,49.0,0.41,1.3
2019-12-03 00:00:00,49.34,49.37,49.25,49.05,49.4,48.9,49.3,0.24,0.9
2019-12-04 00:00:00,49.42,49.34,49.37,49.25,49.4,49.07,49.25,-0.06,0.73
2019-12-05 00:00:00,48.44,49.42,49.34,49.37,49.78,49.15,49.16,0.16,1.94
2019-12-06 00:00:00,48.3,48.44,49.42,49.34,49.49,48.06,49.31,-1.98,3.12
2019-12-09 00:00:00,48.33,48.3,48.44,49.42,48.59,48.2,48.43,-0.29,1.65
2019-12-10 00:00:00,48.34,48.33,48.3,48.44,50.26,48.2,48.39,0.06,1.14
2019-12-11 00:00:00,47.9,48.34,48.33,48.3,48.96,48.15,48.22,0.02,1.53
2019-12-12 00:00:00,48.74,47.9,48.34,48.33,48.24,47.66,48.24,-0.91,1.42
2019-12-13 00:00:00,48.63,48.74,47.9,48.34,48.72,47.63,47.8,1.75,1.85
2019-12-16 00:00:00,48.78,48.63,48.74,47.9,49.23,48.55,48.84,-0.23,1.42
2019-12-17 00:00:00,48.39,48.78,48.63,48.74,48.98,48.5,48.56,0.31,0.5
2019-12-18 00:00:00,47.92,48.39,48.78,48.63,49.14,48.3,48.73,-0.8,0.98
2019-12-19 00:00:00,48.13,47.92,48.39,48.78,48.34,47.77,48.31,-0.97,1.62
2019-12-20 00:00:00,48.26,48.13,47.92,48.39,48.3,47.83,47.83,0.44,0.51
2019-12-23 00:00:00,48.36,48.26,48.13,47.92,48.24,47.9,48.18,0.27,0.48
2019-12-26 00:00:00,48.74,48.36,48.26,48.13,48.5,48.11,48.28,0.21,0.27
2019-12-27 00:00:00,49.01,48.74,48.36,48.26,48.77,48.49,48.51,0.79,0.67
2019-12-30 00:00:00,49.01,49.01,48.74,48.36,49.1,48.75,48.75,0.55,0.78
2020-01-02 00:00:00,49.11,49.01,49.01,48.74,49.43,48.91,49.0,0.55,0.58
2020-01-03 00:00:00,48.92,49.11,49.01,49.01,49.45,48.97,49.45,0.2,1.41
2020-01-06 00:00:00,49.57,48.92,49.11,49.01,49.15,48.74,49.01,-0.39,0.57
2020-01-07 00:00:00,50.21,49.57,48.92,49.11,49.59,48.88,48.9,1.33,1.06
2020-01-08 00:00:00,50.19,50.21,49.57,48.92,50.39,49.55,49.64,1.29,1.47
2020-01-09 00:00:00,50.86,50.19,50.21,49.57,50.4,50.04,50.34,-0.04,1.19
2020-01-10 00:00:00,51.4,50.86,50.19,50.21,50.97,50.3,50.3,1.33,0.82
2020-01-13 00:00:00,51.6,51.4,50.86,50.19,51.54,50.75,50.75,1.06,0.87
2020-01-14 00:00:00,51.92,51.6,51.4,50.86,51.9,51.4,51.4,0.39,0.36
2020-01-15 00:00:00,51.79,51.92,51.6,51.4,51.99,51.65,51.8,0.62,0.7
2020-01-16 00:00:00,52.07,51.79,51.92,51.6,51.98,51.71,51.9,-0.25,0.73
2020-01-17 00:00:00,51.95,52.07,51.79,51.92,52.95,51.89,52.46,0.54,3.09
2020-01-20 00:00:00,52.12,51.95,52.07,51.79,52.03,51.21,51.91,-0.23,2.79
2020-01-21 00:00:00,51.7,52.12,51.95,52.07,52.3,51.87,52.0,0.33,0.62
2020-01-22 00:00:00,52.05,51.7,52.12,51.95,52.23,51.7,52.23,-0.81,1.18
2020-01-23 00:00:00,52.39,52.05,51.7,52.12,52.3,51.5,51.56,0.68,2.02
2020-01-24 00:00:00,51.93,52.39,52.05,51.7,52.58,52.0,52.14,0.65,1.55
2020-01-27 00:00:00,51.62,51.93,52.39,52.05,52.48,51.91,52.48,-0.88,1.4
2020-01-28 00:00:00,51.49,51.62,51.93,52.39,51.95,51.53,51.86,-0.6,1.29
2020-01-29 00:00:00,50.71,51.49,51.62,51.93,52.05,51.31,51.62,-0.25,1.44
2020-01-30 00:00:00,49.56,50.71,51.49,51.62,51.64,50.45,51.37,-1.51,3.27
2020-01-31 00:00:00,48.99,49.56,50.71,51.49,50.82,49.33,50.78,-2.27,4.44
2020-02-03 00:00:00,48.19,48.99,49.56,50.71,50.72,48.44,49.6,-1.15,3.51
2020-02-04 00:00:00,48.34,48.19,48.99,49.56,49.22,48.1,49.08,-1.63,3.25
2020-02-05 00:00:00,48.83,48.34,48.19,48.99,48.94,47.95,48.2,0.31,2.79
2020-02-06 00:00:00,49.16,48.83,48.34,48.19,49.0,48.17,48.58,1.01,2.0
2020-02-07 00:00:00,49.38,49.16,48.83,48.34,49.47,48.7,48.78,0.68,1.72
2020-02-10 00:00:00,49.57,49.38,49.16,48.83,49.5,49.01,49.15,0.45,1.11
2020-02-11 00:00:00,49.06,49.57,49.38,49.16,49.94,49.3,49.4,0.38,2.3
2020-02-12 00:00:00,49.93,49.06,49.57,49.38,49.81,49.0,49.56,-1.03,3.94
2020-02-13 00:00:00,51.29,49.93,49.06,49.57,49.98,48.85,49.03,1.77,2.87
2020-02-14 00:00:00,51.74,51.29,49.93,49.06,51.3,50.02,50.02,2.72,5.53
2020-02-17 00:00:00,52.56,51.74,51.29,49.93,51.78,51.3,51.31,0.88,2.02
2020-02-18 00:00:00,52.58,52.56,51.74,51.29,52.55,52.45,52.45,1.58,3.36
2020-02-19 00:00:00,52.13,52.58,52.56,51.74,52.64,52.64,52.64,0.04,1.99
2020-02-20 00:00:00,51.85,52.13,52.58,52.56,52.15,52.1,52.15,-0.86,3.27
2020-02-21 00:00:00,51.87,51.85,52.13,52.58,51.71,51.66,51.66,-0.54,1.86
2020-02-26 00:00:00,52.26,51.87,51.85,52.13,51.9,51.8,51.8,0.04,0.95
2020-02-27 00:00:00,53.16,52.26,51.87,51.85,52.45,52.35,52.35,0.75,0.95
2020-02-28 00:00:00,53.43,53.16,52.26,51.87,53.25,53.11,53.25,1.72,3.46
2020-03-02 00:00:00,54.24,53.43,53.16,52.26,53.55,53.2,53.2,0.51,1.47
2020-03-03 00:00:00,54.95,54.24,53.43,53.16,54.25,54.18,54.25,1.52,3.09
2020-03-04 00:00:00,55.25,54.95,54.24,53.43,55.18,55.1,55.18,1.31,3.65
2020-03-05 00:00:00,55.26,55.25,54.95,54.24,55.5,55.4,55.44,0.55,2.12
2020-03-06 00:00:00,55.59,55.26,55.25,54.95,55.3,55.25,55.3,0.02,1.9
2020-03-09 00:00:00,56.04,55.59,55.26,55.25,55.67,55.46,55.46,0.6,0.86
2020-03-10 00:00:00,56.19,56.04,55.59,55.26,56.01,55.8,55.81,0.81,1.27
2020-03-11 00:00:00,56.74,56.19,56.04,55.59,56.19,55.84,56.11,0.27,0.01
2020-03-12 00:00:00,57.5,56.74,56.19,56.04,56.79,56.6,56.6,0.98,1.71
2020-03-13 00:00:00,57.75,57.5,56.74,56.19,57.65,56.85,57.06,1.34,0.07
2020-03-16 00:00:00,49.37,57.75,57.5,56.74,57.81,57.81,57.81,0.43,0.81
2020-03-17 00:00:00,47.61,49.37,57.75,57.5,57.6,49.37,57.53,-14.51,0.34
2020-03-18 00:00:00,49.41,47.61,49.37,57.75,47.1,46.75,47.03,-3.56,8.52
2020-03-19 00:00:00,49.07,49.41,47.61,49.37,50.3,49.74,49.75,3.78,9.36
2020-03-20 00:00:00,49.09,49.07,49.41,47.61,51.47,48.85,50.5,-0.69,0.19
2020-03-23 00:00:00,48.84,49.09,49.07,49.41,49.85,48.38,49.85,0.04,0.26
2020-03-24 00:00:00,48.69,48.84,49.09,49.07,49.3,49.0,49.0,-0.51,2.14
2020-03-25 00:00:00,48.95,48.69,48.84,49.09,49.45,48.06,48.95,-0.31,0.12
2020-03-26 00:00:00,49.29,48.95,48.69,48.84,49.79,48.6,49.01,0.53,0.04
2020-03-27 00:00:00,47.89,49.29,48.95,48.69,49.4,48.87,48.95,0.69,0.1
2020-03-30 00:00:00,49.44,47.89,49.29,48.95,48.0,47.78,47.91,-2.84,0.26
2020-03-31 00:00:00,50.69,49.44,47.89,49.29,49.85,49.61,49.69,3.24,4.46
2020-04-01 00:00:00,49.69,50.69,49.44,47.89,50.7,50.6,50.6,2.53,4.54
2020-04-02 00:00:00,48.45,49.69,50.69,49.44,49.65,49.17,49.65,-1.97,3.27
2020-04-03 00:00:00,49.22,48.45,49.69,50.69,48.59,48.15,48.3,-2.5,4.01
2020-04-06 00:00:00,48.61,49.22,48.45,49.69,49.35,49.28,49.33,1.59,2.57
2020-04-07 00:00:00,47.53,48.61,49.22,48.45,48.6,48.5,48.6,-1.24,1.83
2020-04-08 00:00:00,46.92,47.53,48.61,49.22,47.53,47.36,47.53,-2.22,3.67
2020-04-09 00:00:00,46.77,46.92,47.53,48.61,47.0,46.7,46.71,-1.28,3.58
2020-04-13 00:00:00,47.06,46.77,46.92,47.53,47.0,46.8,46.8,-0.32,3.38
2020-04-14 00:00:00,46.93,47.06,46.77,46.92,47.23,47.13,47.13,0.62,2.37
2020-04-15 00:00:00,46.15,46.93,47.06,46.77,46.95,46.74,46.95,-0.28,1.85
2020-04-16 00:00:00,45.55,46.15,46.93,47.06,46.25,46.05,46.24,-1.66,3.95
2020-04-17 00:00:00,45.61,45.55,46.15,46.93,45.5,45.45,45.45,-1.3,4.03
2020-04-20 00:00:00,45.31,45.61,45.55,46.15,46.04,45.7,45.75,0.13,3.99
2020-04-22 00:00:00,45.4,45.31,45.61,45.55,45.26,45.2,45.2,-0.66,2.88
2020-04-23 00:00:00,45.83,45.4,45.31,45.61,45.79,45.58,45.58,0.2,4.09
2020-04-24 00:00:00,47.24,45.83,45.4,45.31,46.15,46.0,46.06,0.95,2.83
2020-04-27 00:00:00,47.48,47.24,45.83,45.4,47.5,47.5,47.5,3.08,5.1
2020-04-28 00:00:00,47.42,47.48,47.24,45.83,47.36,47.36,47.36,0.51,4.54
2020-04-29 00:00:00,46.87,47.42,47.48,47.24,48.45,47.21,47.88,-0.13,4.13
2020-04-30 00:00:00,47.23,46.87,47.42,47.48,46.9,46.8,46.86,-1.16,1.87
2020-05-04 00:00:00,48.01,47.23,46.87,47.42,47.4,47.24,47.24,0.77,0.85
2020-05-05 00:00:00,48.83,48.01,47.23,46.87,48.2,48.04,48.04,1.65,1.85
2020-05-06 00:00:00,48.81,48.83,48.01,47.23,49.08,48.9,48.9,1.71,4.31
2020-05-07 00:00:00,50.03,48.81,48.83,48.01,49.0,48.9,48.99,-0.04,2.02
2020-05-08 00:00:00,49.9,50.03,48.81,48.83,50.0,49.87,49.87,2.5,5.3
2020-05-11 00:00:00,49.96,49.9,50.03,48.81,50.0,49.85,49.89,-0.26,1.95
2020-05-12 00:00:00,50.17,49.96,49.9,50.03,49.95,49.9,49.91,0.12,1.21
2020-05-13 00:00:00,50.35,50.17,49.96,49.9,50.23,50.23,50.23,0.42,2.32
2020-05-14 00:00:00,50.82,50.35,50.17,49.96,50.4,50.11,50.34,0.36,0.04
2020-05-15 00:00:00,46.71,50.82,50.35,50.17,50.76,50.76,50.76,0.93,0.04
2020-05-18 00:00:00,46.35,46.71,50.82,50.35,47.5,46.71,47.5,-8.09,0.08
2020-05-19 00:00:00,46.95,46.35,46.71,50.82,46.8,46.2,46.8,-0.77,0.01
2020-05-20 00:00:00,46.8,46.95,46.35,46.71,47.0,46.06,46.06,1.29,0.11
2020-05-21 00:00:00,46.55,46.8,46.95,46.35,47.2,46.51,47.0,-0.32,0.02
2020-05-22 00:00:00,46.94,46.55,46.8,46.95,46.8,46.22,46.7,-0.53,0.03
2020-05-25 00:00:00,45.9,46.94,46.55,46.8,47.0,46.2,46.2,0.84,0.01
2020-05-26 00:00:00,45.7,45.9,46.94,46.55,46.79,45.8,46.4,-2.22,0.02
2020-05-27 00:00:00,44.65,45.7,45.9,46.94,46.2,45.35,46.2,-0.44,0.04
2020-05-28 00:00:00,45.55,44.65,45.7,45.9,45.5,44.65,45.5,-2.3,0.01
2020-05-29 00:00:00,44.99,45.55,44.65,45.7,45.6,44.9,44.99,2.02,0.08
2020-06-01 00:00:00,45.01,44.99,45.55,44.65,44.99,44.57,44.98,-1.23,0.06
2020-06-02 00:00:00,44.21,45.01,44.99,45.55,45.02,44.55,44.65,0.04,0.06
2020-06-03 00:00:00,43.7,44.21,45.01,44.99,44.6,44.2,44.5,-1.78,0.01
2020-06-04 00:00:00,43.7,43.7,44.21,45.01,44.05,43.53,44.05,-1.15,0.02
2020-06-05 00:00:00,43.7,43.7,43.7,44.21,44.02,43.5,43.65,-1.15,0.03
2020-06-08 00:00:00,43.25,43.7,43.7,43.7,43.78,43.4,43.78,-1.15,0.03
2020-06-09 00:00:00,43.4,43.25,43.7,43.7,43.65,43.2,43.59,-1.03,0.03
2020-06-10 00:00:00,43.5,43.4,43.25,43.7,43.54,43.05,43.25,0.35,0.01
2020-06-12 00:00:00,43.8,43.5,43.4,43.25,43.5,43.37,43.37,0.23,0.01
2020-06-15 00:00:00,44.6,43.8,43.5,43.4,44.1,43.58,43.85,0.69,0.03
2020-06-16 00:00:00,44.5,44.6,43.8,43.5,44.79,44.01,44.15,1.83,0.09
2020-06-17 00:00:00,45.3,44.5,44.6,43.8,44.54,44.0,44.3,-0.22,0.01
2020-06-18 00:00:00,46.11,45.3,44.5,44.6,45.35,44.31,44.48,1.8,0.11
2020-06-19 00:00:00,46.23,46.11,45.3,44.5,46.13,45.6,45.6,1.79,0.09
2020-06-22 00:00:00,45.9,46.23,46.11,45.3,46.23,46.14,46.14,0.26,0.09
2020-06-23 00:00:00,45.8,45.9,46.23,46.11,46.15,45.65,46.15,-0.71,0.02
2020-06-24 00:00:00,46.05,45.8,45.9,46.23,46.1,45.55,46.1,-0.22,0.03
2020-06-25 00:00:00,46.15,46.05,45.8,45.9,46.1,45.4,45.41,0.55,0.03
2020-06-26 00:00:00,46.65,46.15,46.05,45.8,46.35,46.05,46.35,0.22,0.03
2020-06-29 00:00:00,47.35,46.65,46.15,46.05,46.65,46.6,46.6,1.08,0.11
2020-06-30 00:00:00,48.1,47.35,46.65,46.15,47.64,46.65,46.65,1.5,0.03
2020-07-01 00:00:00,48.8,48.1,47.35,46.65,48.53,48.25,48.4,1.58,1.15
2020-07-02 00:00:00,48.9,48.8,48.1,47.35,49.0,48.35,48.62,1.46,0.05
2020-07-03 00:00:00,49.2,48.9,48.8,48.1,49.25,48.65,49.1,0.2,0.02
2020-07-06 00:00:00,49.7,49.2,48.9,48.8,49.34,49.2,49.29,0.61,0.02
2020-07-07 00:00:00,50.25,49.7,49.2,48.9,49.87,48.9,48.9,1.02,0.05
2020-07-08 00:00:00,51.04,50.25,49.7,49.2,50.25,49.65,49.99,1.11,0.02
2020-07-09 00:00:00,51.15,51.04,50.25,49.7,51.06,49.82,50.08,1.57,1.02
2020-07-10 00:00:00,50.9,51.15,51.04,50.25,51.2,50.48,50.48,0.22,0.01
2020-07-13 00:00:00,49.83,50.9,51.15,51.04,50.9,50.8,50.8,-0.49,0.02
2020-07-14 00:00:00,49.6,49.83,50.9,51.15,50.75,49.65,50.75,-2.1,0.02
2020-07-15 00:00:00,47.0,49.6,49.83,50.9,49.97,49.5,49.97,-0.46,0.02
2020-07-16 00:00:00,46.83,47.0,49.6,49.83,49.84,47.0,49.61,-5.24,0.31
2020-07-17 00:00:00,47.82,46.83,47.0,49.6,47.48,46.66,47.3,-0.36,0.13
2020-07-20 00:00:00,48.0,47.82,46.83,47.0,47.9,47.82,47.84,2.11,0.08
2020-07-21 00:00:00,47.22,48.0,47.82,46.83,48.2,47.56,47.7,0.38,0.07
2020-07-22 00:00:00,47.25,47.22,48.0,47.82,48.03,47.15,47.91,-1.62,0.22
2020-07-23 00:00:00,47.87,47.25,47.22,48.0,47.66,46.91,47.21,0.06,0.13
2020-07-24 00:00:00,48.04,47.87,47.25,47.22,47.97,46.7,46.92,1.31,0.22
2020-07-27 00:00:00,48.8,48.04,47.87,47.25,48.04,47.85,47.85,0.36,0.05
2020-07-28 00:00:00,48.95,48.8,48.04,47.87,48.95,48.15,48.25,1.58,0.1
2020-07-29 00:00:00,48.65,48.95,48.8,48.04,48.96,48.34,48.9,0.31,0.16
2020-07-30 00:00:00,49.81,48.65,48.95,48.8,48.83,48.31,48.77,-0.61,0.05
2020-07-31 00:00:00,51.0,49.81,48.65,48.95,50.0,48.9,48.9,2.38,0.56
2020-08-03 00:00:00,52.5,51.0,49.81,48.65,51.0,50.91,51.0,2.39,0.07
2020-08-04 00:00:00,51.99,52.5,51.0,49.81,53.05,50.8,51.0,2.94,0.16
2020-08-05 00:00:00,52.92,51.99,52.5,51.0,53.25,51.71,52.6,-0.97,0.16
2020-08-06 00:00:00,53.69,52.92,51.99,52.5,52.98,52.06,52.2,1.79,0.19
2020-08-07 00:00:00,54.8,53.69,52.92,51.99,53.98,53.01,53.15,1.46,0.45
2020-08-10 00:00:00,54.91,54.8,53.69,52.92,54.8,54.75,54.75,2.07,0.26
2020-08-11 00:00:00,55.49,54.91,54.8,53.69,55.15,53.8,54.77,0.2,0.18
2020-08-12 00:00:00,56.33,55.49,54.91,54.8,55.99,54.95,55.21,1.06,0.14
2020-08-13 00:00:00,57.7,56.33,55.49,54.91,56.55,55.4,55.9,1.51,0.19
2020-08-14 00:00:00,58.38,57.7,56.33,55.49,58.05,56.15,56.6,2.43,0.27
2020-08-17 00:00:00,60.49,58.38,57.7,56.33,58.39,58.03,58.36,1.18,0.25
2020-08-18 00:00:00,59.1,60.49,58.38,57.7,60.49,58.7,58.7,3.61,0.15
2020-08-19 00:00:00,60.1,59.1,60.49,58.38,59.09,58.8,58.87,-2.3,0.21
2020-08-20 00:00:00,60.4,60.1,59.1,60.49,60.12,59.47,59.96,1.69,0.2
2020-08-21 00:00:00,60.35,60.4,60.1,59.1,61.04,60.32,60.59,0.5,0.24
2020-08-24 00:00:00,60.59,60.35,60.4,60.1,60.35,60.25,60.35,-0.08,0.11
2020-08-25 00:00:00,61.44,60.59,60.35,60.4,61.0,60.25,61.0,0.4,0.29
2020-08-26 00:00:00,59.89,61.44,60.59,60.35,61.72,60.45,60.45,1.4,0.14
2020-08-27 00:00:00,60.05,59.89,61.44,60.59,61.85,59.05,61.31,-2.52,1.37
2020-08-28 00:00:00,59.58,60.05,59.89,61.44,60.29,59.0,60.25,0.27,0.19
2020-08-31 00:00:00,60.99,59.58,60.05,59.89,59.65,59.5,59.54,-0.78,0.04
2020-09-01 00:00:00,59.2,60.99,59.58,60.05,61.05,59.82,60.0,2.37,0.19
2020-09-02 00:00:00,57.2,59.2,60.99,59.58,61.01,58.92,61.0,-2.93,0.16
2020-09-03 00:00:00,56.19,57.2,59.2,60.99,59.0,56.95,59.0,-3.38,0.16
2020-09-04 00:00:00,57.5,56.19,57.2,59.2,57.94,55.65,57.2,-1.77,0.13
2020-09-08 00:00:00,58.7,57.5,56.19,57.2,57.6,57.15,57.6,2.33,0.04
2020-09-09 00:00:00,57.55,58.7,57.5,56.19,59.5,57.91,58.5,2.09,0.37
2020-09-10 00:00:00,58.1,57.55,58.7,57.5,58.44,57.13,58.44,-1.96,0.04
2020-09-11 00:00:00,58.7,58.1,57.55,58.7,58.15,57.2,57.5,0.96,0.22
2020-09-14 00:00:00,59.25,58.7,58.1,57.55,58.86,58.7,58.86,1.03,0.08
2020-09-15 00:00:00,59.2,59.25,58.7,58.1,59.39,59.0,59.1,0.94,0.17
2020-09-16 00:00:00,59.6,59.2,59.25,58.7,59.48,59.2,59.36,-0.08,0.11
2020-09-17 00:00:00,59.01,59.6,59.2,59.25,59.91,58.11,58.5,0.68,0.24
2020-09-18 00:00:00,60.0,59.01,59.6,59.2,60.24,58.84,60.0,-0.99,0.34
2020-09-21 00:00:00,60.27,60.0,59.01,59.6,60.0,59.75,59.75,1.68,0.09
2020-09-22 00:00:00,61.7,60.27,60.0,59.01,60.48,59.76,60.17,0.45,0.11
2020-09-23 00:00:00,62.85,61.7,60.27,60.0,61.73,60.26,60.4,2.37,0.49
2020-09-24 00:00:00,62.2,62.85,61.7,60.27,63.0,61.71,61.71,1.86,0.12
2020-09-25 00:00:00,63.5,62.2,62.85,61.7,63.26,61.91,63.0,-1.03,0.29
2020-09-28 00:00:00,65.11,63.5,62.2,62.85,63.6,63.47,63.59,2.09,0.15
2020-09-29 00:00:00,65.55,65.11,63.5,62.2,65.27,63.35,63.58,2.54,0.2
2020-09-30 00:00:00,66.43,65.55,65.11,63.5,65.6,64.31,64.75,0.68,0.23
2020-10-01 00:00:00,66.73,66.43,65.55,65.11,66.83,65.44,65.79,1.34,0.43
2020-10-02 00:00:00,66.95,66.73,66.43,65.55,67.07,66.0,66.34,0.45,0.5
2020-10-05 00:00:00,67.9,66.95,66.73,66.43,66.95,66.8,66.88,0.33,0.21
2020-10-06 00:00:00,68.75,67.9,66.95,66.73,67.96,66.9,66.9,1.42,0.14
2020-10-07 00:00:00,69.4,68.75,67.9,66.95,68.87,68.68,68.68,1.25,5.24
2020-10-08 00:00:00,71.34,69.4,68.75,67.9,69.85,68.41,68.41,0.95,0.19
2020-10-09 00:00:00,70.88,71.34,69.4,68.75,71.44,69.63,69.7,2.8,0.32
2020-10-13 00:00:00,71,85,70.88,71.34,69.4,70.84,70.58,70.81,-0.64,0.13
2020-10-14 00:00:00,,71.85,70.88,71.34,71.88,69.45,70.50,1.11,7.85
