date,corn_br,corn_usd,dolar,corn_br-1,corn_br-2,corn_br-3,max_corn_br-1,min_corn_br-1,open_corn_br-1,var_corn_br-1,vol_corn_br-1
1/2/2015 00:00,28.72,395.75,2.6941,28.72,28.75,28.66,29.61,29.3,29.44,-0.47,0.59
1/5/2015 00:00,28.55,406,2.7064,28.75,28.72,28.72,29.45,29.3,29.41,-0.31,0.63
1/6/2015 00:00,28.2,405,2.7001,28.72,28.55,28.75,29.45,29.22,29.3,0.03,0.25
1/7/2015 00:00,28.1,396.25,2.6835,28.55,28.2,28.72,29.24,29.05,29.24,-0.58,0.78
1/8/2015 00:00,28.04,394.25,2.663,28.2,28.1,28.55,29.16,28.5,29.16,-2.23,0.05
1/9/2015 00:00,27.95,400.25,2.6301,28.1,28.04,28.2,28.47,28.05,28.44,-1.37,0.05
1/12/2015 00:00,27.62,402,2.6734,28.04,27.95,28.1,28.1,27.8,28.1,-1.03,0.22
1/13/2015 0:00,27.6,385.75,2.643,27.95,27.62,28.04,28,27.67,27.8,0.04,0.22
1/14/2015 0:00,27.46,381,2.6159,27.62,27.6,27.95,28.1,27.7,27.9,-0.47,0.97
1/15/2015 0:00,27.48,380,2.6422,27.6,27.46,27.62,27.8,27.45,27.73,-0.9,0.97
1/16/2015 0:00,27.25,387,2.621,27.46,27.48,27.6,27.6,27.31,27.46,-0.04,0.02
1/19/2015 0:00,27.23,0,2.6517,27.48,27.25,27.46,27.53,27.43,27.51,0.22,0.39
1/20/2015 0:00,27.29,390.25,2.6138,27.25,27.23,27.48,30.29,29.31,29.57,8.36,2.59
1/21/2015 0:00,27.1,388,2.6005,27.23,27.29,27.25,30.15,29.44,29.8,0.23,2.22
1/22/2015 0:00,26.87,383.75,2.5745,27.29,27.1,27.23,30.39,29.25,29.99,-1.71,4.87
1/23/2015 0:00,26.79,386.75,2.5797,27.1,26.87,27.29,29.5,28.85,29.36,-1.6,2.48
1/26/2015 0:00,26.77,384,2.5835,26.87,26.79,27.1,28.95,28.55,28.95,-0.55,0.04
1/27/2015 0:00,26.62,381.25,2.5724,26.79,26.77,26.87,28.8,28.22,28.71,-1.7,2.4
1/28/2015 0:00,26.56,373.25,2.5764,26.77,26.62,26.79,28.29,27.54,28.2,-2.37,0.06
1/29/2015 0:00,26.62,371.5,2.6035,26.62,26.56,26.77,27.99,27.45,27.61,0.4,0.06
1/30/2015 0:00,26.78,370,2.6824,26.56,26.62,26.62,27.98,27.4,27.65,0.14,02.01
2/2/2015 00:00,26.85,369.75,2.7271,26.62,26.78,26.56,28.18,27.5,27.67,0.72,03.07
2/3/2015 00:00,26.94,385.75,2.6945,26.78,26.85,26.62,28.7,27.61,28.1,1.54,2.53
2/4/2015 00:00,27.13,383.5,2.7418,26.85,26.94,26.78,28.55,28.1,28.5,-0.74,2.75
2/5/2015 00:00,27.6,385.25,2.7451,26.94,27.13,26.85,28.79,28.02,28.16,1.88,5.8
2/6/2015 00:00,27.65,385.75,2.7825,27.13,27.6,26.94,29.25,28.83,28.89,1.67,4.15
2/9/2015 00:00,27.64,391.25,2.7698,27.6,27.65,27.13,29.44,29.03,29.25,0.38,2
2/10/2015 00:00,27.62,388,2.8343,27.65,27.64,27.6,29.69,29.1,29.2,0.44,1.74
2/11/2015 00:00,27.63,385.75,2.8693,27.64,27.62,27.65,29.4,28.83,29.4,-0.82,3.4
2/12/2015 00:00,27.72,383,2.821,27.62,27.63,27.64,29.3,28.95,29.16,-0.34,2.49
2/13/2015 0:00,27.97,387.25,2.8346,27.63,27.72,27.62,29.08,28.74,29.06,-0.14,1.95
2/18/2015 0:00,28.04,383.75,2.8374,27.72,27.97,27.63,29.11,28.61,29,-0.9,3.18
2/19/2015 0:00,28.18,389.75,2.8665,27.97,28.04,27.72,28.89,28.53,28.76,-0.66,2.15
2/20/2015 0:00,28.35,385.25,2.868,28.04,28.18,27.97,29.1,28.55,28.55,1.51,02.09
2/23/2015 0:00,28.77,378.75,2.8788,28.18,28.35,28.04,29.49,29.03,29.04,1.55,3.64
2/24/2015 0:00,28.84,377.5,2.833,28.35,28.77,28.18,29.65,29.38,29.5,0.17,1.8
2/25/2015 0:00,28.94,375.75,2.875,28.77,28.84,28.35,29.8,29.25,29.5,-0.51,3.73
2/26/2015 0:00,29.03,380,2.9085,28.84,28.94,28.77,29.85,29.25,29.25,1.64,3.14
2/27/2015 0:00,28.96,384.5,2.839,28.94,29.03,28.84,29.94,29.58,29.87,-0.7,2.17
3/2/2015 00:00,29.31,378.75,2.8965,29.03,28.96,28.94,29.7,29.42,29.54,0.17,1.71
3/3/2015 00:00,29.34,382,2.9311,28.96,29.31,29.03,29.94,29.52,29.68,-0.27,2.16
3/4/2015 00:00,29.46,381.5,2.9766,29.31,29.34,28.96,29.65,29.01,29.57,-1.35,03.01
3/5/2015 00:00,29.44,382.75,3.1935,29.34,29.46,29.31,29.55,29.22,29.22,01.03,02.05
3/6/2015 00:00,29.42,379.25,3.0617,29.46,29.44,29.34,29.71,29.51,29.6,0.68,2.48
3/9/2015 00:00,29.49,383.25,3.1223,29.44,29.42,29.46,29.85,29.67,29.69,0.07,1.19
3/10/2015 00:00,29.64,382.25,3.1022,29.42,29.49,29.44,29.69,29.1,29.69,-1.55,2.45
3/11/2015 00:00,29.67,384,3.1257,29.49,29.64,29.42,29.55,29.15,29.21,0.89,1.13
3/12/2015 00:00,29.7,382.25,3.1661,29.64,29.67,29.49,29.7,29.45,29.6,0.14,01.06
3/13/2015 0:00,29.65,374,3.2492,29.67,29.7,29.64,29.7,29.56,29.59,0.17,0.51
3/16/2015 0:00,29.61,379,3.2488,29.7,29.65,29.67,29.65,29.56,29.56,0.24,0.46
3/17/2015 0:00,29.56,371,3.2395,29.65,29.61,29.7,29.75,29.6,29.63,0.24,0.3
3/18/2015 0:00,29.53,374.75,3.2097,29.61,29.56,29.65,29.67,29.63,29.65,-0.07,0.14
3/19/2015 0:00,29.77,373.5,3.2921,29.56,29.53,29.61,29.32,28.85,29.27,-2.53,2.95
3/20/2015 0:00,29.67,385,3.2293,29.53,29.77,29.56,28.84,28.51,28.79,-0.59,02.07
3/23/2015 0:00,29.44,390.25,3.1322,29.77,29.67,29.53,28.99,28.71,28.77,0.77,1.14
3/24/2015 0:00,29.12,393.25,3.1398,29.67,29.44,29.77,29.25,28.86,29,0.21,1
3/25/2015 0:00,29.05,395,3.2012,29.44,29.12,29.67,29.1,28.55,29.07,-1.38,1.91
3/26/2015 0:00,29.09,391.25,3.1828,29.12,29.05,29.44,28.62,28.16,28.62,-1.43,2.68
3/27/2015 0:00,29.1,391,3.2496,29.05,29.09,29.12,28.34,28,28.22,0.21,1.4
3/30/2015 0:00,29.13,394.5,3.2306,29.09,29.1,29.05,28.39,28.12,28.3,-0.07,0.89
3/31/2015 0:00,29.38,376.25,3.1958,29.1,29.13,29.09,28.6,28.14,28.15,0.57,1.4
4/1/2015 00:00,29.3,381.75,3.1655,29.13,29.38,29.1,28.8,28.32,28.4,1.16,1.74
4/2/2015 00:00,29.28,386.5,3.1205,29.38,29.3,29.13,28.8,28.43,28.8,-0.97,2.17
4/6/2015 00:00,28.95,385,3.1263,29.3,29.28,29.38,28.63,28.16,28.44,-0.84,2.39
4/7/2015 00:00,28.69,383,3.1288,29.28,28.95,29.3,28.38,28.16,28.2,0.07,0.69
4/8/2015 00:00,28.54,379.25,3.0495,28.95,28.69,29.28,28.58,28.2,28.32,0.07,1.18
4/9/2015 00:00,28.47,378,3.0591,28.69,28.54,28.95,28.29,27.7,28.26,-1.63,2.9
4/10/2015 00:00,28.35,377,3.0756,28.54,28.47,28.69,27.75,27.37,27.7,-1.22,2.34
4/13/2015 0:00,28.17,370.5,3.1212,28.47,28.35,28.54,27.65,27.25,27.44,-2.08,02.07
4/14/2015 0:00,27.73,373.5,3.0634,28.35,28.17,28.47,27.5,27.06,27.43,-2.08,2.21
4/15/2015 0:00,27.46,376,3.0294,28.17,27.73,28.35,27.25,26.87,27.11,-0.63,2.21
4/16/2015 0:00,27.4,376.25,3.0221,27.73,27.46,28.17,27,26.61,26.9,-0.63,3.15
4/17/2015 0:00,27.08,379.75,3.0409,27.46,27.4,27.73,26.75,26.4,26.65,-0.71,1.35
4/20/2015 0:00,27.08,378,3.033,27.4,27.08,27.46,26.53,26.21,26.47,-0.3,01.08
4/22/2015 0:00,26.99,372.5,3.0113,27.08,27.08,27.4,26.88,26.45,26.47,1.59,1.71
4/23/2015 0:00,26.93,370.75,2.9707,27.08,26.99,27.08,26.37,26.37,26.37,-1.82,1.54
4/24/2015 0:00,26.73,364.5,2.9517,26.99,26.93,27.08,26.37,26.02,26.36,-1.25,02.01
4/27/2015 0:00,26.56,360.75,2.9173,26.93,26.73,26.99,26.4,25.96,26.02,0.19,02.09
4/28/2015 0:00,26.36,361,2.9364,26.73,26.56,26.93,26.19,25.97,26.09,-0.15,0.76
4/29/2015 0:00,26.2,363.75,2.9612,26.56,26.36,26.73,26.01,25.68,26.01,-1.04,1.61
4/30/2015 0:00,25.98,362.5,3.0145,26.36,26.2,26.56,25.95,25.65,25.72,-0.27,1.83
5/4/2015 00:00,25.91,358.75,3.0864,26.2,25.98,26.36,25.7,25.3,25.63,-1.36,1.67
5/5/2015 00:00,25.82,361.25,3.0536,25.98,25.91,26.2,25.45,25.2,25.3,0.16,1.7
5/6/2015 00:00,25.79,366.5,3.0333,25.91,25.82,25.98,25.65,25.35,25.35,0.12,1.7
5/7/2015 00:00,25.64,357.75,3.026,25.82,25.79,25.91,25.54,25.3,25.4,-0.24,1.55
5/8/2015 00:00,25.63,358.5,2.9733,25.79,25.64,25.82,25.45,25.27,25.38,0.12,0.17
5/11/2015 00:00,25.62,358.25,3.0614,25.64,25.63,25.79,25.61,25.31,25.43,0.28,1.11
5/12/2015 00:00,25.62,357,3.0206,25.63,25.62,25.64,25.38,25.38,25.38,-0.35,0.35
5/13/2015 0:00,25.42,356,3.0403,25.62,25.62,25.63,25.55,25.3,25.31,-0.08,1.25
5/14/2015 0:00,25.39,361,2.9935,25.62,25.42,25.62,25.44,25.26,25.36,0.08,0.87
5/15/2015 0:00,25.28,365.5,2.9972,25.42,25.39,25.62,25.47,25.36,25.36,0.12,0.55
5/18/2015 0:00,25.26,368,3.1976,25.39,25.28,25.42,25.39,25.3,25.32,-0.28,0.53
5/19/2015 0:00,24.99,362,3.0394,25.28,25.26,25.39,25.38,25.26,25.34,0.08,1
5/20/2015 0:00,24.97,360,3.2027,25.26,24.99,25.28,26.41,26.41,26.41,4.14,1
5/21/2015 0:00,25.13,365,3.0379,24.99,24.97,25.26,26.29,26.29,26.29,-0.45,0
5/22/2015 0:00,25.11,360,3.0949,24.97,25.13,24.99,26.27,26.27,26.27,-0.08,0
5/25/2015 0:00,25.07,0,3.0968,25.13,25.11,24.97,26.53,26.53,26.53,0.99,0
5/26/2015 0:00,25.28,355,3.1536,25.11,25.07,25.13,26.88,26.88,26.88,1.32,0
5/27/2015 0:00,24.96,349.5,3.1409,25.07,25.28,25.11,27.09,27.09,27.09,0.78,0
5/28/2015 0:00,24.94,353.5,3.1624,25.28,24.96,25.07,26.85,26.85,26.85,-0.89,0
5/29/2015 0:00,24.91,351.5,3.1798,24.96,24.94,25.28,25.87,25.87,25.87,-3.65,0
6/1/2015 00:00,25,352.25,3.1718,24.94,24.91,24.96,26.01,26.01,26.01,0.54,0
6/2/2015 00:00,24.79,359,3.1306,24.91,25,24.94,25.98,25.98,25.98,-0.12,0
6/3/2015 00:00,24.82,359,3.1345,25,24.79,24.91,25.82,25.82,25.82,-0.62,0
6/5/2015 00:00,24.85,360.5,3.1439,24.79,24.82,25,25.94,25.94,25.94,0.46,0
6/8/2015 00:00,24.85,365.25,3.1132,24.82,24.85,24.79,25.92,25.92,25.92,-0.08,0
6/9/2015 00:00,24.65,365,3.0966,24.85,24.85,24.82,26.24,26.24,26.24,1.23,0
6/10/2015 00:00,24.81,357.25,3.1187,24.85,24.65,24.85,26.27,26.27,26.27,0.11,0
6/11/2015 00:00,24.89,356.5,3.0896,24.65,24.81,24.85,26.01,26.01,26.01,-0.99,0
6/12/2015 00:00,24.79,353,3.1185,24.81,24.89,24.65,25.81,25.81,25.81,-0.77,0
6/15/2015 0:00,24.91,348.25,3.13,24.89,24.79,24.81,25.78,25.78,25.78,-0.12,0
6/16/2015 0:00,25.16,354,3.0885,24.79,24.91,24.89,25.2,25.2,25.2,-2.25,0
6/17/2015 0:00,25.19,359.25,3.057,24.91,25.16,24.79,25.02,25.02,25.02,-0.71,0
6/18/2015 0:00,25.09,358,3.0605,25.16,25.19,24.91,25.34,25.34,25.34,1.28,0
6/19/2015 0:00,25,353.25,3.0976,25.19,25.09,25.16,25,25,25,-1.34,0
6/22/2015 0:00,25.03,360,3.0814,25.09,25,25.19,24.75,24.75,24.75,-1,0
6/23/2015 0:00,25.16,367.5,3.076,25,25.03,25.09,24.65,24.65,24.65,-0.4,0
6/24/2015 0:00,25.1,366.5,3.0979,25.03,25.16,25,24.83,24.83,24.83,0.73,0
6/25/2015 0:00,25.26,376.5,3.1277,25.16,25.1,25.03,24.99,24.99,24.99,0.64,0
6/26/2015 0:00,25.51,385,3.1295,25.1,25.26,25.16,25.06,25.06,25.06,0.28,0
6/29/2015 0:00,25.29,383.25,3.1178,25.26,25.51,25.1,25.61,25.61,25.61,2.19,0
6/30/2015 0:00,25.48,414,3.103,25.51,25.29,25.26,26.66,26.66,26.66,4.1,0
7/1/2015 00:00,25.46,413.75,3.1498,25.29,25.48,25.51,26.5,26.5,26.5,-0.6,0
7/2/2015 00:00,25.42,419.75,3.0967,25.48,25.46,25.29,27.7,27.7,27.7,4.53,0
7/3/2015 00:00,25.51,428.5,3.1347,25.46,25.42,25.48,28,28,28,01.08,0
7/6/2015 00:00,25.35,418.5,3.1391,25.42,25.51,25.46,27.99,27.99,27.99,-0.04,0
7/7/2015 00:00,25.54,415.75,3.1867,25.51,25.35,25.42,28.16,28.16,28.16,0.61,0
7/8/2015 00:00,25.76,416.25,3.2346,25.35,25.54,25.51,28.16,28.16,28.16,-4.01,0
7/9/2015 00:00,25.84,421.25,3.2203,25.54,25.76,25.35,27.03,27.03,27.03,-4.01,0
7/10/2015 00:00,26.04,427.25,3.1593,25.76,25.84,25.54,26.5,26.5,26.5,-1.96,0
7/13/2015 0:00,25.61,433.5,3.1348,25.84,26.04,25.76,26.94,26.94,26.94,1.66,0
7/14/2015 0:00,26.51,424,3.1399,26.04,25.61,25.84,26.94,26.94,26.94,1.66,0
7/15/2015 0:00,26.57,429.5,3.1391,25.61,26.51,26.04,26.99,26.99,26.99,0.19,0.02
7/16/2015 0:00,26.35,430,3.1587,26.51,26.57,25.61,26,26,26,-3.67,0.02
7/17/2015 0:00,26.53,420.25,3.1881,26.57,26.35,26.51,26.23,26.23,26.23,0.88,1.96
7/20/2015 0:00,26.46,405,3.1981,26.35,26.53,26.57,28.05,27.61,27.69,5.6,1.96
7/21/2015 0:00,26.78,406.5,3.1717,26.53,26.46,26.35,27.86,27.4,27.76,-0.65,3.4
7/22/2015 0:00,26.26,402.75,3.2239,26.46,26.78,26.53,27.7,26.95,27.52,-1.82,3.4
7/23/2015 0:00,26.16,403.25,3.286,26.78,26.26,26.46,27.09,26.63,26.96,-1.04,02.06
7/24/2015 0:00,26.23,392.5,3.3556,26.26,26.16,26.78,27.05,26.51,26.74,0.64,2.66
7/27/2015 0:00,25.92,373,3.364,26.16,26.23,26.26,27.38,26.73,26.99,1.52,3.18
7/28/2015 0:00,25.8,375,3.3577,26.23,25.92,26.16,27.65,27.1,27.38,-0.51,3.18
7/29/2015 0:00,25.95,367.75,3.3308,25.92,25.8,26.23,26.64,26.64,26.64,-1.99,4.5
7/30/2015 0:00,25.87,373.25,3.3715,25.8,25.95,25.92,26.9,26.51,26.59,0.45,0.96
7/31/2015 0:00,25.93,371,3.4212,25.95,25.87,25.8,26.8,26.31,26.8,-1.31,4.77
8/3/2015 00:00,26.16,366.5,3.4514,25.87,25.93,25.95,26.85,26.74,26.84,1.4,1.67
8/4/2015 00:00,26.48,368.75,3.4712,25.93,26.16,25.87,26.89,26.45,26.84,0.19,1.67
8/5/2015 00:00,26.58,372.75,3.4867,26.16,26.48,25.93,27,26.72,26.72,0.45,1.24
8/6/2015 00:00,27.08,369.75,3.5361,26.48,26.58,26.16,27.6,26.9,26.98,1.67,03.05
8/7/2015 00:00,27.6,372.75,3.5071,26.58,27.08,26.48,28.33,28.33,28.33,3.39,5.31
8/10/2015 00:00,27.56,390.25,3.4345,27.08,27.6,26.58,29.27,29.27,29.27,3.32,5.31
8/11/2015 00:00,27.86,376.5,3.475,27.6,27.56,27.08,29.24,29.24,29.24,-0.1,5.31
8/12/2015 00:00,27.58,357.25,3.481,27.56,27.86,27.6,29.9,29.13,29.13,02.05,4.95
8/13/2015 0:00,27.63,363.75,3.5194,27.86,27.58,27.56,29.93,29.01,29.85,-2.65,4.95
8/14/2015 0:00,27.38,364,3.4845,27.58,27.63,27.86,29.29,28,28.92,-3.06,4.95
8/17/2015 0:00,27.39,363.25,3.4812,27.63,27.38,27.58,28.26,27.35,28.04,0.07,1
8/18/2015 0:00,27.09,366.25,3.4681,27.38,27.39,27.63,28.3,27.87,28.18,-0.53,1
8/19/2015 0:00,27.34,367.25,3.4932,27.39,27.09,27.38,28.01,27.83,28.01,-0.57,1
8/20/2015 0:00,27.5,371,3.457,27.09,27.34,27.39,27.97,27.65,27.87,-0.36,0
8/21/2015 0:00,27.38,365.25,3.5007,27.34,27.5,27.09,28,28,28,0.83,2.43
8/24/2015 0:00,27.6,368.75,3.5534,27.5,27.38,27.34,28.5,27.9,27.95,1.25,2.43
8/25/2015 0:00,27.69,365.5,3.6175,27.38,27.6,27.5,28.9,28.31,28.49,1.31,2.72
8/26/2015 0:00,27.65,361.75,3.5963,27.6,27.69,27.38,28.87,28.87,28.87,0.52,02.01
8/27/2015 0:00,27.85,363.75,3.551,27.69,27.65,27.6,29.1,29.1,29.1,0.8,1.97
8/28/2015 0:00,27.91,363.25,3.5823,27.65,27.85,27.69,29.5,28.92,29.02,0.52,01.05
8/31/2015 0:00,28.16,363.75,3.6193,27.85,27.91,27.65,29.3,28.61,29.25,-1.23,02.08
9/1/2015 00:00,28.69,356,3.702,27.91,28.16,27.85,29.36,28.72,28.9,1.38,1.12
9/2/2015 00:00,29.05,354,3.7591,28.16,28.69,27.91,29.75,29.1,29.4,1.3,1.31
9/3/2015 00:00,29.2,347.75,3.738,28.69,29.05,28.16,29.85,29.51,29.56,0.47,0.93
9/4/2015 00:00,29.55,349.5,3.8442,29.05,29.2,28.69,30.47,29.88,29.88,02.08,2.12
9/8/2015 00:00,29.61,355,3.82,29.2,29.55,29.05,30.85,29.9,29.9,0.26,2.25
9/9/2015 00:00,29.61,356.5,3.7783,29.55,29.61,29.2,30.5,30.18,30.49,-0.69,1.52
9/10/2015 00:00,29.95,361.75,3.8498,29.61,29.61,29.55,30.26,29.96,30.1,-0.99,0.99
9/11/2015 00:00,30.26,374.5,3.8705,29.61,29.95,29.61,30.11,29.93,30.05,0.1,0.89
9/14/2015 0:00,30.61,379,3.815,29.95,30.26,29.61,30.49,29.9,30.15,0.3,3.57
9/15/2015 0:00,30.99,390.5,3.8634,30.26,30.61,29.95,30.25,30,30.12,0.33,1.28
9/16/2015 0:00,31.36,386,3.8289,30.61,30.99,30.26,30.39,30.15,30.15,0.43,0.48
9/17/2015 0:00,31.42,379.75,3.899,30.99,31.36,30.61,30.55,30.3,30.35,0.89,0.74
9/18/2015 0:00,31.4,377.25,3.9459,31.36,31.42,30.99,35.9,34.79,35.9,13.81,2.34
9/21/2015 0:00,31.38,384.5,3.9857,31.42,31.4,31.36,34.98,34.2,34.85,-1.84,2.57
9/22/2015 0:00,31.73,380.5,4.0497,31.4,31.38,31.42,35.6,33.63,34.2,3.71,3.86
9/23/2015 0:00,31.98,383.25,4.178,31.38,31.73,31.4,36.2,35.28,35.64,1.8,2.4
9/24/2015 0:00,32.62,381.5,3.9368,31.73,31.98,31.38,36.2,35.4,36.03,-1.08,1.27
9/25/2015 0:00,32.51,389,3.9777,31.98,32.62,31.73,36.28,35.29,35.4,0.7,2.76
9/28/2015 0:00,32.96,386.75,4.1083,32.62,32.51,31.98,37,35.98,36.18,0.61,2.33
9/29/2015 0:00,33.19,389,4.0634,32.51,32.96,32.62,35.58,34.81,35.01,-2.71,2.73
9/30/2015 0:00,33.69,387.75,3.9491,32.96,33.19,32.51,35.9,35,35.08,1.59,0.88
10/1/2015 00:00,33.52,388.75,04.01,33.19,33.69,32.96,36.45,35.8,35.87,0.67,2.51
10/2/2015 00:00,33.36,389.25,3.9331,33.69,33.52,33.19,36,35.22,36,-1.22,03.05
10/5/2015 00:00,33.43,393.5,3.912,33.52,33.36,33.69,35.89,35.25,35.53,-0.03,01.08
10/6/2015 00:00,33.21,398.25,3.8539,33.36,33.43,33.52,35.79,34.95,35.55,-1.71,0.99
10/7/2015 00:00,33.02,395.75,3.8838,33.43,33.21,33.36,35.1,34.37,34.86,-1,2.81
10/8/2015 00:00,32.76,391.25,3.7839,33.21,33.02,33.43,34.85,34.03,34.75,-1.56,1.73
10/9/2015 00:00,32.36,382.75,3.766,33.02,32.76,33.21,34.09,33.7,34,-0.18,1.95
10/13/2015 0:00,32.32,384.5,3.8937,32.76,32.36,33.02,34.29,33.85,34.2,-0.06,1.18
10/14/2015 0:00,32.31,379,3.8119,32.36,32.32,32.76,33.95,33.56,33.85,-1.15,1.68
10/15/2015 0:00,32.17,375.5,3.8032,32.32,32.31,32.36,33.83,33.29,33.5,0.18,0.61
10/16/2015 0:00,32.08,376.75,3.9245,32.31,32.17,32.32,34.4,33.71,33.81,1.46,2.14
10/19/2015 0:00,32.13,373,3.8857,32.17,32.08,32.31,34.18,33.55,34.04,-1.05,2.16
10/20/2015 0:00,32.2,376.75,3.9073,32.08,32.13,32.17,33.9,33.6,33.89,-0.33,0.63
10/21/2015 0:00,32.53,380.75,3.9414,32.13,32.2,32.08,34.08,33.65,33.97,0.71,1.4
10/22/2015 0:00,32.76,378.25,3.9088,32.2,32.53,32.13,33.94,33.68,33.92,-0.44,0.45
10/23/2015 0:00,32.86,379.75,3.8807,32.53,32.76,32.2,34.29,33.85,33.85,1.33,1.73
10/26/2015 0:00,32.84,384.5,3.906,32.76,32.86,32.53,34.9,34.5,34.6,01.05,1.82
10/27/2015 0:00,33.04,380,3.8883,32.86,32.84,32.76,34.75,34.16,34.41,-1.01,0.76
10/28/2015 0:00,33.03,376,3.9094,32.84,33.04,32.86,34.7,34,34.06,01.02,1.15
10/29/2015 0:00,33.45,380,3.8509,33.04,33.03,32.84,34.59,34.35,34.51,-0.43,0.01
10/30/2015 0:00,33.97,382.25,3.8564,33.03,33.45,33.04,34.5,34.26,34.4,-0.26,0.1
11/3/2015 00:00,33.69,380.5,3.7712,33.45,33.97,33.03,34.9,34.35,34.66,0.47,0.02
11/4/2015 00:00,33.68,380.5,3.8003,33.97,33.69,33.45,34.79,34.45,34.45,0.23,0.02
11/5/2015 00:00,33.59,374.5,3.7813,33.69,33.68,33.97,34.7,34.25,34.65,-0.61,0.2
11/6/2015 00:00,33.77,373,3.7713,33.68,33.59,33.69,34.3,34.06,34.29,-0.35,0.91
11/9/2015 00:00,33.83,366.75,3.799,33.59,33.77,33.68,34.3,34.1,34.3,-0.23,0.3
11/10/2015 00:00,33.98,359,3.751,33.77,33.83,33.59,34.25,33.86,34,0.09,0.95
11/11/2015 00:00,33.83,362.25,3.7639,33.83,33.98,33.77,34.35,34.07,34.15,-0.23,0.59
11/12/2015 00:00,33.99,362,3.771,33.98,33.83,33.83,34.3,34,34.2,-0.29,0.47
11/13/2015 0:00,33.82,358.25,3.8456,33.83,33.99,33.98,34.25,33.75,33.95,-0.68,0.85
11/16/2015 0:00,33.67,360,3.8194,33.99,33.82,33.83,33.99,33.71,33.71,0.41,0.07
11/17/2015 0:00,33.3,362,3.8105,33.82,33.67,33.99,33.95,33.7,33.75,0.41,0.06
11/18/2015 0:00,33.28,361.75,3.7668,33.67,33.3,33.82,33.95,33.9,33.9,-0.29,0.02
11/19/2015 0:00,33.35,364.25,3.7181,33.3,33.28,33.67,35.74,35.26,35.7,4.32,1.1
11/20/2015 0:00,33.52,363.25,3.7052,33.28,33.35,33.3,35.35,34.75,35.29,-1.36,0.96
11/23/2015 0:00,33.45,367.25,3.733,33.35,33.52,33.28,34.88,34.32,34.81,-0.92,1.87
11/24/2015 0:00,33.58,364.25,3.7,33.52,33.45,33.35,35.1,34.45,34.49,1.51,0.87
11/25/2015 0:00,33.38,366,3.7425,33.45,33.58,33.52,35.1,34.45,34.49,1.51,0.87
11/26/2015 0:00,33.14,0,3.7431,33.58,33.38,33.45,35.3,34.85,35.09,-0.26,0.92
11/27/2015 0:00,33.24,359.25,3.8464,33.38,33.14,33.58,35.3,34.75,34.75,0.6,0.77
11/30/2015 0:00,33.25,365,3.869,33.14,33.24,33.38,35.15,34.75,35.1,-0.68,0.52
12/1/2015 00:00,33.82,367,3.8575,33.24,33.25,33.14,34.8,34.52,34.79,-0.8,1.23
12/2/2015 00:00,33.82,364,3.8352,33.25,33.82,33.24,35.72,34.67,34.7,2.98,2.3
12/3/2015 00:00,34.16,370.25,3.7596,33.82,33.82,33.25,35.94,35.64,35.7,0.56,1.26
12/4/2015 00:00,34.09,376.25,3.7521,33.82,34.16,33.82,36.3,35.9,35.9,0.98,01.06
12/7/2015 00:00,33.92,368.5,3.7681,34.16,34.09,33.82,36.59,35.8,36.1,-0.69,2.75
12/8/2015 00:00,34.92,370,3.7962,34.09,33.92,34.16,36.35,35.87,35.9,1,0.96
12/9/2015 00:00,34.78,371.75,3.7502,33.92,34.92,34.09,36.39,35.4,36.32,-2.15,1.11
12/10/2015 00:00,35.11,377.25,3.8126,34.92,34.78,33.92,35.84,35.02,35.54,0.53,02.04
12/11/2015 00:00,35.44,373,3.873,34.78,35.11,34.92,36.2,35.65,35.72,0.31,01.01
12/14/2015 0:00,35.6,381.75,3.8779,35.11,35.44,34.78,36.1,35.8,35.8,0.56,0.43
12/15/2015 0:00,35.54,377.25,3.873,35.44,35.6,35.11,36.65,36.1,36.1,1.11,0.8
12/16/2015 0:00,35.66,369.75,3.8848,35.6,35.54,35.44,37.09,36.25,36.46,1.35,0.98
12/17/2015 0:00,35.67,374.25,3.8796,35.54,35.66,35.6,37.05,36.8,36.95,-0.08,0.61
12/18/2015 0:00,35.76,374.5,3.9824,35.66,35.67,35.54,37.2,36.65,36.86,-0.03,0.83
12/21/2015 0:00,36.15,372,4.0134,35.67,35.76,35.66,36.9,36.45,36.8,-0.87,0.77
12/22/2015 0:00,36.23,366.25,3.9899,35.76,36.15,35.67,37,36.55,36.69,0.77,0.47
12/23/2015 0:00,36.26,365.5,3.9419,36.15,36.23,35.76,37.1,36.78,37.1,0.03,0.22
12/28/2015 0:00,36.29,361,3.8586,36.23,36.26,36.15,37.36,36.86,36.86,0.33,0.28
12/29/2015 0:00,36.55,362.5,3.8655,36.26,36.29,36.23,36.94,36.65,36.9,-0.65,0.3
12/30/2015 0:00,36.83,359,3.9608,36.29,36.55,36.26,36.95,36.39,36.95,-0.38,0.3
1/4/2016 00:00,37.31,351.5,4.0402,36.55,36.83,36.29,36.6,36.41,36.55,0.05,0.22
1/5/2016 00:00,37.41,353,4.1977,36.83,37.31,36.55,37.29,36.65,36.65,1.78,0.63
1/6/2016 00:00,38.4,353.25,4.0244,37.31,37.41,36.83,37.85,37.13,37.14,1.42,0.3
1/7/2016 00:00,38.78,353,4.0448,37.41,38.4,37.31,38.7,37.7,37.84,2.22,0.63
1/8/2016 00:00,39.51,357,4.0245,38.4,38.78,37.41,39,38.4,38.51,0.78,0.59
1/11/2016 00:00,40.37,351.75,4.0537,38.78,39.51,38.4,40.19,38.85,38.91,3.19,1.44
1/12/2016 00:00,41.74,356.75,4.029,39.51,40.37,38.78,40.29,39.6,40.17,-0.52,0.95
1/13/2016 0:00,42.6,358,4.0158,40.37,41.74,39.51,40.55,40,40.01,1.18,0.73
1/14/2016 0:00,43.44,358,3.9996,41.74,42.6,40.37,41.99,40.45,40.45,3.39,1.99
1/15/2016 0:00,43.36,363.25,4.0479,42.6,43.44,41.74,42.6,41.78,41.78,1.75,0.43
1/18/2016 0:00,43.28,363.25,4.0557,43.44,43.36,42.6,42.84,42.55,42.6,0.75,0.52
1/19/2016 0:00,43.21,367.75,4.0626,43.36,43.28,43.44,43.4,42.73,42.73,0.68,0.11
1/20/2016 0:00,43.31,368.75,4.0971,43.28,43.21,43.36,41.5,40.6,41.5,-4.54,01.05
1/21/2016 0:00,43.46,367,4.1575,43.21,43.31,43.28,41.6,41.2,41.21,0.32,0.55
1/22/2016 0:00,43.27,370.25,4.0945,43.31,43.46,43.21,41.54,40.88,41.35,-0.7,01.01
1/25/2016 0:00,42.84,369.75,4.0903,43.46,43.27,43.31,41.6,40.67,40.99,-0.37,01.07
1/26/2016 0:00,42.92,369.25,4.0536,43.27,42.84,43.46,41.07,40.11,40.81,-1.62,1.2
1/27/2016 0:00,42.85,369.25,4.1077,42.84,42.92,43.27,40.2,39.63,40.15,-0.92,1.54
1/28/2016 0:00,42.71,365.5,4.0699,42.92,42.85,42.84,40.2,39.63,40.15,-0.92,1.54
1/29/2016 0:00,42.27,372,3.9988,42.85,42.71,42.92,40.15,39.53,39.8,0.7,1.31
2/1/2016 00:00,42.54,371.25,3.9629,42.71,42.27,42.85,40.37,39.98,40.25,0.05,0.38
2/2/2016 00:00,42.35,372.5,3.9895,42.27,42.54,42.71,40.08,39.75,40,-0.82,0.84
2/3/2016 00:00,42.64,371,3.8954,42.54,42.35,42.27,40.46,39.61,39.85,1.26,1.1
2/4/2016 00:00,42.49,368.5,3.8897,42.35,42.64,42.54,41.49,40.4,40.52,2.41,1.99
2/5/2016 00:00,42.33,365.75,3.9035,42.64,42.49,42.35,41.37,40.85,41.23,-0.07,0.75
2/10/2016 00:00,42.68,360.25,3.9285,42.49,42.33,42.64,41.5,41.03,41.24,-0.07,0.62
2/11/2016 00:00,42.84,360.25,3.9946,42.33,42.68,42.49,41.39,41,41.2,-0.34,0.28
2/12/2016 00:00,42.93,358.75,4.2027,42.68,42.84,42.33,41,40.3,41,-1.68,0.9
2/15/2016 0:00,42.95,0,4.006,42.84,42.93,42.68,41.3,40.11,40.15,1.81,1.31
2/16/2016 0:00,42.97,363,4.0723,42.93,42.95,42.84,42.07,41,41.07,2.24,2.3
2/17/2016 0:00,42.86,367.25,3.9851,42.95,42.97,42.93,42.59,42.1,42.2,0.33,0.6
2/18/2016 0:00,42.96,365.5,4.0284,42.97,42.86,42.95,42.55,42.19,42.2,0.24,0.5
2/19/2016 0:00,43.26,365.5,4.0214,42.86,42.96,42.97,42.2,41.6,42.2,-0.66,1.33
2/22/2016 0:00,43.05,367.5,3.9473,42.96,43.26,42.86,42.5,41.66,42.23,0.14,0.71
2/23/2016 0:00,43.2,362,3.9569,43.26,43.05,42.96,42.55,42.04,42.2,0.95,1.39
2/24/2016 0:00,43.53,359.75,3.9591,43.05,43.2,43.26,42.79,42.1,42.5,-0.68,0.86
2/25/2016 0:00,43.72,355.5,3.956,43.2,43.53,43.05,42.79,42,42.23,1.21,01.03
2/26/2016 0:00,43.73,354.5,3.9933,43.53,43.72,43.2,43.49,42.69,42.7,1.62,1.37
2/29/2016 0:00,43.63,353.5,4.0171,43.72,43.73,43.53,43.93,43.32,43.45,0.97,01.09
3/1/2016 00:00,44.19,353.75,3.9275,43.73,43.63,43.72,43.9,43.5,43.6,-0.11,0.63
3/2/2016 00:00,44.69,354.5,3.8932,43.63,44.19,43.73,44.08,43.55,43.76,0.66,0.74
3/3/2016 00:00,45.01,353.75,3.7991,44.19,44.69,43.63,44.24,43.6,44.15,0.18,0.6
3/4/2016 00:00,44.91,354.5,3.7593,44.69,45.01,44.19,44.75,43.98,44.28,1.36,1
3/7/2016 00:00,45.2,355,3.783,45.01,44.91,44.69,45.4,44.55,44.55,1.48,0.5
3/8/2016 00:00,45.88,358.75,3.7556,44.91,45.2,45.01,45.69,44.85,45.5,-0.6,0.3
3/9/2016 00:00,46.35,359,3.6849,45.2,45.88,44.91,45.29,44.8,44.9,0.44,0.21
3/10/2016 00:00,47.71,362.5,3.6215,45.88,46.35,45.2,46.15,45.25,45.25,1.55,0.48
3/11/2016 00:00,47.49,366,3.582,46.35,47.71,45.88,46.5,45.95,46.05,1,0.63
3/14/2016 0:00,47.85,366.75,3.6618,47.71,47.49,46.35,47.15,46.41,46.41,1.4,0.51
3/15/2016 0:00,48.5,368.5,3.7656,47.49,47.85,47.71,48.89,47.21,47.45,03.08,0.5
3/16/2016 0:00,48.77,368.25,3.7422,47.85,48.5,47.49,48.4,47.65,48.4,-1.19,0.15
3/17/2016 0:00,48.7,368.5,3.6267,48.5,48.77,47.85,48.14,47.75,47.9,-0.04,0.11
3/18/2016 0:00,48.95,367,3.624,48.77,48.7,48.5,45.77,44.8,44.8,-5.21,1.36
3/21/2016 0:00,49.1,369.5,3.6178,48.7,48.95,48.77,45.37,44.12,45.37,-2.75,2.24
3/22/2016 0:00,49.8,370,3.5812,48.95,49.1,48.7,44.3,43.26,44.2,-1.86,2.15
3/23/2016 0:00,49.75,368.5,3.6854,49.1,49.8,48.95,44.4,43.01,43.17,1.91,2
3/24/2016 0:00,49.46,370,3.6771,49.8,49.75,49.1,45.49,44.25,44.39,2.83,3.99
3/28/2016 0:00,49.85,370.5,3.6278,49.75,49.46,49.8,46.67,45.55,45.55,0.95,3.56
3/29/2016 0:00,49.85,373,3.6386,49.46,49.85,49.75,46.2,45.42,45.85,0.07,0.99
3/30/2016 0:00,49.6,367,3.6002,49.85,49.85,49.46,46,45.2,46,0.07,1.28
3/31/2016 0:00,49.68,351.5,3.5935,49.85,49.6,49.85,46.59,45.8,45.91,-0.02,1.92
4/1/2016 00:00,49.91,354,3.5538,49.6,49.68,49.85,46.13,45.52,45.77,0.28,1.32
4/4/2016 00:00,49.53,354.5,3.624,49.68,49.91,49.6,46.09,44.65,46,-2.5,2.75
4/5/2016 00:00,49.34,356.75,3.6805,49.91,49.53,49.68,45.59,44.56,44.93,0.53,1.31
4/6/2016 00:00,49.35,358,3.6413,49.53,49.34,49.91,46.6,45.05,45.13,03.06,2.27
4/7/2016 00:00,49.33,361.5,3.6905,49.34,49.35,49.53,46.8,45.65,46.41,-0.45,1.22
4/8/2016 00:00,49.4,362.25,3.5901,49.35,49.33,49.34,46.4,45.81,46.12,-0.71,1.24
4/11/2016 00:00,48.95,356.75,3.4924,49.33,49.4,49.35,46.55,45.72,45.72,0.7,1.37
4/12/2016 00:00,48.98,362.75,3.4928,49.4,48.95,49.33,46.84,46.26,46.4,0.67,1
4/13/2016 0:00,48.97,373.5,3.4983,48.95,48.98,49.4,47.39,46.51,46.85,01.03,1.82
4/14/2016 0:00,48.63,374,3.4838,48.98,48.97,48.95,47.15,46.25,47.15,-1.55,1.18
4/15/2016 0:00,48.27,378.5,3.5332,48.97,48.63,48.98,47.15,46.07,46.35,1.21,1.14
4/18/2016 0:00,48.5,381,3.6155,48.63,48.27,48.97,47.79,46.95,47,1.17,1.1
4/19/2016 0:00,48.72,384.5,3.5341,48.27,48.5,48.63,47.72,46.95,47.5,-0.13,0.67
4/20/2016 0:00,48.61,394.75,3.5299,48.5,48.72,48.27,47.77,47.1,47.25,0.25,0.44
4/22/2016 0:00,48.8,371.75,3.5646,48.72,48.61,48.5,48.65,47.5,47.55,2.27,01.08
4/25/2016 0:00,48.37,377,3.5558,48.61,48.8,48.72,49.44,48.5,48.6,1.38,1.13
4/26/2016 0:00,48.82,382.25,3.5297,48.8,48.37,48.61,49.46,48.65,49.28,-1.08,0.71
4/27/2016 0:00,48.54,380.75,3.5267,48.37,48.82,48.8,49.25,48.49,48.71,0.29,0.59
4/28/2016 0:00,48.7,387,3.4878,48.82,48.54,48.37,48.87,48,48.77,-0.76,0.35
4/29/2016 0:00,48.65,390.25,3.4358,48.54,48.7,48.82,49.1,48.35,48.37,0.8,0.52
5/2/2016 00:00,49.2,390.25,3.5011,48.7,48.65,48.54,49.69,48.52,48.9,1.45,0.62
5/3/2016 00:00,49.39,378.25,3.5599,48.65,49.2,48.7,50.14,49.5,49.65,0.38,0.44
5/4/2016 00:00,49.45,373.25,3.5473,49.2,49.39,48.65,49.98,49.33,49.8,0.06,0.52
5/5/2016 00:00,49.68,371.75,3.5349,49.39,49.45,49.2,50.78,49.6,49.6,1.75,0.49
5/6/2016 00:00,50.01,376,3.5023,49.45,49.68,49.39,51.09,50.55,50.8,0.45,0.59
5/9/2016 00:00,49.97,367.75,3.5164,49.68,50.01,49.45,51.27,50.5,50.87,0.35,0.4
5/10/2016 00:00,50.04,378.5,3.4758,50.01,49.97,49.68,51.2,50.55,51.15,-0.12,0.44
5/11/2016 00:00,50.43,374,3.4528,49.97,50.04,50.01,51.35,51,51.25,-0.08,0.14
5/12/2016 00:00,51.03,385.25,3.4855,50.04,50.43,49.97,51.1,50.5,51.01,-0.14,0.3
5/13/2016 0:00,51.7,382,3.534,50.43,51.03,50.04,51,50.53,51,-0.79,0.23
5/16/2016 0:00,51.55,394,3.5001,51.03,51.7,50.43,51.04,50.65,50.65,0.87,0.35
5/17/2016 0:00,51.81,397,3.4888,51.7,51.55,51.03,51.46,51,51,0.9,0.36
5/18/2016 0:00,52.82,399.5,3.5683,51.55,51.81,51.7,51.8,36.5,51.5,-0.02,0.55
5/19/2016 0:00,52.79,390,3.5644,51.81,52.82,51.55,47.9,47.26,47.89,-7.25,0.26
5/20/2016 0:00,52.91,394.5,3.5202,52.82,52.79,51.81,48.1,47.72,47.72,0.84,0.4
5/23/2016 0:00,52.81,397.75,3.5728,52.79,52.91,52.82,49.14,47.99,47.99,1.56,0.78
5/24/2016 0:00,53.02,397.5,3.5713,52.91,52.81,52.79,48.75,47.7,48.7,-1.92,0.39
5/25/2016 0:00,53.07,404.75,3.5836,52.81,53.02,52.91,47.88,45.56,47.88,-4.51,0.5
5/27/2016 0:00,52.97,412.75,3.6116,53.02,53.07,52.81,45.9,44.05,45.26,-1.88,0.63
5/30/2016 0:00,53.26,0,3.5713,53.07,52.97,53.02,45.8,44.99,44.99,1.38,0.36
5/31/2016 0:00,53.15,404.75,3.6111,52.97,53.26,53.07,46.3,45.45,45.45,1.41,0.21
6/1/2016 00:00,53.21,413.75,3.6007,53.26,53.15,52.97,46.1,45.1,46.1,-2.28,0.41
6/2/2016 00:00,53.91,415.25,3.5926,53.15,53.21,53.26,46.01,45.05,45.05,1.66,0.81
6/3/2016 00:00,53.81,418.25,3.524,53.21,53.91,53.15,46.28,45.5,45.89,0.76,0.8
6/6/2016 00:00,53.21,427.25,3.4896,53.91,53.81,53.21,46.35,45.51,46.2,-0.74,0.34
6/7/2016 00:00,53.26,427.75,3.4421,53.81,53.21,53.91,46.05,45.2,45.65,-1.11,0.5
6/8/2016 00:00,53.38,431.25,3.363,53.21,53.26,53.81,46,45.15,45.15,0.68,0.44
6/9/2016 00:00,53.56,426.5,3.401,53.26,53.38,53.21,45.74,45.3,45.55,-0.35,0.38
6/10/2016 00:00,53.37,423,3.4188,53.38,53.56,53.26,46.09,45.47,45.55,0.44,0.4
6/13/2016 0:00,53.29,430,3.4827,53.56,53.37,53.38,46.5,45.79,45.79,1.12,0.4
6/14/2016 0:00,52.8,436.5,3.4812,53.37,53.29,53.56,47.66,46.27,46.27,1.54,0.74
6/15/2016 0:00,52.04,429,3.4741,53.29,52.8,53.37,48,46.6,46.75,1.45,1.62
6/16/2016 0:00,51.95,425.25,3.4661,52.8,52.04,53.29,47.75,46.9,47.6,-0.06,0.55
6/17/2016 0:00,50.62,437.75,3.4163,52.04,51.95,52.8,47.55,46.55,47.55,-2.08,0.95
6/20/2016 0:00,48.4,421.25,3.3945,51.95,50.62,52.04,46.58,45.5,46.58,-2.08,0.82
6/21/2016 0:00,46.05,396.25,3.4158,50.62,48.4,51.95,46.3,45.3,45.3,0.75,0.93
6/22/2016 0:00,44.47,393,3.377,48.4,46.05,50.62,46.15,44.75,46,-2.11,0.6
6/23/2016 0:00,43.2,387.25,3.339,46.05,44.47,48.4,44.86,42.74,44.86,-4.98,1.14
6/24/2016 0:00,42.64,384.5,3.3739,44.47,43.2,46.05,42.5,41.2,42.49,-0.7,0.81
6/27/2016 0:00,42.64,385.25,3.3926,43.2,42.64,44.47,42.55,41.55,42.4,-1.3,0.91
6/28/2016 0:00,42.2,385.25,3.3029,42.64,42.64,43.2,41.85,40.31,41.65,-2.65,1.34
6/29/2016 0:00,41.36,372.75,3.222,42.64,42.2,42.64,41.35,40.28,40.8,0.78,0.48
6/30/2016 0:00,41.28,358.75,3.2134,42.2,41.36,42.64,41.75,41,41.12,0.75,0.33
7/1/2016 00:00,41.12,353,3.2361,41.36,41.28,42.2,41.4,40.12,41.37,-2.44,0.65
7/4/2016 00:00,41.56,0,3.2695,41.28,41.12,41.36,40.25,38.76,40.17,-3.47,1
7/5/2016 00:00,41.32,344,3.3024,41.12,41.56,41.28,39.49,38.9,38.9,1.1,0.39
7/6/2016 00:00,41.12,335.75,3.33,41.56,41.32,41.12,40.5,39.4,39.45,1.55,0.22
7/7/2016 00:00,41.86,335.5,3.3678,41.32,41.12,41.56,40.9,39.8,40.9,01.07,0.72
7/8/2016 00:00,41.65,349.75,3.3006,41.12,41.86,41.32,40.85,40.32,40.41,0.25,0.27
7/11/2016 00:00,41.23,343.75,3.3094,41.86,41.65,41.12,41.7,40.45,40.55,2.24,1.43
7/12/2016 00:00,41.72,349.75,3.296,41.65,41.23,41.86,42.9,41.5,41.5,3.3,1.1
7/13/2016 0:00,42.48,365.75,3.2637,41.23,41.72,41.65,43,42.35,43,-0.82,0.11
7/14/2016 0:00,43.21,362.25,3.2511,41.72,42.48,41.23,42.5,41.81,42.5,-0.47,0.71
7/15/2016 0:00,43.86,352.25,3.282,42.48,43.21,41.72,42.89,42.31,42.31,1.3,0.77
7/18/2016 0:00,44.97,357,3.2532,43.21,43.86,42.48,43.17,42.81,42.89,0.44,1.12
7/19/2016 0:00,45.91,341.75,3.249,43.86,44.97,43.21,43.15,43.01,43.05,0.33,0.82
7/20/2016 0:00,46.73,337.5,3.2591,44.97,45.91,43.86,47.15,45.75,45.75,8.92,4.46
7/21/2016 0:00,47.3,334.25,3.2722,45.91,46.73,44.97,47.58,46,46.86,-1.06,5.83
7/22/2016 0:00,47.39,335,3.2565,46.73,47.3,45.91,47,45.6,46.52,-1.33,4.69
7/25/2016 0:00,47.48,334.75,3.286,47.3,47.39,46.73,46.86,45.87,45.87,1.74,2.39
7/26/2016 0:00,48.05,332.5,3.2768,47.39,47.48,47.3,47.2,46.4,46.95,0.19,4.15
7/27/2016 0:00,47.89,335.75,3.2637,47.48,48.05,47.39,47.45,46.5,46.8,01.07,2.59
7/28/2016 0:00,47.84,331.25,3.2892,48.05,47.89,47.48,48.59,47.45,47.54,2.35,3.83
7/29/2016 0:00,48.21,334.5,3.2486,47.89,47.84,48.05,48.99,48.32,48.4,0.91,3.28
8/1/2016 00:00,48.55,325.75,3.2649,47.84,48.21,47.89,48.85,47.2,48.85,-3.21,04.05
8/2/2016 00:00,48.09,324.25,3.2571,48.21,48.55,47.84,47.38,46.51,47.3,0.08,2.66
8/3/2016 00:00,47.36,325,3.2377,48.55,48.09,48.21,47.99,47.13,47.4,0.8,1.82
8/4/2016 00:00,47.44,320.75,3.1938,48.09,47.36,48.55,47.7,45.51,47.66,-3.92,4.94
8/5/2016 00:00,47.08,324.25,3.166,47.36,47.44,48.09,46.4,45.41,45.79,0.11,02.06
8/8/2016 00:00,46.89,325.25,3.1749,47.44,47.08,47.36,45.9,44.8,45.9,-2.2,2.63
8/9/2016 00:00,46.56,322.25,3.1456,47.08,46.89,47.44,45.39,44.81,44.91,0.31,1.44
8/10/2016 00:00,46.37,322.5,3.1271,46.89,46.56,47.08,45.55,44.2,44.92,0.24,1.43
8/11/2016 00:00,45.9,321,3.145,46.56,46.37,46.89,46,45.01,45.15,0.78,1.85
8/12/2016 00:00,45.78,322.25,3.1925,46.37,45.9,46.56,45.55,44.51,45.49,-1.65,2.89
8/15/2016 0:00,45.43,326.5,3.1862,45.9,45.78,46.37,44.7,43.31,44.4,-2.82,4.14
8/16/2016 0:00,44.83,327.5,3.2027,45.78,45.43,45.9,43.8,42.91,43.05,-0.05,1.3
8/17/2016 0:00,44.98,330.25,3.2037,45.43,44.83,45.78,44.7,43.44,43.44,2.35,1.67
8/18/2016 0:00,44.6,332,3.2393,44.83,44.98,45.43,45.05,44.05,44.38,-0.79,1.57
8/19/2016 0:00,44.63,334.25,3.2038,44.98,44.6,44.83,44.1,43.21,44.1,-0.82,1.47
8/22/2016 0:00,44.44,333.25,3.2014,44.6,44.63,44.98,44.45,43.72,43.75,0.89,1.54
8/23/2016 0:00,44.58,328.5,3.2338,44.63,44.44,44.6,44.12,43.5,44.12,-0.7,0.67
8/24/2016 0:00,44.37,327.5,3.2257,44.44,44.58,44.63,44.4,43.5,44.01,-0.05,0.67
8/25/2016 0:00,44.38,323.5,3.2367,44.58,44.37,44.44,43.7,43,43.62,-0.98,1.15
8/26/2016 0:00,43.71,316.25,3.2655,44.37,44.38,44.58,44,43.01,43.79,-0.67,0.6
8/29/2016 0:00,43.32,311.75,3.2298,44.38,43.71,44.37,43.27,41.82,43.27,-2.48,2.3
8/30/2016 0:00,42.86,304,3.2419,43.71,43.32,44.38,42.49,40.95,42,-1.29,2.41
8/31/2016 0:00,42.71,301.5,3.2273,43.32,42.86,43.71,41.9,40.7,41.5,0.6,0.48
9/1/2016 00:00,42.4,311,3.2582,42.86,42.71,43.32,42.05,40.8,41.84,-1.85,1.29
9/2/2016 00:00,42.96,316.5,3.2568,42.71,42.4,42.86,41,40.41,40.86,-1.1,1.23
9/5/2016 00:00,42.94,0,3.2833,42.4,42.96,42.71,40.69,39.8,40.36,-1.14,2.24
9/6/2016 00:00,42.76,316.75,3.1953,42.96,42.94,42.4,42.05,40.05,40.2,4.99,1
9/8/2016 00:00,41.92,327,3.2143,42.94,42.76,42.96,43.89,41.5,43.38,-0.43,2.37
9/9/2016 00:00,42.14,330,3.2735,42.76,41.92,42.94,42.5,41.41,41.6,0.17,0.57
9/12/2016 00:00,41.97,329.25,3.2458,41.92,42.14,42.76,42.39,41.42,42.1,-0.02,0.83
9/13/2016 0:00,42.15,319.25,3.3138,42.14,41.97,41.92,41.97,41.1,41.92,-0.5,0.56
9/14/2016 0:00,42.25,322.25,3.3426,41.97,42.15,42.14,42.45,41.55,41.85,1.15,0.89
9/15/2016 0:00,42.55,330,3.3024,42.15,42.25,41.97,42.5,41.9,42.25,-0.21,0.41
9/16/2016 0:00,42.78,337,3.2622,42.25,42.55,42.15,42.35,42,42.2,0.05,0.97
9/19/2016 0:00,42.31,337.25,3.2731,42.55,42.78,42.25,42.29,42.15,42.15,0.45,0.16
9/20/2016 0:00,42.06,340.5,3.2589,42.78,42.31,42.55,42.7,41.8,42.7,-0.71,1.42
9/21/2016 0:00,41.97,340,3.2071,42.31,42.06,42.78,42.38,41.61,41.81,-0.81,0.72
9/22/2016 0:00,41.29,336.75,3.2208,42.06,41.97,42.31,42.1,41.5,42.05,-0.81,1.16
9/23/2016 0:00,40.96,336.5,3.245,41.97,41.29,42.06,41.69,41.07,41.65,-1.39,0.96
9/26/2016 0:00,40.47,329,3.2401,41.29,40.96,41.97,41.39,40.53,41,-0.63,1.48
9/27/2016 0:00,40.77,331.75,3.2346,40.96,40.47,41.29,40.92,40,40.78,-1.32,1.4
9/28/2016 0:00,40.88,329.25,3.2167,40.47,40.77,40.96,40.35,39.93,40.3,-0.32,01.09
9/29/2016 0:00,41.1,329.25,3.2595,40.77,40.88,40.47,40.45,39.9,40.26,0.57,0.89
9/30/2016 0:00,41.53,336.75,3.2603,40.88,41.1,40.77,40.94,40.2,40.5,0.45,2.56
10/3/2016 00:00,41.89,346,3.2105,41.1,41.53,40.88,41.98,40.42,40.5,2.91,03.07
10/4/2016 00:00,42.7,348.25,3.2578,41.53,41.89,41.1,43.32,41.65,41.75,2.35,03.01
10/5/2016 00:00,43.24,347.75,3.2202,41.89,42.7,41.53,43.75,42.8,42.8,2.18,1.47
10/6/2016 00:00,43.75,340.5,3.2298,42.7,43.24,41.89,43.91,43.11,43.45,0.18,1.52
10/7/2016 00:00,43.64,339.75,3.2204,43.24,43.75,42.7,44.4,43.42,43.9,-0.05,1.31
10/10/2016 00:00,43.78,343.25,3.2065,43.75,43.64,43.24,44.05,42.72,43.7,-1.67,2.65
10/11/2016 00:00,43.71,345.5,3.1953,43.64,43.78,43.75,43.7,42.8,43.1,-0.02,1.14
10/13/2016 0:00,43.74,349.5,3.178,43.78,43.71,43.64,43.21,42.3,42.85,0.02,0.74
10/14/2016 0:00,43.48,354.25,3.2051,43.71,43.74,43.78,43.75,42.95,43.01,0.91,01.08
10/17/2016 0:00,43.03,354,3.2022,43.74,43.48,43.71,43.5,42.91,43.41,-0.65,0.9
10/18/2016 0:00,42.57,353.75,3.1888,43.48,43.03,43.74,43.51,43.01,43.1,0.42,0.97
10/19/2016 0:00,42.14,357.5,3.1697,43.03,42.57,43.48,43.33,42.01,43.25,-2.63,1.61
10/20/2016 0:00,41.73,351,3.1433,42.57,42.14,43.03,42.22,41.02,42.04,-2.44,1.89
10/21/2016 0:00,41.1,352.5,3.1511,42.14,41.73,42.57,41.27,40.41,41,-1.51,02.06
10/24/2016 0:00,40.4,348.25,3.1246,41.73,41.1,42.14,41.1,40.4,40.65,0.22,0.97
10/25/2016 0:00,40.09,349.25,3.1151,41.1,40.4,41.73,40.7,40.01,40.7,-1.01,2.29
10/26/2016 0:00,39.98,354,3.1409,40.4,40.09,41.1,40.34,39.66,40.2,-1.14,1.34
10/27/2016 0:00,40.16,357.5,3.1701,40.09,39.98,40.4,39.75,39.02,39.71,-1.69,1.89
10/28/2016 0:00,40.32,355,3.2065,39.98,40.16,40.09,39.3,38.75,39,0.05,1.44
10/31/2016 0:00,40.86,354.75,3.1893,40.16,40.32,39.98,39.79,39.09,39.09,1.82,1.96
11/1/2016 00:00,40.83,349,3.2367,40.32,40.86,40.16,41.21,39.6,39.78,3.42,2.26
11/3/2016 00:00,40.84,348,3.2425,40.86,40.83,40.32,41.57,40.93,40.96,0.46,1.1
11/4/2016 00:00,40.61,348.75,3.2337,40.83,40.84,40.86,41.78,40.8,41.45,-0.87,1.83
11/7/2016 00:00,40.39,346.25,3.202,40.84,40.61,40.83,41.06,39.98,40.95,-0.93,01.01
11/8/2016 00:00,39.86,354.25,3.1695,40.61,40.39,40.84,40.75,40.11,40.6,-1.08,01.09
11/9/2016 00:00,39.51,340.75,3.2172,40.39,39.86,40.61,40.28,39.2,40.15,-1.87,1.51
11/10/2016 00:00,39.12,343.5,3.3864,39.86,39.51,40.39,39.8,39.35,39.44,-0.48,0.59
11/11/2016 00:00,39.33,340.25,3.3915,39.51,39.12,39.86,39.5,39.19,39.48,-0.48,0.4
11/14/2016 0:00,39.53,337.25,3.4331,39.12,39.33,39.51,39.68,38.93,39.21,0.05,0.63
11/16/2016 0:00,40.15,338.5,3.42,39.33,39.53,39.12,39.4,38.85,39.26,-0.08,01.04
11/17/2016 0:00,39.72,342,3.4193,39.53,40.15,39.33,39.8,39.2,39.25,0.82,0.14
11/18/2016 0:00,39.03,345.5,3.3835,40.15,39.72,39.53,39.6,39.45,39.59,0.38,0.47
11/21/2016 0:00,37.93,349.75,3.3525,39.72,39.03,40.15,39.79,38,39.5,-4.13,2.15
11/22/2016 0:00,37.59,351,3.355,39.03,37.93,39.72,38.2,37.55,37.9,-0.63,1.48
11/23/2016 0:00,37.46,350.75,3.3945,37.93,37.59,39.03,37.85,37.32,37.75,-0.87,1.58
11/24/2016 0:00,37.06,0,3.3915,37.59,37.46,37.93,37.99,37.2,37.43,0.99,1.87
11/25/2016 0:00,36.64,349.25,3.4223,37.46,37.06,37.59,37.89,37.35,37.89,-0.48,0.79
11/28/2016 0:00,36.85,348.5,3.3859,37.06,36.64,37.46,38.15,37.41,37.65,0.61,0.56
11/29/2016 0:00,36.43,336.75,3.399,36.64,36.85,37.06,37.88,37.3,37.88,-0.77,0.87
11/30/2016 0:00,36.49,336.75,3.3842,36.85,36.43,36.64,37.7,37.01,37.5,-0.4,1.28
12/1/2016 00:00,36.54,331.75,3.4718,36.43,36.49,36.85,37.86,37.23,37.32,-0.08,1.44
12/2/2016 00:00,36.53,337.5,3.4755,36.49,36.54,36.43,37.58,36.91,37.39,0.19,01.02
12/5/2016 00:00,36.79,349.5,3.4215,36.54,36.53,36.49,38.45,37.59,37.59,2.45,2.52
12/6/2016 00:00,37.3,351,3.408,36.53,36.79,36.54,38.95,38,38.4,-0.05,1.31
12/7/2016 00:00,37.48,350.5,3.383,36.79,37.3,36.53,38.65,37.79,38.55,-0.31,1.18
12/8/2016 00:00,38.2,346.5,3.3755,37.3,37.48,36.79,38.85,38.27,38.44,1.25,2.14
12/9/2016 00:00,37.91,352.5,3.3785,37.48,38.2,37.3,39.2,38.64,38.7,-0.21,1.56
12/12/2016 00:00,38.36,354.5,3.3388,38.2,37.91,37.48,38.74,37.75,38.66,-1.06,1.52
12/13/2016 0:00,39.05,356.25,3.3355,37.91,38.36,38.2,38.94,38.3,38.3,0.65,1.26
12/14/2016 0:00,38.8,351.75,3.3705,38.36,39.05,37.91,38.57,38.02,38.45,-0.08,1.43
12/15/2016 0:00,38.63,356.5,3.3695,39.05,38.8,38.36,39.09,38.51,38.55,0.99,1.53
12/16/2016 0:00,38.87,356.25,3.392,38.8,38.63,39.05,39.41,38.75,38.85,01.03,1.82
12/19/2016 0:00,39.36,353.25,3.365,38.63,38.87,38.8,39.48,39.2,39.4,0.03,0.66
12/20/2016 0:00,39.34,350.25,3.3546,38.87,39.36,38.63,39.3,38.81,39.3,-1.1,0.85
12/21/2016 0:00,38.84,347.25,3.327,39.36,39.34,38.87,39.19,38.76,38.86,0.62,0.64
12/22/2016 0:00,39.07,347.25,3.2875,39.34,38.84,39.36,39.55,39.28,39.2,0.79,0.99
12/23/2016 0:00,38.8,345.75,3.271,38.84,39.07,39.34,39.44,38.9,39.4,-1.12,0.89
12/26/2016 0:00,38.82,0,3.277,39.07,38.8,38.84,39,38.1,38.85,-2.11,1.55
12/27/2016 0:00,38.8,355,3.2712,38.8,38.82,39.07,38.17,37.85,38,-0.24,0.58
12/28/2016 0:00,38.51,348.25,3.2845,38.82,38.8,38.8,38.59,37.87,38.08,0.13,0.82
12/29/2016 0:00,38.17,349.75,3.2547,38.8,38.51,38.82,38.4,38,38.1,0.6,0.44
1/2/2017 00:00,38.51,0,3.2857,38.51,38.17,38.8,38.45,38.05,38.4,-0.23,0.32
1/3/2017 00:00,37.94,355.75,3.2652,38.17,38.51,38.51,38.11,37.72,38.06,-0.76,0.63
1/4/2017 00:00,37.25,359.75,3.2163,38.51,37.94,38.17,38.39,37.82,37.92,0.18,0.29
1/5/2017 00:00,36.9,361.25,3.1991,37.94,37.25,38.51,38.25,37.89,38,-0.18,0.77
1/6/2017 00:00,36.3,358,3.2241,37.25,36.9,37.94,38,37.3,38,-1.53,1.31
1/9/2017 00:00,35.75,360,3.1969,36.9,36.3,37.25,37.45,36.75,37.4,-1.5,1.99
1/10/2017 00:00,34.77,358.25,3.1961,36.3,35.75,36.9,36.89,36.5,36.7,-0.79,1.45
1/11/2017 00:00,34.4,357.25,3.1975,35.75,34.77,36.3,36.55,35.81,36.55,-1.75,1.46
1/12/2017 00:00,34.39,358.25,3.1881,34.77,34.4,35.75,35.6,34.5,35.53,-3.37,2.3
1/13/2017 0:00,34.17,358.5,3.2213,34.4,34.39,34.77,34.68,34.16,34.16,-0.09,0.67
1/16/2017 0:00,34.23,0,3.2418,34.39,34.17,34.4,34.94,34.42,34.5,-0.35,0.72
1/17/2017 0:00,34.52,365.5,3.2115,34.17,34.23,34.39,34.66,34.46,34.56,-0.06,0.27
1/18/2017 0:00,35.11,365,3.2309,34.23,34.52,34.17,34.5,34.28,34.45,-0.64,0.43
1/19/2017 0:00,35.05,366.25,3.1965,34.52,35.11,34.23,34.99,34.37,34.37,1.78,1.94
1/20/2017 0:00,35.59,369.75,3.169,35.11,35.05,34.52,35.87,35.2,35.34,2.67,2.95
1/23/2017 0:00,36.33,369.5,3.1633,35.05,35.59,35.11,36.12,35.07,35.87,-1.65,2.12
1/24/2017 0:00,36.39,363.25,3.1702,35.59,36.33,35.05,35.24,34.5,35,-1.99,1.76
1/25/2017 0:00,36.5,366.25,3.1702,36.33,36.39,35.59,35.55,34.5,34.5,2.72,1.76
1/26/2017 0:00,36.61,363.75,3.178,36.39,36.5,36.33,36.05,35.07,35.44,-0.56,1.64
1/27/2017 0:00,36.66,362.5,3.141,36.5,36.61,36.39,35.55,34.75,35.43,-0.96,1.36
1/30/2017 0:00,36.55,357.75,3.127,36.61,36.66,36.5,35.55,34.75,35.43,-0.96,1.36
1/31/2017 0:00,36.4,359.75,3.1509,36.66,36.55,36.61,35.25,34.39,34.91,0.72,2.16
2/1/2017 00:00,36.06,368.25,3.1295,36.55,36.4,36.66,35.4,34.1,35.06,-2.76,2.46
2/2/2017 00:00,35.94,367.5,3.124,36.4,36.06,36.55,34.48,33.85,34.2,0.47,1.64
2/3/2017 00:00,36.41,365.25,3.1176,36.06,35.94,36.4,34.76,34.24,34.75,0.67,1.41
2/6/2017 00:00,36.34,363.75,3.116,35.94,36.41,36.06,34.6,34.05,34.59,-1.16,2.68
2/7/2017 00:00,36.02,368.5,3.1205,36.41,36.34,35.94,34.65,34.07,34.2,0.64,1.49
2/8/2017 00:00,36.37,370.75,3.1175,36.34,36.02,36.41,34.97,34.3,34.3,0.03,1.78
2/9/2017 00:00,36.42,369.5,3.1301,36.02,36.37,36.34,34.3,33.8,34.12,-1.16,1.88
2/10/2017 00:00,36.57,374.5,3.1157,36.37,36.42,36.02,34.23,33.88,33.89,0.29,0.71
2/13/2017 0:00,36.54,375.5,3.1115,36.42,36.57,36.37,34.6,34.11,34.32,0.47,1.42
2/14/2017 0:00,36.36,374.25,3.085,36.57,36.54,36.42,35.3,34.35,34.41,2.16,2.93
2/15/2017 0:00,36.04,378.75,3.0575,36.54,36.36,36.57,35.46,34.8,35.3,0.26,2.2
2/16/2017 0:00,36.13,373.5,3.0892,36.36,36.04,36.54,35.25,34.56,35.15,-1.28,1.41
2/17/2017 0:00,36.06,368.25,3.1048,36.04,36.13,36.36,34.85,34,34.56,-1.3,3.22
2/20/2017 0:00,35.91,0,3.087,36.13,36.06,36.04,34.5,34.03,34.05,-0.15,1.61
2/21/2017 0:00,36.02,369.25,3.0951,36.06,35.91,36.13,34.48,34.05,34.37,-0.06,2.16
2/22/2017 0:00,36.39,371,3.064,35.91,36.02,36.06,34.44,33.85,34.34,-0.23,1.47
2/23/2017 0:00,36.1,365.5,3.0595,36.02,36.39,35.91,34.3,33.66,33.82,0.38,1.37
2/24/2017 0:00,36.1,364,3.111,36.39,36.1,36.02,34.5,34.08,34.5,0.15,1.78
3/1/2017 00:00,35.96,375.75,03.09,36.1,36.1,36.39,34.79,34.49,34.57,1.34,2.21
3/2/2017 00:00,36.11,372.75,3.1565,36.1,35.96,36.1,34.77,34.41,34.42,-0.4,0.83
3/3/2017 00:00,36.25,374.75,3.1158,35.96,36.11,36.1,35,34.66,34.75,0.75,0.42
3/6/2017 00:00,35.95,372.75,3.1386,36.11,36.25,35.96,35.37,34.96,35.07,1.35,1.6
3/7/2017 00:00,35.89,369.5,3.1195,36.25,35.95,36.11,35.68,35.3,35.43,0.51,2.47
3/8/2017 00:00,35.48,365.25,3.1631,35.95,35.89,36.25,35.95,35.71,35.8,0.96,1.25
3/9/2017 00:00,35.53,359.75,3.1932,35.89,35.48,35.95,35.9,35.21,35.81,-1.4,1.24
3/10/2017 00:00,35.44,358,3.1395,35.48,35.53,35.89,35.45,35.11,35.42,-0.03,0.41
3/13/2017 0:00,34.85,354.5,3.153,35.53,35.44,35.48,35.13,34.8,35.01,-1.22,1.1
3/14/2017 0:00,35.33,353.75,3.1685,35.44,34.85,35.53,35.15,34.75,34.75,0.72,0.39
3/15/2017 0:00,35.11,363.5,3.1037,34.85,35.33,35.44,35.22,34.95,35.13,-0.2,0.33
3/16/2017 0:00,35.01,366,3.1185,35.33,35.11,34.85,35.1,34.54,34.89,-1.37,02.06
3/17/2017 0:00,34.64,367.5,3.0918,35.11,35.01,35.33,35.09,34.93,34.96,1.56,0.76
3/20/2017 0:00,34.32,363.5,3.0726,35.01,34.64,35.11,31.1,30.57,30.63,-12.48,1.99
3/21/2017 0:00,33.19,361.25,3.0884,34.64,34.32,35.01,30.8,30.16,30.63,-1.5,1.81
3/22/2017 0:00,32.8,358.75,3.088,34.32,33.19,34.64,30.22,29.75,30.21,-1.59,2.61
3/23/2017 0:00,31.74,356.75,3.1395,33.19,32.8,34.32,30.08,29.73,29.8,0.64,01.09
3/24/2017 0:00,31.63,356.25,3.1086,32.8,31.74,33.19,30.02,28.65,30.02,-4.2,3.16
3/27/2017 0:00,30.46,355.75,3.1265,31.74,31.63,32.8,28.69,28.1,28.62,-1.6,2.61
3/28/2017 0:00,30.42,357.75,3.1412,31.63,30.46,31.74,28.46,27.8,28.27,-1.45,2.34
3/29/2017 0:00,30.16,358.5,3.1199,30.46,30.42,31.63,29.15,27.74,27.9,2.19,3
3/30/2017 0:00,30.27,357.5,3.1496,30.42,30.16,30.46,28.5,27.96,28.44,-1.2,2.7
3/31/2017 0:00,30.12,364.25,3.1233,30.16,30.27,30.42,28.55,28.31,28.35,1.14,1.57
4/3/2017 00:00,29.39,367.75,3.1147,30.27,30.12,30.16,28.8,28.3,28.46,-0.14,2.13
4/4/2017 00:00,28.86,363,3.0939,30.12,29.39,30.27,29.2,28.45,28.7,0.49,2.67
4/5/2017 00:00,28.44,364.75,3.1203,29.39,28.86,30.12,28.75,27.95,28.67,-1.82,1.91
4/6/2017 00:00,28.23,360.75,3.1427,28.86,28.44,29.39,27.78,27.27,27.66,-2.25,1.59
4/7/2017 00:00,28.14,359.5,3.1462,28.44,28.23,28.86,27.33,27.1,27.29,-0.44,1.51
4/10/2017 00:00,27.92,367,3.132,28.23,28.14,28.44,27.43,26.95,27.41,-0.84,2.19
4/11/2017 00:00,27.51,366.5,3.1372,28.14,27.92,28.23,27.24,26.9,27,0.22,2.45
4/12/2017 00:00,27.53,369,3.1258,27.92,27.51,28.14,27.47,27.13,27.3,1.22,0.83
4/13/2017 0:00,27.8,371,3.1444,27.51,27.53,27.92,27.39,27.06,27.24,-0.91,1.28
4/17/2017 0:00,27.86,366.5,3.0985,27.53,27.8,27.51,27.27,26.6,27.17,-0.85,2.99
4/18/2017 0:00,28.56,361.75,3.108,27.8,27.86,27.53,27.29,27,27,0.97,1.5
4/19/2017 0:00,28.46,361.75,3.1522,27.86,28.56,27.8,27.7,27.41,27.46,1.25,1.97
4/20/2017 0:00,28.6,357.75,3.1486,28.56,28.46,27.86,28.13,27.7,27.8,1.85,2.27
4/24/2017 0:00,28.96,359.25,3.128,28.46,28.6,28.56,28.66,28.26,28.49,1.43,2.28
4/25/2017 0:00,28.52,365,3.1471,28.6,28.96,28.46,28.37,27.94,28.25,-1.44,1.89
4/26/2017 0:00,28.56,359,3.1723,28.96,28.52,28.6,28.46,28.18,28.21,01.07,1.39
4/27/2017 0:00,28.23,362,3.1835,28.52,28.56,28.96,28.68,28.31,28.59,0.53,2.35
4/28/2017 0:00,28.17,358,3.1766,28.56,28.23,28.52,28.25,28.05,28.21,-1.37,1.13
5/2/2017 00:00,27.91,364,3.1517,28.23,28.17,28.56,28.3,28.07,28.18,0.39,0.99
5/3/2017 00:00,28.24,366.25,3.1652,28.17,27.91,28.23,28.22,28,28.15,-0.32,0.52
5/4/2017 00:00,28.51,358,3.1885,27.91,28.24,28.17,28.21,28.07,28.16,-0.04,0.67
5/5/2017 00:00,28.25,361.75,3.1774,28.24,28.51,27.91,28.05,27.85,27.9,-0.39,1.52
5/8/2017 00:00,28.22,356.75,3.198,28.51,28.25,28.24,28.39,27.91,28.15,-0.11,0.8
5/9/2017 00:00,28.03,358.25,3.1902,28.25,28.22,28.51,28.31,28.13,28.14,0.72,01.04
5/10/2017 00:00,28.15,365.25,3.1678,28.22,28.03,28.25,28.2,27.95,28.2,-0.5,0.28
5/11/2017 00:00,27.99,360.5,3.1403,28.03,28.15,28.22,28.07,27.6,28.06,-0.46,0.65
5/12/2017 00:00,28.09,361.75,3.1218,28.15,27.99,28.03,27.9,27.77,27.85,-0.07,0.23
5/15/2017 0:00,28.13,367.75,3.1113,27.99,28.09,28.15,28.05,27.85,28.05,-0.07,1.22
5/16/2017 0:00,27.88,367.75,3.0964,28.09,28.13,27.99,27.99,27.85,27.93,0.25,0.68
5/17/2017 0:00,27.67,371.5,3.138,28.13,27.88,28.09,28.1,28.01,28.09,0.43,0.09
5/18/2017 0:00,27.8,366,3.371,27.88,27.67,28.13,27.39,27.39,27.39,-2.42,0.09
5/19/2017 0:00,28.07,372.5,3.2529,27.67,27.8,27.88,27.4,27.4,27.4,0.04,0
5/22/2017 0:00,27.88,375,3.2656,27.8,28.07,27.67,28.58,28.58,28.58,4.31,0
5/23/2017 0:00,27.85,369.5,3.2705,28.07,27.88,27.8,28.34,28.34,28.34,-0.84,0
5/24/2017 0:00,27.6,371.25,3.2784,27.88,27.85,28.07,28.36,28.36,28.36,0.07,0
5/25/2017 0:00,27.11,369.25,3.2736,27.85,27.6,27.88,27.86,27.86,27.86,-1.76,0
5/26/2017 0:00,27.23,374.25,3.2601,27.6,27.11,27.85,27.6,27.6,27.6,-0.93,0
5/29/2017 0:00,26.9,0,3.2567,27.11,27.23,27.6,27.55,27.55,27.55,-0.18,0
5/30/2017 0:00,26.82,367,3.2577,27.23,26.9,27.11,27.53,27.53,27.53,-0.07,0
5/31/2017 0:00,26.49,372,3.2266,26.9,26.82,27.23,27.72,27.72,27.72,0.69,0
6/1/2017 00:00,26.52,370.5,3.2506,26.82,26.49,26.9,27.38,27.38,27.38,-1.23,0.5
6/2/2017 00:00,26.48,372.75,3.2483,26.49,26.52,26.82,26.82,26.6,26.82,-2.85,0.5
6/5/2017 00:00,26.61,373,3.2969,26.52,26.48,26.49,26.5,26,26,-1.47,0.3
6/6/2017 00:00,26.84,377.25,3.2778,26.48,26.61,26.52,26.21,26.21,26.21,-0.72,0.03
6/7/2017 00:00,26.79,384.75,3.2695,26.61,26.84,26.48,26.02,26.01,26.01,-0.72,0.03
6/8/2017 00:00,27.19,385.75,3.2617,26.84,26.79,26.61,26.11,26.11,26.11,-0.08,0.03
6/9/2017 00:00,27.35,387.75,3.2971,26.79,27.19,26.84,26.6,26.6,26.6,2.31,0.03
6/12/2017 00:00,27.12,377.25,3.3181,27.19,27.35,26.79,26.65,26.4,26.4,0.19,0.03
6/13/2017 0:00,27.25,381,3.3154,27.35,27.12,27.19,26.85,26.8,26.8,0.75,0.01
6/14/2017 0:00,27.09,377,3.2742,27.12,27.25,27.35,26.52,26.2,26.52,-2.42,0.05
6/16/2017 0:00,27.11,384,3.2933,27.25,27.09,27.12,26.5,26.31,26.41,0.42,0.04
6/19/2017 0:00,27.21,375.25,3.2828,27.09,27.11,27.25,26.6,26.45,26.56,0.53,0.04
6/20/2017 0:00,27.24,370,3.327,27.11,27.21,27.09,26.4,26.4,26.4,0.53,0.03
6/21/2017 0:00,27.03,368.75,3.3363,27.21,27.24,27.11,26.4,26.4,26.4,0,0.03
6/22/2017 0:00,26.84,362.75,3.3425,27.24,27.03,27.21,26.47,26.47,26.47,0,0.03
6/23/2017 0:00,26.82,357.75,3.343,27.03,26.84,27.24,26.42,26.42,26.42,-0.95,0.08
6/26/2017 0:00,26.39,359,3.2963,26.84,26.82,27.03,26.41,26.41,26.41,-0.95,0.08
6/27/2017 0:00,26.36,359.25,3.3135,26.82,26.39,26.84,26.4,26.11,26.4,-0.57,0.16
6/28/2017 0:00,26.23,356.75,3.2805,26.39,26.36,26.82,26.11,25.95,26.11,-1.54,0.03
6/29/2017 0:00,25.89,359.75,3.3043,26.36,26.23,26.39,25.9,25.35,25.35,-1.54,0.23
6/30/2017 0:00,25.49,370.5,3.3072,26.23,25.89,26.36,25.46,25.25,25.25,-0.55,0.06
7/3/2017 00:00,26.1,378,3.3015,25.89,25.49,26.23,25.49,25.49,25.49,0.2,0.04
7/4/2017 00:00,26.25,0,3.3093,25.49,26.1,25.89,25.6,25.35,25.35,0.16,0.04
7/5/2017 00:00,26.71,381.75,3.2889,26.1,26.25,25.49,25.6,25.1,25.1,-0.78,0.04
7/6/2017 00:00,26.66,380.25,3.2962,26.25,26.71,26.1,26,25.5,25.5,1.46,0.06
7/7/2017 00:00,26.8,382.25,3.2813,26.71,26.66,26.25,25.95,25.62,25.95,-1.13,1.23
7/10/2017 00:00,26.86,391.75,3.2557,26.66,26.8,26.71,25.6,25.55,25.6,-1.14,0.03
7/11/2017 00:00,27.22,392.25,3.2548,26.8,26.86,26.66,26.39,26,26,0.64,0.03
7/12/2017 00:00,27.05,376.25,3.2079,26.86,27.22,26.8,26.5,26.41,26.5,3.95,0.01
7/13/2017 0:00,26.64,361,3.2138,27.22,27.05,26.86,26.83,26.83,26.83,02.02,0.01
7/14/2017 0:00,26.26,365.25,3.1799,27.05,26.64,27.22,27,26.55,27,-1.42,0.01
7/17/2017 0:00,26.38,375,3.1833,26.64,26.26,27.05,26.45,26.25,26.45,-0.57,0.01
7/18/2017 0:00,26.66,377,3.1545,26.26,26.38,26.64,26.65,26.2,26.2,1.52,0.06
7/19/2017 0:00,26.77,382.5,3.149,26.38,26.66,26.26,26.43,26.43,26.43,-1.01,0.06
7/20/2017 0:00,26.63,391,3.1208,26.66,26.77,26.38,27.09,26.15,26.37,-0.61,4.53
7/21/2017 0:00,26.41,379.75,3.1418,26.77,26.63,26.66,26.5,26.25,26.34,0.19,1.45
7/24/2017 0:00,25.92,377.25,3.147,26.63,26.41,26.77,26.74,26.4,26.4,1.1,1.81
7/25/2017 0:00,25.77,368.75,3.1726,26.41,25.92,26.63,26.7,26.27,26.6,-1.2,1.59
7/26/2017 0:00,25.49,372.75,3.1387,25.92,25.77,26.41,26.14,25.9,26.03,-0.72,1.5
7/27/2017 0:00,25.55,374.25,3.153,25.77,25.49,25.92,26.19,25.99,26,-0.31,2.49
7/28/2017 0:00,25.4,374.25,3.1319,25.49,25.55,25.77,26.1,25.85,25.91,-0.08,1.31
7/31/2017 0:00,25.44,370.75,3.1264,25.55,25.4,25.49,26.08,25.8,26.02,-0.27,1.62
8/1/2017 00:00,25.36,362.5,3.1265,25.4,25.44,25.55,26.27,25.91,26.01,0.73,1.28
8/2/2017 00:00,25.31,365,3.1137,25.44,25.36,25.4,26.2,25.85,25.91,0.11,1.15
8/3/2017 00:00,25.2,363.5,3.1126,25.36,25.31,25.44,26.07,25.85,26,-1.03,4.48
8/4/2017 00:00,25.76,366.5,3.1313,25.31,25.2,25.36,26.06,25.92,25.93,0.5,1.45
8/7/2017 00:00,26,372.25,3.1265,25.2,25.76,25.31,26.2,25.61,25.82,-0.12,2.94
8/8/2017 00:00,25.88,369.75,3.1269,25.76,26,25.2,26.47,25.95,26.07,0.69,1.63
8/9/2017 00:00,25.99,372.25,3.1559,26,25.88,25.76,26.57,26.15,26.19,1.34,1.81
8/10/2017 00:00,26.14,357.25,3.1757,25.88,25.99,26,26.73,26.42,26.43,0.38,1.35
8/11/2017 00:00,26.33,360.75,3.1938,25.99,26.14,25.88,26.98,26.4,26.76,1.13,2.77
8/14/2017 0:00,26.48,362.75,3.189,26.14,26.33,25.99,27.3,26.7,26.98,0.37,6.36
8/15/2017 0:00,27.05,355.25,3.1695,26.33,26.48,26.14,27.25,26.88,27.1,0.48,2.14
8/16/2017 0:00,27.48,352.5,3.1524,26.48,27.05,26.33,27.45,27.16,27.2,0.81,2.16
8/17/2017 0:00,27.64,350.5,3.1751,27.05,27.48,26.48,27.86,27.15,27.16,1.57,3.15
8/18/2017 0:00,27.96,352,3.1465,27.48,27.64,27.05,28.19,27.73,27.76,0.18,3.86
8/21/2017 0:00,27.83,349,3.1645,27.64,27.96,27.48,28.24,27.73,28.15,1.22,1.73
8/22/2017 0:00,27.57,346,3.1611,27.96,27.83,27.64,28.83,28.35,28.5,1.6,3.21
8/23/2017 0:00,27.42,342,3.1414,27.83,27.57,27.96,29.1,28.55,28.73,01.08,1.65
8/24/2017 0:00,26.98,342,3.1481,27.57,27.42,27.83,28.85,27.8,28.84,-3.35,2.69
8/25/2017 0:00,26.94,338.75,3.1603,27.42,26.98,27.57,27.9,27.4,27.85,-1.14,1.51
8/28/2017 0:00,26.95,336,3.167,26.98,26.94,27.42,27.9,27.5,27.6,0.61,1.29
8/29/2017 0:00,26.8,333.5,3.1652,26.94,26.95,26.98,28,27.43,27.94,-0.75,01.05
8/30/2017 0:00,26.93,329.5,3.1603,26.95,26.8,26.94,27.65,27.12,27.59,-1.23,2.1
8/31/2017 0:00,27.3,342.25,3.1479,26.8,26.93,26.95,27.38,27.16,27.3,0.07,1.81
9/1/2017 00:00,27.35,340,3.1416,26.93,27.3,26.8,27.25,26.96,27.07,-0.29,1.53
9/4/2017 00:00,27.93,0,3.1417,27.3,27.35,26.93,27.75,27.29,27.31,1.51,3.31
9/5/2017 00:00,27.95,344.25,3.1174,27.35,27.93,27.3,28.07,27.58,27.65,0.11,3.57
9/6/2017 00:00,28.09,347,3.1004,27.93,27.95,27.35,27.74,27.43,27.6,-0.29,1.22
9/8/2017 00:00,28.13,344.25,3.0867,27.95,28.09,27.93,28.27,27.48,27.56,2.25,4.85
9/11/2017 00:00,28.39,345.5,3.1029,28.09,28.13,27.95,28.45,28.07,28.34,0.74,03.02
9/12/2017 00:00,28.36,340,3.1252,28.13,28.39,28.09,28.5,28.15,28.4,-0.67,1.94
9/13/2017 0:00,28.45,338.5,3.1353,28.39,28.36,28.13,28.3,28,28.27,-0.39,1.57
9/14/2017 0:00,28.83,341.75,3.119,28.36,28.45,28.39,28.34,28.1,28.11,0.75,4.15
9/15/2017 0:00,28.86,354.75,3.1085,28.45,28.83,28.36,28.44,28.25,28.32,0.25,1.99
9/18/2017 0:00,28.98,351.5,3.1368,28.83,28.86,28.45,28.5,28.32,28.37,0.11,3.23
9/19/2017 0:00,29.09,348.25,3.1351,28.86,28.98,28.83,28.73,28.42,28.42,01.06,0.95
9/20/2017 0:00,29.98,350,3.1325,28.98,29.09,28.86,30.9,30.44,30.8,07.07,0.87
9/21/2017 0:00,30.41,350.25,3.1377,29.09,29.98,28.98,30.92,30.55,30.9,2.99,1.49
9/22/2017 0:00,30.64,353.5,3.125,29.98,30.41,29.09,31.75,30.51,30.6,1.14,2.88
9/25/2017 0:00,30.51,353.75,3.1599,30.41,30.64,29.98,32.6,31.61,31.79,1.14,3.89
9/26/2017 0:00,30.17,352.25,3.1666,30.64,30.51,30.41,32.2,31.35,31.81,-1.94,2.49
9/27/2017 0:00,30.05,354,3.1932,30.51,30.17,30.64,31.59,30.15,31.36,-1.66,2.97
9/28/2017 0:00,29.94,352.5,3.1825,30.17,30.05,30.51,30.94,30.35,30.92,-1.62,3.26
9/29/2017 0:00,30.04,355.25,3.1619,30.05,29.94,30.17,30.8,30.04,30.45,1.12,2.87
10/2/2017 00:00,30.39,351.5,3.1545,29.94,30.04,30.05,31.18,30.46,30.68,0.29,3.33
10/3/2017 00:00,29.71,349.5,3.1427,30.04,30.39,29.94,30.82,30.37,30.82,-0.58,1.84
10/4/2017 00:00,29.59,348.25,3.1351,30.39,29.71,30.04,30.85,30.45,30.65,0.03,2.6
10/5/2017 00:00,29.66,349.5,3.1545,29.71,29.59,30.39,31.05,30.6,30.64,1.17,4.1
10/6/2017 00:00,30.39,350,3.1561,29.59,29.66,29.71,31.15,30.61,31.02,-0.61,2.33
10/9/2017 00:00,30.83,349.5,3.1888,29.66,30.39,29.59,31.01,30.72,30.84,0.26,1.88
10/10/2017 00:00,31.17,349.25,3.1795,30.39,30.83,29.66,31.68,30.9,30.94,2.3,02.05
10/11/2017 00:00,31.29,346,3.1724,30.83,31.17,30.39,32.19,31.49,31.67,1.71,02.09
10/13/2017 0:00,31.27,352.75,3.1452,31.17,31.29,30.83,32.69,32.15,32.18,1.56,2.6
10/16/2017 0:00,31.71,350.5,3.1712,31.29,31.27,31.17,33,32.51,32.68,0.12,2.39
10/17/2017 0:00,31.81,350,3.158,31.27,31.71,31.29,32.8,32.39,32.52,0.06,1.56
10/18/2017 0:00,31.75,348.5,3.1711,31.71,31.81,31.27,32.85,32.33,32.8,0.24,01.05
10/19/2017 0:00,31.44,349,3.1671,31.81,31.75,31.71,33.09,32.5,32.82,-0.67,2.78
10/20/2017 0:00,31.73,344.5,3.1926,31.75,31.44,31.81,32.69,32.2,32.69,-0.55,1.85
10/23/2017 0:00,32.04,351.25,3.2378,31.44,31.73,31.75,32.45,31.27,32.4,-3.09,3.57
10/24/2017 0:00,32.02,352.75,3.2435,31.73,32.04,31.44,31.49,31.1,31.43,-0.03,2.13
10/25/2017 0:00,32.16,351,3.2332,32.04,32.02,31.73,31.91,31.35,31.46,1.47,1.38
10/26/2017 0:00,31.47,350.5,3.2906,32.02,32.16,32.04,32.32,31.81,31.9,0.82,1.52
10/27/2017 0:00,31.76,348.75,3.2363,32.16,31.47,32.02,32.19,31.55,32.18,-1.37,2.25
10/30/2017 0:00,31.99,348.75,3.2891,31.47,31.76,32.16,31.9,31.52,31.6,0.38,1.4
10/31/2017 0:00,32.23,345.75,3.2727,31.76,31.99,31.47,32.05,31.56,31.79,-0.38,0.86
11/1/2017 00:00,32.89,348.25,3.2677,31.99,32.23,31.76,31.9,31.64,31.67,0.09,0.59
11/3/2017 00:00,32.87,348.25,3.3144,32.23,32.89,31.99,32.05,31.65,31.66,0.63,1.23
11/6/2017 00:00,32.11,348,3.2495,32.89,32.87,32.23,32.35,31.89,31.98,1.19,3.68
11/7/2017 00:00,32.7,347.75,3.2714,32.87,32.11,32.89,32.72,32.68,32.72,1.33,1.7
11/8/2017 00:00,32.7,348.25,3.2548,32.11,32.7,32.87,32.73,32.37,32.7,-0.37,1.25
11/9/2017 00:00,32.52,341.5,3.2521,32.7,32.7,32.11,32.55,32.11,32.51,-0.77,1.17
11/10/2017 00:00,32.68,343.5,3.2779,32.7,32.52,32.7,32.65,32.28,32.3,-0.34,01.06
11/13/2017 0:00,32.32,342.25,3.2794,32.52,32.68,32.7,32.37,31.39,32.17,-0.34,1.45
11/14/2017 0:00,32.26,337.5,3.3131,32.68,32.32,32.52,32.06,31.85,31.9,-0.68,1.17
11/16/2017 0:00,32.24,336.5,3.274,32.32,32.26,32.68,32.39,32.2,32.2,01.06,1.87
11/17/2017 0:00,32.05,343,3.2574,32.26,32.24,32.32,32.39,32.15,32.39,-0.25,1.96
11/20/2017 0:00,31.76,345,3.2574,32.24,32.05,32.26,32.3,32.2,32.29,0.06,0.77
11/21/2017 0:00,31.38,345,3.2588,32.05,31.76,32.24,32.9,32.4,32.69,0.43,3.36
11/22/2017 0:00,30.98,345.25,3.2243,31.76,31.38,32.05,32.6,31.95,32.43,-1.48,4.15
11/23/2017 0:00,30.71,0,3.2219,31.38,30.98,31.76,32.6,31.95,32.43,-1.48,4.15
11/24/2017 0:00,30.86,342.25,3.233,30.98,30.71,31.38,32.05,31.61,32,-0.69,3.61
11/27/2017 0:00,30.56,338.75,3.2278,30.71,30.86,30.98,31.89,31.41,31.89,0.35,4.11
11/28/2017 0:00,30.32,336.25,3.2131,30.86,30.56,30.71,31.95,31.41,31.94,-0.94,04.07
11/29/2017 0:00,30.5,339,3.2461,30.56,30.32,30.86,31.75,31.49,31.56,0.06,1.4
11/30/2017 0:00,30.59,341.75,3.2727,30.32,30.5,30.56,31.55,31.21,31.5,-0.7,2.74
12/1/2017 00:00,30.93,344.75,3.2581,30.5,30.59,30.32,31.59,31.19,31.36,0.67,2.88
12/4/2017 00:00,31.21,339.5,3.2442,30.59,30.93,30.5,32.19,31.58,31.6,02.09,3.98
12/5/2017 00:00,31.31,339.75,3.2418,30.93,31.21,30.59,32.35,31.95,32.25,-0.06,1.22
12/6/2017 00:00,31.75,339.25,3.2357,31.21,31.31,30.93,32.55,32.12,32.2,0.84,1.86
12/7/2017 00:00,31.64,338.75,3.2907,31.31,31.75,31.21,32.64,32.38,32.47,0.31,3.81
12/8/2017 00:00,31.58,340,3.2919,31.75,31.64,31.31,32.54,32.05,32.47,-1.32,1.76
12/11/2017 00:00,31.66,336.5,3.3048,31.64,31.58,31.75,32.75,32.07,32.11,1.37,03.09
12/12/2017 00:00,31.84,335.75,3.3065,31.58,31.66,31.64,32.61,32.28,32.55,-0.43,0.72
12/13/2017 0:00,32.34,336.75,3.31,31.66,31.84,31.58,32.5,32.2,32.45,-0.31,0.95
12/14/2017 0:00,32.04,336.25,3.3419,31.84,32.34,31.66,32.87,32.33,32.33,1.45,1.94
12/15/2017 0:00,32.36,347.5,3.2947,32.34,32.04,31.84,33,32.4,32.77,1.49,0.72
12/18/2017 0:00,32.56,347,3.2923,32.04,32.36,32.34,33.25,32.7,32.81,1.49,1.25
12/19/2017 0:00,33.08,347.5,3.29,32.36,32.56,32.04,33.3,32.95,33.24,-0.18,0.85
12/20/2017 0:00,33.29,349.25,3.2979,32.56,33.08,32.36,33.44,33.05,33.2,0.15,0.84
12/21/2017 0:00,33.32,351.25,3.3084,33.08,33.29,32.56,33.4,33.07,33.15,0.3,1.44
12/22/2017 0:00,33.26,352,3.337,33.29,33.32,33.08,33.59,33.27,33.37,0.12,01.02
12/26/2017 0:00,33.53,352.75,3.3111,33.32,33.26,33.29,33.55,33.05,33.44,-0.78,0.98
12/27/2017 0:00,33.71,353.75,3.315,33.26,33.53,33.32,33.17,32.5,33.1,-0.21,0.99
12/28/2017 0:00,33.77,352,3.3125,33.53,33.71,33.26,33.04,32.85,32.87,-0.24,0.2
1/2/2018 00:00,33.77,353.25,3.2591,33.71,33.77,33.53,33.3,32.86,32.94,0.94,0.45
1/3/2018 00:00,33.67,353,3.237,33.77,33.77,33.71,33.64,33.25,33.25,0.3,0.77
1/4/2018 00:00,33.61,351,3.2346,33.77,33.67,33.77,33.5,33.2,33.45,-0.6,0.42
1/5/2018 00:00,33.31,351.25,3.2292,33.67,33.61,33.77,33.33,32.75,33.11,-0.24,0.6
1/8/2018 00:00,33.12,347.25,3.2407,33.61,33.31,33.67,33.42,33.03,33.25,-0.24,1.44
1/9/2018 00:00,32.64,349,3.2483,33.31,33.12,33.61,33.2,32.56,33.15,-0.66,0.57
1/10/2018 00:00,32.71,349,3.2283,33.12,32.64,33.31,33,32.65,32.76,-0.58,0.7
1/11/2018 00:00,32.42,348.75,3.2155,32.64,32.71,33.12,32.9,32.44,32.81,-0.46,1.29
1/12/2018 00:00,32.82,346.25,3.2064,32.71,32.42,32.64,32.6,31.75,32.34,-2.55,1.67
1/15/2018 0:00,32.41,0,3.2163,32.42,32.82,32.71,32.15,31.84,31.84,0.69,1.5
1/16/2018 0:00,31.85,348.25,3.2243,32.82,32.41,32.42,32.1,31.88,31.92,0.03,1.4
1/17/2018 0:00,32.19,353,3.2238,32.41,31.85,32.82,32.47,31.76,31.76,1.85,1.38
1/18/2018 0:00,32.28,351.5,3.2065,31.85,32.19,32.41,32.2,31.8,32.2,-2.12,1.63
1/19/2018 0:00,32.33,352.5,3.1962,32.19,32.28,31.85,32.41,31.68,31.82,01.07,03.04
1/22/2018 0:00,32.62,352,3.2021,32.28,32.33,32.19,32.7,32.1,32.1,1.34,1.6
1/23/2018 0:00,32.57,351.25,3.237,32.33,32.62,32.28,33.04,32.56,32.6,0.67,1.7
1/24/2018 0:00,32.19,356.5,3.1465,32.62,32.57,32.33,33.19,32.68,32.85,1,1.11
1/25/2018 0:00,32.35,355.25,3.1485,32.57,32.19,32.62,33.33,32.83,33.18,-0.78,1.97
1/26/2018 0:00,32.57,356.5,3.151,32.19,32.35,32.57,33.01,32.7,32.82,-0.15,1.11
1/29/2018 0:00,32.58,358.75,3.155,32.35,32.57,32.19,32.93,32.54,32.85,-0.67,1.33
1/30/2018 0:00,32.66,361.5,3.1812,32.57,32.58,32.35,32.93,32.54,32.85,-0.67,1.33
1/31/2018 0:00,32.77,361.5,3.1859,32.58,32.66,32.57,33.21,32.61,32.62,1.68,01.02
2/1/2018 00:00,32.84,361.75,3.1669,32.66,32.77,32.58,33.45,33.05,33.15,-0.6,02.04
2/2/2018 00:00,33.2,361.5,3.2181,32.77,32.84,32.66,33.19,32.8,33.04,0.09,02.03
2/5/2018 00:00,33.1,358.75,3.2625,32.84,33.2,32.77,33.35,33.1,33.13,0.61,1
2/6/2018 00:00,33.42,363.5,3.2348,33.2,33.1,32.84,33.35,33.12,33.28,0.09,0.78
2/7/2018 00:00,33.41,365.25,3.2714,33.1,33.42,33.2,33.65,33.21,33.29,01.08,2.13
2/8/2018 00:00,33.35,365.75,3.2858,33.42,33.41,33.1,33.85,33.5,33.6,0.3,1.49
2/9/2018 00:00,33.34,362,3.2942,33.41,33.35,33.42,34.03,33.65,33.69,0.68,2.18
2/14/2018 0:00,33.53,367.25,3.2174,33.35,33.34,33.41,34.3,33.85,33.96,0.56,2.28
2/15/2018 0:00,33.87,367.75,3.2279,33.34,33.53,33.35,34.2,33.8,34.02,-1.08,1.48
2/16/2018 0:00,34.02,367.5,3.2312,33.53,33.87,33.34,33.94,33.66,33.66,0.21,0.34
2/19/2018 0:00,34.22,367.25,3.2346,33.87,34.02,33.53,34.29,33.62,33.77,0.92,1.74
2/20/2018 0:00,34.64,365.5,3.2557,34.02,34.22,33.87,34.68,34.06,34.14,1.46,02.02
2/21/2018 0:00,35.2,365.75,3.2692,34.22,34.64,34.02,34.78,34.67,34.78,0.17,1.49
2/22/2018 0:00,36.11,366.75,3.2502,34.64,35.2,34.22,35.35,35.25,35.25,1.76,04.09
2/23/2018 0:00,36.76,366.25,3.2379,35.2,36.11,34.64,36.48,35.26,35.37,03.03,4.81
2/26/2018 0:00,37.05,368.5,3.2258,36.11,36.76,35.2,36.75,36.05,36.32,-0.33,2.65
2/27/2018 0:00,38.44,370.5,3.2516,36.76,37.05,36.11,37.56,36.18,36.24,2.84,6.3
2/28/2018 0:00,39.2,374.5,3.2462,37.05,38.44,36.76,39.16,36.9,36.91,4.45,4.18
3/1/2018 00:00,39.74,378.75,3.2515,38.44,39.2,37.05,39.65,38.19,39.05,1.36,3.55
3/2/2018 00:00,40.06,377.25,3.2528,39.2,39.74,38.44,40.36,38.39,39.41,-0.48,05.09
3/5/2018 00:00,41.39,378.25,3.243,39.74,40.06,39.2,39.85,38.61,39.37,1.25,04.06
3/6/2018 00:00,41.02,379.75,3.2117,40.06,41.39,39.74,40.58,39.6,39.8,1.78,2.53
3/7/2018 00:00,40.98,379.25,3.2454,41.39,41.02,40.06,40.55,39.65,40.45,-0.64,3.51
3/8/2018 00:00,41.32,385.75,3.2669,41.02,40.98,41.39,41.09,40.22,40.25,1.14,4.65
3/9/2018 00:00,41.42,383,3.2553,40.98,41.32,41.02,40.78,39.84,40.65,-1.01,2.24
3/12/2018 00:00,42.28,384.25,3.2622,41.32,41.42,40.98,40.76,40.24,40.26,0.87,0.94
3/13/2018 0:00,42.92,385.5,3.2607,41.42,42.28,41.32,41,40.55,40.58,0.66,02.08
3/14/2018 0:00,42.93,383.5,3.2607,42.28,42.92,41.42,41.89,40.52,40.9,2.15,1.47
3/15/2018 0:00,42.28,386.75,3.2862,42.92,42.93,42.28,43.2,41.82,41.82,03.02,2.63
3/16/2018 0:00,41.45,382.75,3.2811,42.93,42.28,42.92,43.29,42.9,43.1,0.53,0.66
3/19/2018 0:00,41.5,375,3.2862,42.28,41.45,42.93,43.1,42.85,43.05,-1.32,0.35
3/20/2018 0:00,41.62,374.5,3.3117,41.45,41.5,42.28,39.11,38.29,39.02,-9.97,2.96
3/21/2018 0:00,41.72,375,3.2725,41.5,41.62,41.45,38.64,37.5,38.4,-2.21,3.52
3/22/2018 0:00,41.6,376,3.3159,41.62,41.72,41.5,39.34,37.45,37.48,4.36,05.04
3/23/2018 0:00,41.02,377.25,3.3123,41.72,41.6,41.62,39.95,38.65,39.3,-1.38,6.14
3/26/2018 0:00,41.27,374,3.3119,41.6,41.02,41.72,39.2,37.87,38.65,-1.76,4.68
3/27/2018 0:00,41.06,374,3.3288,41.02,41.27,41.6,38.34,37.6,37.9,-0.68,3.23
3/28/2018 0:00,40.75,373.5,3.3205,41.27,41.06,41.02,38.26,37.2,37.65,0.56,2.6
3/29/2018 0:00,40.35,387.75,3.306,41.06,40.75,41.27,38.85,37.71,38.1,-0.34,2.56
4/2/2018 00:00,39.87,387.25,3.3112,40.75,40.35,41.06,37.85,37.46,37.75,-0.69,1.34
4/3/2018 00:00,40.07,388.5,3.3413,40.35,39.87,40.75,37.75,37.21,37.51,1.38,2.39
4/4/2018 00:00,40.83,381,3.3297,39.87,40.07,40.35,38.2,37.57,37.57,1.38,2.7
4/5/2018 00:00,41.16,389.5,3.3449,40.07,40.83,39.87,38.67,37.91,38.15,1.36,2.87
4/6/2018 00:00,41.36,388.5,3.3697,40.83,41.16,40.07,39.5,38.07,38.7,1.29,3.95
4/9/2018 00:00,41.41,390.75,3.42,41.16,41.36,40.83,40.1,39.15,39.16,2.33,5.47
4/10/2018 00:00,41.02,389.25,3.4088,41.36,41.41,41.16,40.78,39.92,40.03,1.52,4.73
4/11/2018 00:00,40.82,387,3.3746,41.41,41.02,41.36,40.78,40.25,40.61,-0.07,2.62
4/12/2018 00:00,40.47,388.75,3.4133,41.02,40.82,41.41,40.8,39.95,40.63,-1.45,3.26
4/13/2018 0:00,39.92,386.25,3.4223,40.82,40.47,41.02,40.09,38.66,40.09,-3.27,5.48
4/16/2018 0:00,40.13,382.5,3.4194,40.47,39.92,40.82,39.15,38.58,38.79,0.62,2.1
4/17/2018 0:00,40.04,380.25,3.408,39.92,40.13,40.47,39.06,38.42,39.06,-0.18,1.88
4/18/2018 0:00,39.78,383,3.3805,40.13,40.04,39.92,39,38.38,38.93,0.13,0.99
4/19/2018 0:00,39.37,382,3.3885,40.04,39.78,40.13,40,38.9,38.92,0.95,1.44
4/20/2018 0:00,38.82,376.5,3.413,39.78,39.37,40.04,39.34,38.75,39.29,-1.12,1.48
4/23/2018 0:00,38.4,378.5,3.4527,39.37,38.82,39.78,38.8,38.16,38.7,-1.42,2.43
4/24/2018 0:00,38.84,381.25,3.4714,38.82,38.4,39.37,38.35,37.92,38.34,-0.55,2.87
4/25/2018 0:00,38.91,386.5,3.485,38.4,38.84,38.82,38.85,37.82,38.19,1.71,2.5
4/26/2018 0:00,38.81,386,3.4755,38.84,38.91,38.4,39.45,38.44,38.82,0.67,03.08
4/27/2018 0:00,38.98,389.5,3.4568,38.91,38.81,38.84,40,38.95,39,2.2,3.24
4/30/2018 0:00,39.4,392.5,3.5072,38.81,38.98,38.91,40,39.5,39.87,-0.33,2.33
5/2/2018 00:00,39.81,396,3.5518,38.98,39.4,38.81,39.85,39.37,39.78,-0.25,1.61
5/3/2018 00:00,40.03,399.5,3.5282,39.4,39.81,38.98,40.25,39.69,39.75,1.14,1.6
5/4/2018 00:00,40.43,398.75,3.5303,39.81,40.03,39.4,41.45,40.08,40.08,2.79,3.91
5/7/2018 00:00,41.51,393.25,3.5534,40.03,40.43,39.81,41.65,41.05,41.34,0.9,2.59
5/8/2018 00:00,41.59,395.5,3.5636,40.43,41.51,40.03,41.82,40.92,41.57,-0.82,2.69
5/9/2018 00:00,42.13,394.75,3.5924,41.51,41.59,40.43,42,41,41.01,1.41,2.64
5/10/2018 00:00,42,394.75,3.5502,41.59,42.13,41.51,42.48,41.81,41.9,1.2,2.26
5/11/2018 00:00,42.43,389.75,3.5999,42.13,42,41.59,42.68,42.01,42.33,0.43,1.21
5/14/2018 0:00,42.14,389,3.6231,42,42.43,42.13,42.65,42.25,42.5,-0.45,0.71
5/15/2018 0:00,42.25,402.25,3.654,42.43,42.14,42,42.4,41.8,42.25,-0.92,2.3
5/16/2018 0:00,42.48,399.25,3.6761,42.14,42.25,42.43,42.6,41.81,41.81,1.53,1.87
5/17/2018 0:00,42.57,395.25,3.6966,42.25,42.48,42.14,42.55,42.3,42.55,-0.68,0.38
5/18/2018 0:00,42.61,402.5,3.737,42.48,42.57,42.25,42.49,42.1,42.38,0.19,0.1
5/21/2018 0:00,43.35,402.75,3.6772,42.57,42.61,42.48,42.7,42.7,42.7,1.51,0.1
5/22/2018 0:00,43.63,404.75,3.6448,42.61,43.35,42.57,43.64,41.91,42.8,1.93,0.1
5/23/2018 0:00,44.15,408.5,3.6288,43.35,43.63,42.61,43.65,43,43.5,-0.46,0.11
5/24/2018 0:00,44.43,404.25,3.6496,43.63,44.15,43.35,43.65,42.8,43.65,-0.62,0.09
5/25/2018 0:00,44.23,406,3.6524,44.15,44.43,43.63,43.58,43.1,43.57,-0.62,0.04
5/28/2018 0:00,44.13,408.75,3.7352,44.43,44.23,44.15,43.65,43.4,43.65,0.51,0.03
5/29/2018 0:00,45.01,400,3.7254,44.23,44.13,44.43,43.34,43.3,43.3,-0.09,0.02
5/30/2018 0:00,45.49,393.5,3.7241,44.13,45.01,44.23,43.01,43.01,43.01,-0.41,0.02
6/1/2018 00:00,45.89,391.5,3.7633,45.01,45.49,44.13,43.01,42.85,43,-1.15,0.02
6/4/2018 00:00,44.75,380.75,3.7468,45.49,45.89,45.01,42.9,42.85,42.9,0.72,0.01
6/5/2018 00:00,43.78,383.75,3.8068,45.89,44.75,45.49,43.95,43.05,43.95,0.72,0.03
6/6/2018 00:00,43.68,378.25,3.8488,44.75,43.78,45.89,43.65,43.25,43.65,-0.23,0.01
6/7/2018 00:00,43.58,376.25,3.9078,43.78,43.68,44.75,42.8,42.3,42.7,-1.36,0.06
6/8/2018 00:00,43.27,377.75,3.7094,43.68,43.58,43.78,42.68,41.61,42.3,0.12,0.1
6/11/2018 00:00,42.87,367.25,3.7097,43.58,43.27,43.68,42.5,41.65,41.65,-0.16,0.01
6/12/2018 00:00,41.72,377.5,3.7185,43.27,42.87,43.58,42,42,42,-1.64,0.02
6/13/2018 0:00,40.7,376,3.7201,42.87,41.72,43.27,42,41.35,41.35,-1.74,0.02
6/14/2018 0:00,40.24,363,3.806,41.72,40.7,42.87,41.45,40.05,41.45,-3.61,0.18
6/15/2018 0:00,40.04,361.25,3.7296,40.7,40.24,41.72,39,38.2,38.83,-1.98,0.04
6/18/2018 0:00,40,356,3.747,40.24,40.04,40.7,39,38.5,39,-0.9,0.01
6/19/2018 0:00,39.62,353.75,3.7471,40.04,40,40.24,38.9,38.7,38.7,0.47,0.01
6/20/2018 0:00,38.76,354.25,3.7715,40,39.62,40.04,39.1,38.98,39.1,0.39,0.03
6/21/2018 0:00,38.66,357,3.7691,39.62,38.76,40,38.6,38.4,38.5,-1.61,0.04
6/22/2018 0:00,37.89,357.25,3.786,38.76,38.66,39.62,37.52,37.4,37.5,-2.34,0.03
6/25/2018 0:00,37.76,350.5,3.7767,38.66,37.89,38.76,37.32,36.5,36.5,-0.48,0.07
6/26/2018 0:00,37.35,352.5,3.8016,37.89,37.76,38.66,37.5,37.5,37.5,0.24,0.01
6/27/2018 0:00,37.17,352.5,3.8628,37.76,37.35,37.89,37.35,36.9,37.35,-1.23,0.01
6/28/2018 0:00,36.94,345,3.8624,37.35,37.17,37.76,36.85,36.85,36.85,-0.46,0.02
6/29/2018 0:00,36.97,350.25,3.8771,37.17,36.94,37.35,36.85,36.21,36.21,-0.08,0.02
7/2/2018 00:00,36.78,337.5,3.9129,36.94,36.97,37.17,36.7,36.7,36.7,0.33,0.01
7/3/2018 00:00,36.21,342.75,3.8975,36.97,36.78,36.94,37.1,36.8,36.95,0.35,0.01
7/4/2018 00:00,35.27,0,3.9137,36.78,36.21,36.97,36.81,36.8,36.81,-0.41,0.04
7/5/2018 00:00,36.43,343.5,3.9327,36.21,35.27,36.78,37.1,36.96,36.98,0.49,0.04
7/6/2018 00:00,36.22,351.75,3.8628,35.27,36.43,36.21,36.8,36.8,36.8,-0.16,0.02
7/9/2018 00:00,35.98,345.75,3.8727,36.43,36.22,35.27,36.62,36.1,36.6,-0.97,0.02
7/10/2018 00:00,36.87,339.75,3.8152,36.22,35.98,36.43,37.11,36.35,36.36,02.02,0.05
7/11/2018 00:00,36.63,331.25,3.8773,35.98,36.87,36.22,36.84,36.51,36.84,-2.12,0.01
7/12/2018 00:00,37.02,336.5,3.8822,36.87,36.63,35.98,36.84,36.51,36.84,-2.12,0.01
7/13/2018 0:00,36.7,330.25,3.8518,36.63,37.02,36.87,36.85,36.45,36.45,1.15,0.01
7/16/2018 0:00,37.22,341.75,3.8605,37.02,36.7,36.63,37.04,36.7,37.04,-0.16,0.05
7/17/2018 0:00,37.1,346.25,3.8388,36.7,37.22,37.02,37.1,37,37.1,0.08,0.02
7/18/2018 0:00,37.28,347.25,3.8512,37.22,37.1,36.7,38.15,37.5,37.6,3.25,1.2
7/19/2018 0:00,37.36,351.25,3.8295,37.1,37.28,37.22,38.41,37.99,38,0.63,03.03
7/20/2018 0:00,37.72,355.25,3.7681,37.28,37.36,37.1,38.97,38.28,38.35,1.33,3.36
7/23/2018 0:00,37.71,357.25,3.7826,37.36,37.72,37.28,39.59,38.93,38.94,1.59,2.85
7/24/2018 0:00,37.64,352,3.7481,37.72,37.71,37.36,39.51,38.81,39.48,-1.57,4.32
7/25/2018 0:00,37.92,359.25,3.6886,37.71,37.64,37.72,39.35,38.76,38.9,1,2.28
7/26/2018 0:00,38.06,361.5,3.7462,37.64,37.92,37.71,39.4,39,39.25,0.1,3.15
7/27/2018 0:00,38.53,362,3.7114,37.92,38.06,37.64,39.85,39.21,39.35,1.14,02.07
7/30/2018 0:00,38.76,367.25,3.7307,38.06,38.53,37.92,40.45,39.7,39.72,1.36,2.7
7/31/2018 0:00,39.34,372.25,3.7563,38.53,38.76,38.06,40.78,40.06,40.2,0.99,1.58
8/1/2018 00:00,39.45,365,3.7499,38.76,39.34,38.53,41.16,40.6,40.76,0.96,02.06
8/2/2018 00:00,39.75,366.75,3.7503,39.34,39.45,38.76,41.3,40.78,41.1,-0.02,2.18
8/3/2018 00:00,39.78,369.75,3.708,39.45,39.75,39.34,41.3,40.27,41.08,0.15,2.74
8/6/2018 00:00,40.04,371,3.7363,39.75,39.78,39.45,41.3,40.9,41.15,-0.07,1.71
8/7/2018 00:00,41.36,370.75,3.7515,39.78,40.04,39.75,41.48,40.81,41.05,0.68,3.19
8/8/2018 00:00,41.88,371.25,3.7721,40.04,41.36,39.78,41.69,41.3,41.49,0.29,03.04
8/9/2018 00:00,41.93,369.25,3.8015,41.36,41.88,40.04,42.28,41.4,41.4,1.61,3.8
8/10/2018 00:00,42.14,357.75,3.8596,41.88,41.93,41.36,42.86,42.05,42.14,0.02,5.27
8/13/2018 0:00,41.71,356.5,3.884,41.93,42.14,41.88,42.64,41.86,42.25,0.02,3.76
8/14/2018 0:00,41.28,362.25,3.8673,42.14,41.71,41.93,42.39,41.33,42.24,-1.54,3.55
8/15/2018 0:00,41.39,361.5,3.9055,41.71,41.28,42.14,41.96,41.05,41.52,-0.63,2.96
8/16/2018 0:00,41.59,365.25,3.9072,41.28,41.39,41.71,41.27,40.8,41.25,-0.56,1.92
8/17/2018 0:00,41.3,364.25,3.9116,41.39,41.59,41.28,41.65,40.97,41.09,0.85,2.3
8/20/2018 0:00,41.27,362,3.97,41.59,41.3,41.39,41.77,41.05,41.54,-0.17,2.69
8/21/2018 0:00,41.12,359.75,4.0477,41.3,41.27,41.59,41.9,41.25,41.26,1.26,1.76
8/22/2018 0:00,41.53,352.5,4.0425,41.27,41.12,41.3,41.96,41.4,41.87,-0.26,1.82
8/23/2018 0:00,41.69,346.75,4.1155,41.12,41.53,41.27,41.9,41.58,41.64,0.17,1.3
8/24/2018 0:00,41.66,348.5,4.102,41.53,41.69,41.12,42.3,41.71,41.88,0.6,02.08
8/27/2018 0:00,41.49,346.75,4.0775,41.69,41.66,41.53,42.26,41.91,42.1,-0.29,1.7
8/28/2018 0:00,41.08,341,4.1342,41.66,41.49,41.69,42.08,41.66,41.96,-0.02,1.35
8/29/2018 0:00,41.19,341.25,4.1074,41.49,41.08,41.66,41.95,41.4,41.9,-1.24,2.33
8/30/2018 0:00,41.19,341,4.1495,41.08,41.19,41.49,41.45,40.81,41.39,-1.11,2.32
8/31/2018 0:00,41.1,351,4.0556,41.19,41.19,41.08,40.94,40.41,40.9,-1.24,1.6
9/3/2018 00:00,40.9,365.75,4.159,41.19,41.1,41.19,40.84,40.35,40.38,0.32,1.22
9/4/2018 00:00,40.84,354.5,4.1602,41.1,40.9,41.19,40.73,40.25,40.64,-0.07,0.81
9/5/2018 00:00,40.85,351.75,4.1466,40.9,40.84,41.1,41.05,40.6,40.6,0.84,1
9/6/2018 00:00,40.64,353.5,4.059,40.84,40.85,40.9,41.05,40.51,40.95,0.24,1.47
9/10/2018 00:00,41.06,355.5,4.0867,40.85,40.64,40.84,41.05,40.57,40.99,-0.68,1.56
9/11/2018 00:00,40.78,355.25,4.1535,40.64,41.06,40.85,40.8,40.25,40.79,-0.47,0.72
9/12/2018 00:00,40.51,341.5,4.1579,41.06,40.78,40.64,40.51,40,40.5,-0.96,1.61
9/13/2018 0:00,40.57,336.25,4.2077,40.78,40.51,41.06,40.79,40.17,40.17,0.8,0.98
9/14/2018 0:00,40.75,337,4.1742,40.51,40.57,40.78,40.65,39.95,40.42,-1.06,1.47
9/17/2018 0:00,40.87,348,4.1324,40.57,40.75,40.51,40.28,39.82,40.15,0.27,0.61
9/18/2018 0:00,40.42,343.25,4.1604,40.75,40.87,40.57,40.6,40.2,40.21,0.9,1.19
9/19/2018 0:00,40.3,345.75,4.1315,40.87,40.42,40.75,40.8,40.6,40.65,0.54,1.19
9/20/2018 0:00,39.91,352.5,4.0771,40.42,40.3,40.87,41.03,40.45,40.9,-0.56,2.73
9/21/2018 0:00,39.6,357.25,4.0516,40.3,39.91,40.42,40.53,39.65,40.53,-1.98,2.53
9/24/2018 0:00,39.83,360.5,4.0928,39.91,39.6,40.3,39.95,39.4,39.76,0.03,1.84
9/25/2018 0:00,39.54,363.75,4.0757,39.6,39.83,39.91,40.21,39.51,39.78,0.91,1.57
9/26/2018 0:00,39.53,363,4.0322,39.83,39.54,39.6,40.5,39.72,40.02,-0.75,2.12
9/27/2018 0:00,39.52,364.75,4.0123,39.54,39.53,39.83,40.15,39.63,39.7,0.35,1.44
9/28/2018 0:00,39.4,356.25,4.0491,39.53,39.52,39.54,40,39.25,39.81,-0.9,2.42
10/1/2018 00:00,39.32,365.75,4.0181,39.52,39.4,39.53,39.79,39.41,39.58,0.46,1.3
10/2/2018 00:00,39.05,367.5,3.9414,39.4,39.32,39.52,40,39.66,39.7,0.23,01.05
10/3/2018 00:00,38.55,364.75,3.9015,39.32,39.05,39.4,40.39,39.71,39.87,0.6,01.04
10/4/2018 00:00,38.35,367.5,3.8745,39.05,38.55,39.32,40.15,39.27,40.15,-1.77,2.7
10/5/2018 00:00,38.78,368.25,3.8413,38.55,38.35,39.05,39.35,38.8,39.3,-0.81,2.1
10/8/2018 00:00,38.12,366.5,3.779,38.35,38.78,38.55,39.04,38.64,39,-0.74,1.82
10/9/2018 00:00,37.56,364.5,3.7155,38.78,38.12,38.35,38.8,38.44,38.8,-0.34,1.85
10/10/2018 00:00,36.97,362.75,3.7555,38.12,37.56,38.78,38.87,38.11,38.68,-0.93,1.74
10/11/2018 00:00,37.11,369.25,3.7812,37.56,36.97,38.12,38.26,37.5,38.26,-1.91,03.01
10/15/2018 0:00,36.87,378.25,3.7357,36.97,37.11,37.56,37.56,36.85,37.5,-1.71,2.69
10/16/2018 0:00,36.56,375.25,3.7252,37.11,36.87,36.97,37.09,36.25,36.9,0.08,2.32
10/17/2018 0:00,35.98,374.25,3.6875,36.87,36.56,37.11,37.44,36.54,36.91,-0.68,1.6
10/18/2018 0:00,35.64,370.75,3.7216,36.56,35.98,36.87,36.7,36.06,36.65,-0.79,1.38
10/19/2018 0:00,35.21,367,3.7149,35.98,35.64,36.56,36.45,35.75,36.44,-1.59,1.67
10/22/2018 0:00,35.1,369.5,3.686,35.64,35.21,35.98,35.92,35.31,35.8,-1.12,1.44
10/23/2018 0:00,34.88,370.25,3.6942,35.21,35.1,35.64,35.82,35.1,35.32,0.25,1.1
10/24/2018 0:00,34.78,368.25,3.735,35.1,34.88,35.21,35.58,34.8,35.5,-1.69,1.27
10/25/2018 0:00,34.95,361,3.7058,34.88,34.78,35.1,35.17,34.71,34.98,0.03,0.51
10/26/2018 0:00,34.55,367.75,3.6429,34.78,34.95,34.88,35.15,34.69,34.95,0.52,0.95
10/29/2018 0:00,34.48,366.75,3.7187,34.95,34.55,34.78,35.3,34.9,35.15,-0.26,1.39
10/30/2018 0:00,34.55,364.75,3.6974,34.55,34.48,34.95,35.28,34.7,35.01,-0.11,1.84
10/31/2018 0:00,34.17,363.25,3.722,34.48,34.55,34.55,35,34.2,34.99,-0.63,1.24
11/1/2018 00:00,34.26,366.75,3.7012,34.55,34.17,34.48,35.2,34.6,34.6,01.09,1.43
11/5/2018 00:00,34.78,374,3.7262,34.17,34.26,34.55,35.6,35.08,35.12,0.85,2.18
11/6/2018 00:00,34.93,373.25,3.7615,34.26,34.78,34.17,35.47,34.95,35.39,-0.48,1.27
11/7/2018 00:00,35.72,372.25,3.7318,34.78,34.93,34.26,35.51,35.02,35.34,0.65,0.36
11/8/2018 00:00,35.69,373.5,3.7605,34.93,35.72,34.78,35.86,35.29,35.5,0.76,1.18
11/9/2018 00:00,35.98,369.75,3.7335,35.72,35.69,34.93,35.87,35.41,35.75,-0.39,1.33
11/12/2018 00:00,36.35,371.25,3.7675,35.69,35.98,35.72,36.32,35.6,35.6,1.99,1.5
11/13/2018 0:00,36.59,366.5,3.8032,35.98,36.35,35.69,36.75,36,36.2,0.55,01.06
11/14/2018 0:00,36.83,367,3.7841,36.35,36.59,35.98,36.9,36.33,36.5,0.41,0.66
11/16/2018 0:00,36.81,364.75,3.7435,36.59,36.83,36.35,36.85,36.6,36.6,0.16,1
11/19/2018 0:00,36.92,362.25,3.757,36.83,36.81,36.59,36.94,36.55,36.74,0.22,0.47
11/20/2018 0:00,36.94,361.25,3.7572,36.81,36.92,36.83,36.76,36.55,36.56,-0.08,0.03
11/21/2018 0:00,37.34,361.75,3.7976,36.92,36.94,36.81,38.23,37.55,37.89,3.37,0.78
11/22/2018 0:00,37.37,361.25,3.8045,36.94,37.34,36.92,38.75,37.93,37.97,1.79,1.82
11/23/2018 0:00,37.3,359,3.8283,37.34,37.37,36.94,38.75,37.93,37.97,1.79,1.82
11/26/2018 0:00,37.7,356,3.941,37.37,37.3,37.34,39.14,38.65,38.71,0.26,1.75
11/27/2018 0:00,37.33,356.5,3.8752,37.3,37.7,37.37,38.7,38.02,38.64,-1.91,01.04
11/28/2018 0:00,37.61,360.5,3.851,37.7,37.33,37.3,38.3,37.3,38,-0.08,1.12
11/29/2018 0:00,37.01,360.25,3.8527,37.33,37.61,37.7,38.45,37.84,37.84,0.29,1.16
11/30/2018 0:00,37.81,366.5,3.8669,37.61,37.01,37.33,38.15,37.55,38.11,-1.1,1.33
12/3/2018 00:00,37.54,371.25,3.8423,37.01,37.81,37.61,37.98,37.11,37.75,-1.09,1.5
12/4/2018 00:00,36.63,374.25,3.8525,37.81,37.54,37.01,37.69,36.5,37.3,-1.34,2.29
12/5/2018 00:00,37.46,374.25,3.8686,37.54,36.63,37.81,37.37,36.81,36.96,0.65,0.66
12/6/2018 00:00,37.8,372,3.8793,36.63,37.46,37.54,37.78,36.7,37.01,1.86,2.18
12/7/2018 00:00,37.49,374,3.9075,37.46,37.8,36.63,37.89,37.11,37.89,-0.72,1.38
12/10/2018 00:00,37.48,374.25,3.9181,37.8,37.49,37.46,37.98,37.38,37.46,0.11,0.85
12/11/2018 00:00,36.64,375,3.904,37.49,37.48,37.8,37.7,37.15,37.38,0.29,0.7
12/12/2018 00:00,37.14,376.25,3.8555,37.48,36.64,37.49,37.97,37.39,37.82,0.59,0.84
12/13/2018 0:00,37.29,375.5,3.8911,36.64,37.14,37.48,38.2,37.69,37.8,0.42,1.1
12/14/2018 0:00,37.66,376.75,3.9171,37.14,37.29,36.64,38.25,37.61,38.06,-0.53,0.51
12/17/2018 0:00,38.06,384,3.8995,37.29,37.66,37.14,37.98,37.56,37.63,-0.48,0.38
12/18/2018 0:00,37.39,385.5,3.9124,37.66,38.06,37.29,37.87,37.5,37.57,-0.32,0.47
12/19/2018 0:00,37.99,381.75,3.8977,38.06,37.39,37.66,38.05,37.62,37.76,1.36,01.04
12/20/2018 0:00,38.86,375.25,3.8422,37.39,37.99,38.06,38.9,38.02,38.13,2.18,02.07
12/21/2018 0:00,38.61,378.5,3.904,37.99,38.86,37.39,38.99,38.59,38.9,-0.08,1.3
12/26/2018 0:00,38.82,373.25,3.922,38.86,38.61,37.99,39.45,38.35,38.87,01.08,1.88
12/27/2018 0:00,39.08,374.5,3.8735,38.61,38.82,38.86,39.9,39.25,39.25,0.99,1.13
12/28/2018 0:00,38.93,375.5,3.8813,38.82,39.08,38.61,39.83,39.3,39.7,0.45,0.3