date,corn_br,corn_usd,br_production,br_plateau_area,br_productivity,dolar
2013-01-02 00:00:00,34.12,690.75,72.1,14.7,4.9,2.0452
2013-01-03 00:00:00,33.88,689.25,72.1,14.7,4.9,2.0459
2013-01-04 00:00:00,33.7,680.25,72.1,14.7,4.9,2.0347
2013-01-07 00:00:00,33.54,685.5,72.1,14.7,4.9,2.0267
2013-01-08 00:00:00,33.38,688.75,72.1,14.7,4.9,2.0415
2013-01-09 00:00:00,33.16,694.25,72.1,14.7,4.9,2.0381
2013-01-10 00:00:00,32.94,698.75,72.1,14.7,4.9,2.029
2013-01-11 00:00:00,32.68,708.75,72.1,14.7,4.9,2.0332
2013-01-14 00:00:00,32.68,724.0,72.1,14.7,4.9,2.0318
2013-01-15 00:00:00,32.45,730.5,72.1,14.7,4.9,2.0358
2013-01-16 00:00:00,32.42,731.25,72.1,14.7,4.9,2.0424
2013-01-17 00:00:00,32.58,724.5,72.1,14.7,4.9,2.0385
2013-01-18 00:00:00,32.6,727.5,72.1,14.7,4.9,2.0408
2013-01-22 00:00:00,32.86,728.5,72.1,14.7,4.9,2.0429
2013-01-23 00:00:00,32.73,720.75,72.1,14.7,4.9,2.0354
2013-01-24 00:00:00,32.5,724.25,72.1,14.7,4.9,2.03
2013-01-25 00:00:00,32.19,720.75,72.1,14.7,4.9,2.03
2013-01-28 00:00:00,32.03,729.25,72.1,14.7,4.9,1.9958
2013-01-29 00:00:00,31.97,729.5,72.1,14.7,4.9,1.9859
2013-01-30 00:00:00,31.9,740.25,72.1,14.7,4.9,1.9914
2013-01-31 00:00:00,31.91,740.5,72.1,14.7,4.9,1.9908
2013-02-01 00:00:00,31.91,736.0,76.0,15.4,4.9,1.9878
2013-02-04 00:00:00,31.84,734.25,76.0,15.4,4.9,1.996
2013-02-05 00:00:00,32.1,729.0,76.0,15.4,4.9,1.9845
2013-02-06 00:00:00,32.27,722.5,76.0,15.4,4.9,1.9903
2013-02-07 00:00:00,32.53,710.75,76.0,15.4,4.9,1.9667
2013-02-08 00:00:00,32.61,709.0,76.0,15.4,4.9,1.9732
2013-02-13 00:00:00,32.87,695.5,76.0,15.4,4.9,1.9647
2013-02-14 00:00:00,32.8,694.75,76.0,15.4,4.9,1.9577
2013-02-15 00:00:00,32.34,698.75,76.0,15.4,4.9,1.9688
2013-02-19 00:00:00,32.13,695.25,76.0,15.4,4.9,1.9543
2013-02-20 00:00:00,32.01,700.5,76.0,15.4,4.9,1.9611
2013-02-21 00:00:00,32.25,690.75,76.0,15.4,4.9,1.9735
2013-02-22 00:00:00,32.34,690.25,76.0,15.4,4.9,1.9727
2013-02-25 00:00:00,32.45,693.5,76.0,15.4,4.9,1.983
2013-02-26 00:00:00,32.51,705.0,76.0,15.4,4.9,1.9825
2013-02-27 00:00:00,32.53,709.5,76.0,15.4,4.9,1.9732
2013-02-28 00:00:00,32.38,719.5,76.0,15.4,4.9,1.9803
2013-03-01 00:00:00,32.23,724.25,76.0,15.4,4.9,1.9792
2013-03-04 00:00:00,32.35,723.0,76.0,15.4,4.9,1.9708
2013-03-05 00:00:00,32.19,732.0,76.0,15.4,4.9,1.9644
2013-03-06 00:00:00,32.07,708.0,76.0,15.4,4.9,1.9708
2013-03-07 00:00:00,31.85,711.5,76.0,15.4,4.9,1.9607
2013-03-08 00:00:00,31.69,725.25,76.0,15.4,4.9,1.9447
2013-03-11 00:00:00,31.67,734.5,76.0,15.4,4.9,1.9567
2013-03-12 00:00:00,31.21,741.0,76.0,15.4,4.9,1.9647
2013-03-13 00:00:00,31.13,741.25,76.0,15.4,4.9,1.9723
2013-03-14 00:00:00,30.69,732.75,76.0,15.4,4.9,1.9717
2013-03-15 00:00:00,30.69,717.0,76.0,15.4,4.9,1.9817
2013-03-18 00:00:00,30.37,720.0,76.0,15.4,4.9,1.982
2013-03-19 00:00:00,30.16,728.5,76.0,15.4,4.9,1.9855
2013-03-20 00:00:00,29.89,732.5,76.0,15.4,4.9,1.9903
2013-03-21 00:00:00,29.74,733.0,76.0,15.4,4.9,2.0082
2013-03-22 00:00:00,29.5,726.25,76.0,15.4,4.9,2.0091
2013-03-25 00:00:00,29.46,733.25,76.0,15.4,4.9,2.0123
2013-03-26 00:00:00,29.26,730.25,76.0,15.4,4.9,2.0173
2013-03-27 00:00:00,29.07,735.25,76.0,15.4,4.9,2.011
2013-03-28 00:00:00,29.07,695.25,76.0,15.4,4.9,2.0224
2013-04-01 00:00:00,28.46,642.25,77.4,15.6,4.9,2.0205
2013-04-02 00:00:00,28.22,640.5,77.4,15.6,4.9,2.019
2013-04-03 00:00:00,28.07,641.5,77.4,15.6,4.9,2.0245
2013-04-04 00:00:00,27.6,630.0,77.4,15.6,4.9,2.0137
2013-04-05 00:00:00,27.59,629.0,77.4,15.6,4.9,1.986
2013-04-08 00:00:00,27.78,633.5,77.4,15.6,4.9,1.9922
2013-04-09 00:00:00,27.28,644.25,77.4,15.6,4.9,1.9811
2013-04-10 00:00:00,27.01,649.0,77.4,15.6,4.9,1.9743
2013-04-11 00:00:00,26.8,651.25,77.4,15.6,4.9,1.9737
2013-04-12 00:00:00,26.71,658.5,77.4,15.6,4.9,1.9695
2013-04-15 00:00:00,26.48,646.75,77.4,15.6,4.9,2.0012
2013-04-16 00:00:00,26.15,663.25,77.4,15.6,4.9,1.987
2013-04-17 00:00:00,25.8,660.5,77.4,15.6,4.9,2.0012
2013-04-18 00:00:00,25.67,644.5,77.4,15.6,4.9,2.0187
2013-04-19 00:00:00,25.73,652.0,77.4,15.6,4.9,2.0108
2013-04-22 00:00:00,25.51,645.75,77.4,15.6,4.9,2.0213
2013-04-23 00:00:00,25.11,638.5,77.4,15.6,4.9,2.0248
2013-04-24 00:00:00,25.22,639.5,77.4,15.6,4.9,2.0109
2013-04-25 00:00:00,25.14,645.25,77.4,15.6,4.9,2.0017
2013-04-26 00:00:00,24.91,644.0,77.4,15.6,4.9,1.9988
2013-04-29 00:00:00,24.79,684.0,77.4,15.6,4.9,2.0082
2013-04-30 00:00:00,24.91,683.25,77.4,15.6,4.9,2.0017
2013-05-02 00:00:00,25.1,697.5,77.9,15.6,4.9,2.0097
2013-05-03 00:00:00,25.28,699.5,77.9,15.6,4.9,2.0091
2013-05-06 00:00:00,25.28,678.75,77.9,15.6,4.9,2.0096
2013-05-07 00:00:00,25.49,676.5,77.9,15.6,4.9,2.0079
2013-05-08 00:00:00,25.5,675.0,77.9,15.6,4.9,2.0055
2013-05-09 00:00:00,25.52,694.5,77.9,15.6,4.9,2.0137
2013-05-10 00:00:00,25.65,687.75,77.9,15.6,4.9,2.0201
2013-05-13 00:00:00,25.72,718.0,77.9,15.6,4.9,2.0074
2013-05-14 00:00:00,25.86,706.75,77.9,15.6,4.9,2.0204
2013-05-15 00:00:00,26.14,650.75,77.9,15.6,4.9,2.0229
2013-05-16 00:00:00,26.16,641.5,77.9,15.6,4.9,2.0268
2013-05-17 00:00:00,26.33,652.75,77.9,15.6,4.9,2.0353
2013-05-20 00:00:00,26.29,649.5,77.9,15.6,4.9,2.0398
2013-05-21 00:00:00,26.5,640.0,77.9,15.6,4.9,2.0413
2013-05-22 00:00:00,26.2,658.5,77.9,15.6,4.9,2.049
2013-05-23 00:00:00,26.45,662.0,77.9,15.6,4.9,2.0442
2013-05-24 00:00:00,26.53,657.25,77.9,15.6,4.9,2.0518
2013-05-28 00:00:00,26.5,666.5,77.9,15.6,4.9,2.0757
2013-05-29 00:00:00,26.74,665.0,77.9,15.6,4.9,2.1106
2013-05-31 00:00:00,26.65,662.0,77.9,15.6,4.9,2.1423
2013-06-03 00:00:00,27.19,655.75,78.4,15.8,4.9,2.1243
2013-06-04 00:00:00,27.31,660.5,78.4,15.8,4.9,2.1258
2013-06-05 00:00:00,27.4,660.75,78.4,15.8,4.9,2.1288
2013-06-06 00:00:00,27.24,663.25,78.4,15.8,4.9,2.1304
2013-06-07 00:00:00,27.26,666.25,78.4,15.8,4.9,2.1321
2013-06-10 00:00:00,27.01,650.0,78.4,15.8,4.9,2.1466
2013-06-11 00:00:00,26.51,659.5,78.4,15.8,4.9,2.1323
2013-06-12 00:00:00,26.43,650.75,78.4,15.8,4.9,2.156
2013-06-13 00:00:00,26.33,643.5,78.4,15.8,4.9,2.1218
2013-06-14 00:00:00,26.31,655.0,78.4,15.8,4.9,2.1528
2013-06-17 00:00:00,26.15,668.5,78.4,15.8,4.9,2.1705
2013-06-18 00:00:00,26.0,673.25,78.4,15.8,4.9,2.181
2013-06-19 00:00:00,25.82,682.25,78.4,15.8,4.9,2.225
2013-06-20 00:00:00,25.73,673.25,78.4,15.8,4.9,2.2586
2013-06-21 00:00:00,25.82,661.75,78.4,15.8,4.9,2.242
2013-06-24 00:00:00,25.93,653.25,78.4,15.8,4.9,2.226
2013-06-25 00:00:00,26.23,656.75,78.4,15.8,4.9,2.2139
2013-06-26 00:00:00,26.09,664.5,78.4,15.8,4.9,2.187
2013-06-27 00:00:00,26.16,667.25,78.4,15.8,4.9,2.1989
2013-06-28 00:00:00,26.16,679.25,78.4,15.8,4.9,2.2321
2013-07-01 00:00:00,26.15,655.5,79.0,15.8,4.9,2.2283
2013-07-02 00:00:00,26.16,672.75,79.0,15.8,4.9,2.2546
2013-07-03 00:00:00,26.07,678.25,79.0,15.8,4.9,2.2681
2013-07-04 00:00:00,25.84,533.13,79.0,15.8,4.9,2.248
2013-07-05 00:00:00,25.74,684.75,79.0,15.8,4.9,2.2525
2013-07-08 00:00:00,25.72,691.75,79.0,15.8,4.9,2.2642
2013-07-10 00:00:00,25.23,709.75,79.0,15.8,4.9,2.2643
2013-07-11 00:00:00,25.24,716.75,79.0,15.8,4.9,2.2538
2013-07-12 00:00:00,25.17,701.5,79.0,15.8,4.9,2.2673
2013-07-15 00:00:00,24.74,536.25,79.0,15.8,4.9,2.2193
2013-07-16 00:00:00,24.64,545.25,79.0,15.8,4.9,2.2531
2013-07-17 00:00:00,24.75,538.5,79.0,15.8,4.9,2.2257
2013-07-18 00:00:00,24.72,541.0,79.0,15.8,4.9,2.2271
2013-07-19 00:00:00,24.67,544.0,79.0,15.8,4.9,2.2467
2013-07-22 00:00:00,24.52,540.75,79.0,15.8,4.9,2.2328
2013-07-23 00:00:00,24.32,522.5,79.0,15.8,4.9,2.2134
2013-07-24 00:00:00,24.3,508.25,79.0,15.8,4.9,2.2513
2013-07-25 00:00:00,24.58,496.0,79.0,15.8,4.9,2.2428
2013-07-26 00:00:00,24.53,492.0,79.0,15.8,4.9,2.2568
2013-07-29 00:00:00,24.36,489.25,79.0,15.8,4.9,2.2687
2013-07-30 00:00:00,24.22,495.5,79.0,15.8,4.9,2.2832
2013-07-31 00:00:00,24.22,499.0,79.0,15.8,4.9,2.2771
2013-08-01 00:00:00,23.87,487.5,80.2,15.8,5.0,2.3045
2013-08-02 00:00:00,23.75,476.0,80.2,15.8,5.0,2.2876
2013-08-05 00:00:00,23.76,469.25,80.2,15.8,5.0,2.3058
2013-08-06 00:00:00,23.58,472.25,80.2,15.8,5.0,2.2991
2013-08-07 00:00:00,23.46,468.25,80.2,15.8,5.0,2.314
2013-08-08 00:00:00,23.36,473.5,80.2,15.8,5.0,2.2844
2013-08-09 00:00:00,23.28,465.75,80.2,15.8,5.0,2.2717
2013-08-12 00:00:00,23.14,472.0,80.2,15.8,5.0,2.2873
2013-08-13 00:00:00,23.22,455.25,80.2,15.8,5.0,2.3138
2013-08-14 00:00:00,23.18,464.75,80.2,15.8,5.0,2.3244
2013-08-15 00:00:00,23.05,481.5,80.2,15.8,5.0,2.3407
2013-08-16 00:00:00,23.16,473.75,80.2,15.8,5.0,2.3925
2013-08-19 00:00:00,23.62,493.25,80.2,15.8,5.0,2.4129
2013-08-20 00:00:00,24.11,483.75,80.2,15.8,5.0,2.3936
2013-08-21 00:00:00,24.35,498.0,80.2,15.8,5.0,2.4524
2013-08-22 00:00:00,24.88,487.5,80.2,15.8,5.0,2.4348
2013-08-23 00:00:00,24.77,495.5,80.2,15.8,5.0,2.3486
2013-08-26 00:00:00,24.96,515.75,80.2,15.8,5.0,2.3792
2013-08-27 00:00:00,25.12,499.75,80.2,15.8,5.0,2.372
2013-08-28 00:00:00,25.47,504.25,80.2,15.8,5.0,2.3442
2013-08-29 00:00:00,25.32,497.25,80.2,15.8,5.0,2.3598
2013-08-30 00:00:00,25.38,495.0,80.2,15.8,5.0,2.3862
2013-09-03 00:00:00,25.69,498.0,81.3,15.9,5.1,2.3585
2013-09-04 00:00:00,25.75,494.0,81.3,15.9,5.1,2.3605
2013-09-05 00:00:00,25.77,489.5,81.3,15.9,5.1,2.3249
2013-09-06 00:00:00,25.85,491.5,81.3,15.9,5.1,2.3066
2013-09-09 00:00:00,25.68,477.25,81.3,15.9,5.1,2.2763
2013-09-10 00:00:00,25.5,474.75,81.3,15.9,5.1,2.2836
2013-09-11 00:00:00,25.28,479.75,81.3,15.9,5.1,2.2772
2013-09-12 00:00:00,25.27,479.0,81.3,15.9,5.1,2.2752
2013-09-13 00:00:00,25.34,450.0,81.3,15.9,5.1,2.2803
2013-09-16 00:00:00,25.22,456.5,81.3,15.9,5.1,2.2843
2013-09-17 00:00:00,24.74,454.0,81.3,15.9,5.1,2.256
2013-09-18 00:00:00,24.85,456.25,81.3,15.9,5.1,2.1865
2013-09-19 00:00:00,24.9,459.5,81.3,15.9,5.1,2.2026
2013-09-20 00:00:00,24.82,451.0,81.3,15.9,5.1,2.2102
2013-09-23 00:00:00,24.64,453.25,81.3,15.9,5.1,2.1986
2013-09-24 00:00:00,24.29,448.75,81.3,15.9,5.1,2.201
2013-09-25 00:00:00,24.33,454.75,81.3,15.9,5.1,2.2324
2013-09-26 00:00:00,24.34,456.75,81.3,15.9,5.1,2.2459
2013-09-27 00:00:00,24.42,454.0,81.3,15.9,5.1,2.2523
2013-09-30 00:00:00,24.31,441.5,81.3,15.9,5.1,2.2162
2013-10-01 00:00:00,23.9,439.0,79.0,15.4,5.1,2.2157
2013-10-02 00:00:00,23.81,439.0,79.0,15.4,5.1,2.1914
2013-10-03 00:00:00,23.74,439.25,79.0,15.4,5.1,2.207
2013-10-04 00:00:00,23.66,443.25,79.0,15.4,5.1,2.212
2013-10-07 00:00:00,23.68,449.25,79.0,15.4,5.1,2.2047
2013-10-08 00:00:00,23.63,441.75,79.0,15.4,5.1,2.2115
2013-10-09 00:00:00,23.51,443.5,79.0,15.4,5.1,2.2075
2013-10-10 00:00:00,23.36,438.25,79.0,15.4,5.1,2.1799
2013-10-11 00:00:00,23.56,433.25,79.0,15.4,5.1,2.174
2013-10-14 00:00:00,23.52,437.0,79.0,15.4,5.1,2.1816
2013-10-15 00:00:00,23.67,443.5,79.0,15.4,5.1,2.1777
2013-10-16 00:00:00,23.66,442.75,79.0,15.4,5.1,2.1806
2013-10-17 00:00:00,23.89,443.0,79.0,15.4,5.1,2.1525
2013-10-18 00:00:00,23.91,441.5,79.0,15.4,5.1,2.1689
2013-10-21 00:00:00,24.22,444.0,79.0,15.4,5.1,2.1735
2013-10-22 00:00:00,24.34,438.25,79.0,15.4,5.1,2.1725
2013-10-23 00:00:00,24.8,442.75,79.0,15.4,5.1,2.1881
2013-10-24 00:00:00,25.11,440.25,79.0,15.4,5.1,2.204
2013-10-25 00:00:00,24.95,440.0,79.0,15.4,5.1,2.1877
2013-10-28 00:00:00,25.09,430.75,79.0,15.4,5.1,2.1805
2013-10-29 00:00:00,24.94,432.0,79.0,15.4,5.1,2.185
2013-10-30 00:00:00,25.14,430.25,79.0,15.4,5.1,2.184
2013-10-31 00:00:00,24.77,428.25,79.0,15.4,5.1,2.2401
2013-11-01 00:00:00,24.77,427.25,79.1,15.4,5.1,2.2567
2013-11-04 00:00:00,24.78,426.25,79.1,15.4,5.1,2.2458
2013-11-05 00:00:00,24.98,425.0,79.1,15.4,5.1,2.2823
2013-11-06 00:00:00,24.99,421.25,79.1,15.4,5.1,2.2855
2013-11-07 00:00:00,24.98,420.5,79.1,15.4,5.1,2.3058
2013-11-08 00:00:00,24.97,426.75,79.1,15.4,5.1,2.3142
2013-11-11 00:00:00,24.97,434.75,79.1,15.4,5.1,2.3308
2013-11-12 00:00:00,25.3,432.25,79.1,15.4,5.1,2.3333
2013-11-13 00:00:00,25.78,429.75,79.1,15.4,5.1,2.3335
2013-11-14 00:00:00,25.79,426.5,79.1,15.4,5.1,2.3137
2013-11-18 00:00:00,25.75,412.0,79.1,15.4,5.1,2.2633
2013-11-19 00:00:00,25.77,417.75,79.1,15.4,5.1,2.2713
2013-11-20 00:00:00,25.72,417.0,79.1,15.4,5.1,2.2717
2013-11-21 00:00:00,25.99,423.0,79.1,15.4,5.1,2.3062
2013-11-22 00:00:00,25.97,422.25,79.1,15.4,5.1,2.2788
2013-11-25 00:00:00,25.62,424.75,79.1,15.4,5.1,2.2837
2013-11-26 00:00:00,26.25,418.5,79.1,15.4,5.1,2.2967
2013-11-27 00:00:00,26.49,417.25,79.1,15.4,5.1,2.33
2013-11-29 00:00:00,26.45,415.25,79.1,15.4,5.1,2.3358
2013-12-02 00:00:00,26.28,416.5,78.7,15.4,5.1,2.3559
2013-12-03 00:00:00,26.44,422.0,78.7,15.4,5.1,2.3758
2013-12-04 00:00:00,26.34,425.5,78.7,15.4,5.1,2.3914
2013-12-05 00:00:00,26.3,422.75,78.7,15.4,5.1,2.3612
2013-12-06 00:00:00,26.37,424.0,78.7,15.4,5.1,2.3267
2013-12-09 00:00:00,26.56,428.5,78.7,15.4,5.1,2.3197
2013-12-10 00:00:00,26.36,427.5,78.7,15.4,5.1,2.309
2013-12-11 00:00:00,26.32,431.25,78.7,15.4,5.1,2.3413
2013-12-12 00:00:00,26.29,428.25,78.7,15.4,5.1,2.3327
2013-12-13 00:00:00,26.26,420.5,78.7,15.4,5.1,2.33
2013-12-16 00:00:00,26.25,423.25,78.7,15.4,5.1,2.3278
2013-12-17 00:00:00,26.36,426.75,78.7,15.4,5.1,2.3194
2013-12-18 00:00:00,26.42,425.0,78.7,15.4,5.1,2.3262
2013-12-19 00:00:00,26.55,430.5,78.7,15.4,5.1,2.3535
2013-12-20 00:00:00,26.68,433.25,78.7,15.4,5.1,2.3876
2013-12-23 00:00:00,26.69,434.25,78.7,15.4,5.1,2.3571
2013-12-26 00:00:00,26.74,426.25,78.7,15.4,5.1,2.3518
2013-12-27 00:00:00,26.79,427.5,78.7,15.4,5.1,2.3384
2013-12-30 00:00:00,26.54,423.5,78.7,15.4,5.1,2.3621
2014-01-02 00:00:00,26.64,420.5,78.9,15.4,5.0,2.3876
2014-01-03 00:00:00,27.0,423.5,78.9,15.4,5.0,2.3765
2014-01-06 00:00:00,27.29,427.75,78.9,15.4,5.0,2.3761
2014-01-07 00:00:00,27.49,426.0,78.9,15.4,5.0,2.3725
2014-01-08 00:00:00,27.16,417.0,78.9,15.4,5.0,2.3967
2014-01-09 00:00:00,27.17,412.0,78.9,15.4,5.0,2.3904
2014-01-10 00:00:00,27.17,432.75,78.9,15.4,5.0,2.3584
2014-01-13 00:00:00,27.32,434.5,78.9,15.4,5.0,2.3598
2014-01-14 00:00:00,27.35,431.5,78.9,15.4,5.0,2.3503
2014-01-15 00:00:00,27.3,425.75,78.9,15.4,5.0,2.3605
2014-01-16 00:00:00,27.07,428.0,78.9,15.4,5.0,2.3636
2014-01-17 00:00:00,27.02,424.0,78.9,15.4,5.0,2.3426
2014-01-21 00:00:00,26.65,425.0,78.9,15.4,5.0,2.3575
2014-01-22 00:00:00,26.59,426.25,78.9,15.4,5.0,2.3731
2014-01-23 00:00:00,26.47,429.0,78.9,15.4,5.0,2.3959
2014-01-24 00:00:00,26.04,429.5,78.9,15.4,5.0,2.3982
2014-01-27 00:00:00,26.16,431.75,78.9,15.4,5.0,2.4215
2014-01-28 00:00:00,26.24,432.0,78.9,15.4,5.0,2.4263
2014-01-29 00:00:00,26.22,427.5,78.9,15.4,5.0,2.4352
2014-01-30 00:00:00,26.46,433.5,78.9,15.4,5.0,2.4118
2014-01-31 00:00:00,26.65,434.0,78.9,15.4,5.0,2.4127
2014-02-03 00:00:00,26.91,435.75,75.4,15.0,5.0,2.4402
2014-02-04 00:00:00,27.41,441.75,75.4,15.0,5.0,2.4055
2014-02-05 00:00:00,28.06,443.25,75.4,15.0,5.0,2.3986
2014-02-06 00:00:00,28.52,443.0,75.4,15.0,5.0,2.3825
2014-02-07 00:00:00,28.31,444.25,75.4,15.0,5.0,2.3802
2014-02-10 00:00:00,28.37,443.0,75.4,15.0,5.0,2.409
2014-02-11 00:00:00,28.93,441.5,75.4,15.0,5.0,2.4005
2014-02-12 00:00:00,29.51,440.0,75.4,15.0,5.0,2.4255
2014-02-13 00:00:00,29.7,440.5,75.4,15.0,5.0,2.3938
2014-02-14 00:00:00,30.11,445.25,75.4,15.0,5.0,2.3891
2014-02-18 00:00:00,30.96,449.5,75.4,15.0,5.0,2.3955
2014-02-19 00:00:00,31.76,453.75,75.4,15.0,5.0,2.3942
2014-02-20 00:00:00,32.51,455.75,75.4,15.0,5.0,2.3704
2014-02-21 00:00:00,33.13,453.0,75.4,15.0,5.0,2.3456
2014-02-24 00:00:00,33.15,451.5,75.4,15.0,5.0,2.3392
2014-02-25 00:00:00,33.62,455.75,75.4,15.0,5.0,2.3411
2014-02-26 00:00:00,33.74,455.5,75.4,15.0,5.0,2.3497
2014-02-27 00:00:00,33.68,448.0,75.4,15.0,5.0,2.322
2014-02-28 00:00:00,33.95,457.5,75.4,15.0,5.0,2.3384
2014-03-05 00:00:00,33.85,475.25,75.1,15.1,4.9,2.3181
2014-03-06 00:00:00,33.82,485.75,75.1,15.1,4.9,2.3232
2014-03-07 00:00:00,34.03,481.0,75.1,15.1,4.9,2.3406
2014-03-10 00:00:00,34.16,472.0,75.1,15.1,4.9,2.3498
2014-03-11 00:00:00,34.11,478.0,75.1,15.1,4.9,2.3642
2014-03-12 00:00:00,33.85,484.25,75.1,15.1,4.9,2.3525
2014-03-13 00:00:00,33.64,484.25,75.1,15.1,4.9,2.3641
2014-03-14 00:00:00,33.51,472.25,75.1,15.1,4.9,2.3465
2014-03-17 00:00:00,33.37,479.0,75.1,15.1,4.9,2.3495
2014-03-18 00:00:00,32.97,486.25,75.1,15.1,4.9,2.3342
2014-03-19 00:00:00,32.78,487.75,75.1,15.1,4.9,2.3478
2014-03-20 00:00:00,32.2,478.5,75.1,15.1,4.9,2.3281
2014-03-21 00:00:00,31.9,479.0,75.1,15.1,4.9,2.3246
2014-03-24 00:00:00,31.97,490.0,75.1,15.1,4.9,2.3225
2014-03-25 00:00:00,31.88,486.5,75.1,15.1,4.9,2.3114
2014-03-26 00:00:00,31.55,484.5,75.1,15.1,4.9,2.3041
2014-03-27 00:00:00,31.67,492.0,75.1,15.1,4.9,2.2593
2014-03-28 00:00:00,31.44,492.0,75.1,15.1,4.9,2.2618
2014-03-31 00:00:00,31.34,502.0,75.1,15.1,4.9,2.2721
2014-04-01 00:00:00,31.32,507.5,75.4,15.4,4.8,2.2607
2014-04-02 00:00:00,31.26,495.75,75.4,15.4,4.8,2.2691
2014-04-03 00:00:00,31.29,500.0,75.4,15.4,4.8,2.2793
2014-04-04 00:00:00,31.33,501.75,75.4,15.4,4.8,2.236
2014-04-07 00:00:00,31.24,499.25,75.4,15.4,4.8,2.2189
2014-04-08 00:00:00,31.28,507.0,75.4,15.4,4.8,2.2012
2014-04-09 00:00:00,31.44,502.25,75.4,15.4,4.8,2.1856
2014-04-10 00:00:00,31.28,501.25,75.4,15.4,4.8,2.2067
2014-04-11 00:00:00,31.32,498.5,75.4,15.4,4.8,2.2184
2014-04-14 00:00:00,31.26,503.0,75.4,15.4,4.8,2.214
2014-04-15 00:00:00,31.53,503.75,75.4,15.4,4.8,2.2329
2014-04-16 00:00:00,31.32,497.5,75.4,15.4,4.8,2.2436
2014-04-17 00:00:00,31.18,494.75,75.4,15.4,4.8,2.2376
2014-04-22 00:00:00,31.56,496.25,75.4,15.4,4.8,2.238
2014-04-23 00:00:00,31.33,503.5,75.4,15.4,4.8,2.2212
2014-04-24 00:00:00,31.01,501.25,75.4,15.4,4.8,2.2138
2014-04-25 00:00:00,30.95,507.0,75.4,15.4,4.8,2.2445
2014-04-28 00:00:00,30.73,507.75,75.4,15.4,4.8,2.2237
2014-04-29 00:00:00,30.48,515.75,75.4,15.4,4.8,2.2359
2014-04-30 00:00:00,30.49,514.0,75.4,15.4,4.8,2.233
2014-05-02 00:00:00,30.4,494.0,75.1,15.3,4.9,2.22
2014-05-05 00:00:00,30.39,503.25,75.1,15.3,4.9,2.2431
2014-05-06 00:00:00,30.34,513.0,75.1,15.3,4.9,2.2292
2014-05-07 00:00:00,29.62,510.25,75.1,15.3,4.9,2.2166
2014-05-08 00:00:00,29.54,513.25,75.1,15.3,4.9,2.2153
2014-05-09 00:00:00,29.41,505.0,75.1,15.3,4.9,2.2128
2014-05-12 00:00:00,29.48,497.5,75.1,15.3,4.9,2.2145
2014-05-13 00:00:00,28.85,503.25,75.1,15.3,4.9,2.2151
2014-05-14 00:00:00,28.96,494.75,75.1,15.3,4.9,2.2025
2014-05-15 00:00:00,28.75,484.25,75.1,15.3,4.9,2.2203
2014-05-16 00:00:00,28.35,483.5,75.1,15.3,4.9,2.2146
2014-05-19 00:00:00,28.43,477.25,75.1,15.3,4.9,2.2058
2014-05-20 00:00:00,28.02,473.5,75.1,15.3,4.9,2.2165
2014-05-21 00:00:00,28.01,474.5,75.1,15.3,4.9,2.2075
2014-05-22 00:00:00,27.95,476.75,75.1,15.3,4.9,2.2153
2014-05-23 00:00:00,28.0,478.0,75.1,15.3,4.9,2.2235
2014-05-27 00:00:00,27.88,469.75,75.1,15.3,4.9,2.2378
2014-05-28 00:00:00,28.03,472.5,75.1,15.3,4.9,2.2325
2014-05-29 00:00:00,27.74,469.5,75.1,15.3,4.9,2.2252
2014-05-30 00:00:00,27.71,465.75,75.1,15.3,4.9,2.2408
2014-06-02 00:00:00,27.78,465.5,77.8,15.7,4.9,2.2769
2014-06-03 00:00:00,27.71,458.25,77.8,15.7,4.9,2.2805
2014-06-04 00:00:00,27.33,456.25,77.8,15.7,4.9,2.2781
2014-06-05 00:00:00,27.28,449.0,77.8,15.7,4.9,2.2617
2014-06-06 00:00:00,27.11,459.0,77.8,15.7,4.9,2.2475
2014-06-09 00:00:00,27.03,451.0,77.8,15.7,4.9,2.2277
2014-06-10 00:00:00,26.87,445.5,77.8,15.7,4.9,2.2225
2014-06-11 00:00:00,26.67,441.0,77.8,15.7,4.9,2.2335
2014-06-12 00:00:00,26.66,444.0,77.8,15.7,4.9,2.23
2014-06-13 00:00:00,26.42,447.0,77.8,15.7,4.9,2.2241
2014-06-16 00:00:00,26.24,441.0,77.8,15.7,4.9,2.2343
2014-06-17 00:00:00,26.23,438.75,77.8,15.7,4.9,2.2618
2014-06-18 00:00:00,25.93,441.5,77.8,15.7,4.9,2.228
2014-06-20 00:00:00,25.9,453.25,77.8,15.7,4.9,2.2295
2014-06-23 00:00:00,25.91,444.5,77.8,15.7,4.9,2.218
2014-06-24 00:00:00,25.52,443.0,77.8,15.7,4.9,2.2252
2014-06-25 00:00:00,25.48,441.0,77.8,15.7,4.9,2.2078
2014-06-26 00:00:00,25.18,442.75,77.8,15.7,4.9,2.1969
2014-06-27 00:00:00,25.16,443.0,77.8,15.7,4.9,2.194
2014-06-30 00:00:00,25.16,424.25,77.8,15.7,4.9,2.2143
2014-07-01 00:00:00,24.46,422.75,78.1,15.7,4.9,2.2018
2014-07-02 00:00:00,24.89,418.5,78.1,15.7,4.9,2.2252
2014-07-03 00:00:00,24.66,417.0,78.1,15.7,4.9,2.2103
2014-07-07 00:00:00,24.39,409.25,78.1,15.7,4.9,2.224
2014-07-08 00:00:00,24.48,408.25,78.1,15.7,4.9,2.2123
2014-07-10 00:00:00,24.35,400.5,78.1,15.7,4.9,2.2192
2014-07-11 00:00:00,24.28,399.75,78.1,15.7,4.9,2.2208
2014-07-14 00:00:00,23.98,390.25,78.1,15.7,4.9,2.2107
2014-07-15 00:00:00,23.91,374.0,78.1,15.7,4.9,2.2199
2014-07-16 00:00:00,23.84,378.25,78.1,15.7,4.9,2.2238
2014-07-17 00:00:00,23.55,379.5,78.1,15.7,4.9,2.2582
2014-07-18 00:00:00,23.43,371.25,78.1,15.7,4.9,2.2255
2014-07-21 00:00:00,23.1,364.0,78.1,15.7,4.9,2.22
2014-07-22 00:00:00,22.99,360.25,78.1,15.7,4.9,2.213
2014-07-23 00:00:00,22.88,362.5,78.1,15.7,4.9,2.2182
2014-07-24 00:00:00,22.91,361.5,78.1,15.7,4.9,2.2228
2014-07-25 00:00:00,22.71,363.0,78.1,15.7,4.9,2.229
2014-07-28 00:00:00,22.77,367.75,78.1,15.7,4.9,2.2222
2014-07-29 00:00:00,22.69,361.5,78.1,15.7,4.9,2.2305
2014-07-30 00:00:00,22.73,361.75,78.1,15.7,4.9,2.2454
2014-07-31 00:00:00,22.73,357.0,78.1,15.7,4.9,2.2639
2014-08-01 00:00:00,22.93,352.5,78.5,15.7,4.9,2.2574
2014-08-04 00:00:00,22.88,358.75,78.5,15.7,4.9,2.2584
2014-08-05 00:00:00,22.72,356.25,78.5,15.7,4.9,2.2818
2014-08-06 00:00:00,23.2,363.25,78.5,15.7,4.9,2.2738
2014-08-07 00:00:00,23.41,359.5,78.5,15.7,4.9,2.2957
2014-08-08 00:00:00,23.22,351.75,78.5,15.7,4.9,2.2812
2014-08-11 00:00:00,23.21,356.75,78.5,15.7,4.9,2.2755
2014-08-12 00:00:00,23.21,358.5,78.5,15.7,4.9,2.2767
2014-08-13 00:00:00,23.1,358.0,78.5,15.7,4.9,2.2803
2014-08-14 00:00:00,22.97,362.0,78.5,15.7,4.9,2.2666
2014-08-15 00:00:00,22.91,365.75,78.5,15.7,4.9,2.2598
2014-08-18 00:00:00,22.85,360.75,78.5,15.7,4.9,2.2576
2014-08-19 00:00:00,22.8,362.5,78.5,15.7,4.9,2.2467
2014-08-20 00:00:00,22.79,359.5,78.5,15.7,4.9,2.2623
2014-08-21 00:00:00,22.66,362.25,78.5,15.7,4.9,2.2687
2014-08-22 00:00:00,22.64,365.5,78.5,15.7,4.9,2.2778
2014-08-25 00:00:00,22.73,360.0,78.5,15.7,4.9,2.2883
2014-08-26 00:00:00,22.82,356.0,78.5,15.7,4.9,2.2618
2014-08-27 00:00:00,22.79,356.0,78.5,15.7,4.9,2.2471
2014-08-28 00:00:00,22.65,361.75,78.5,15.7,4.9,2.2415
2014-08-29 00:00:00,22.59,359.0,78.5,15.7,4.9,2.236
2014-09-02 00:00:00,22.31,355.75,79.9,15.8,5.0,2.2435
2014-09-03 00:00:00,22.22,341.25,79.9,15.8,5.0,2.237
2014-09-04 00:00:00,21.93,335.75,79.9,15.8,5.0,2.2431
2014-09-05 00:00:00,21.93,346.5,79.9,15.8,5.0,2.2405
2014-09-08 00:00:00,21.87,339.25,79.9,15.8,5.0,2.2677
2014-09-09 00:00:00,21.76,336.25,79.9,15.8,5.0,2.2868
2014-09-10 00:00:00,21.8,338.75,79.9,15.8,5.0,2.2885
2014-09-11 00:00:00,21.98,331.75,79.9,15.8,5.0,2.298
2014-09-12 00:00:00,21.84,339.0,79.9,15.8,5.0,2.3392
2014-09-15 00:00:00,21.99,343.0,79.9,15.8,5.0,2.3427
2014-09-16 00:00:00,21.89,343.75,79.9,15.8,5.0,2.3325
2014-09-17 00:00:00,22.03,341.75,79.9,15.8,5.0,2.3583
2014-09-18 00:00:00,21.99,338.25,79.9,15.8,5.0,2.3646
2014-09-19 00:00:00,21.94,331.5,79.9,15.8,5.0,2.3682
2014-09-22 00:00:00,21.95,330.25,79.9,15.8,5.0,2.3984
2014-09-23 00:00:00,22.1,325.5,79.9,15.8,5.0,2.4118
2014-09-24 00:00:00,22.09,329.5,79.9,15.8,5.0,2.3836
2014-09-25 00:00:00,22.11,326.0,79.9,15.8,5.0,2.4283
2014-09-26 00:00:00,22.11,323.0,79.9,15.8,5.0,2.42
2014-09-29 00:00:00,22.16,325.75,79.9,15.8,5.0,2.447
2014-09-30 00:00:00,22.02,320.75,79.9,15.8,5.0,2.4462
2014-10-01 00:00:00,21.78,321.25,77.8,15.3,5.0,2.4815
2014-10-02 00:00:00,21.91,322.75,77.8,15.3,5.0,2.4952
2014-10-03 00:00:00,21.98,323.25,77.8,15.3,5.0,2.4588
2014-10-06 00:00:00,21.94,332.5,77.8,15.3,5.0,2.4238
2014-10-07 00:00:00,21.79,340.5,77.8,15.3,5.0,2.3961
2014-10-08 00:00:00,22.04,343.25,77.8,15.3,5.0,2.3769
2014-10-09 00:00:00,22.07,344.75,77.8,15.3,5.0,2.3982
2014-10-10 00:00:00,22.0,334.0,77.8,15.3,5.0,2.4295
2014-10-13 00:00:00,22.39,346.0,77.8,15.3,5.0,2.3942
2014-10-14 00:00:00,22.87,357.0,77.8,15.3,5.0,2.4002
2014-10-15 00:00:00,22.78,347.5,77.8,15.3,5.0,2.4583
2014-10-16 00:00:00,22.82,352.25,77.8,15.3,5.0,2.4728
2014-10-17 00:00:00,23.74,348.0,77.8,15.3,5.0,2.4356
2014-10-20 00:00:00,23.83,348.25,77.8,15.3,5.0,2.4652
2014-10-21 00:00:00,24.57,356.0,77.8,15.3,5.0,2.4809
2014-10-22 00:00:00,24.66,353.0,77.8,15.3,5.0,2.4873
2014-10-23 00:00:00,24.96,359.75,77.8,15.3,5.0,2.4988
2014-10-24 00:00:00,25.1,353.0,77.8,15.3,5.0,2.4739
2014-10-27 00:00:00,25.37,363.0,77.8,15.3,5.0,2.5226
2014-10-28 00:00:00,25.99,364.5,77.8,15.3,5.0,2.4613
2014-10-29 00:00:00,26.17,375.25,77.8,15.3,5.0,2.4612
2014-10-30 00:00:00,26.35,374.0,77.8,15.3,5.0,2.4036
2014-10-31 00:00:00,26.21,376.75,77.8,15.3,5.0,2.4783
2014-11-03 00:00:00,26.53,373.5,78.1,15.4,5.0,2.4966
2014-11-04 00:00:00,26.44,364.5,78.1,15.4,5.0,2.497
2014-11-05 00:00:00,26.77,370.25,78.1,15.4,5.0,2.5049
2014-11-06 00:00:00,26.58,371.25,78.1,15.4,5.0,2.5697
2014-11-07 00:00:00,26.81,367.5,78.1,15.4,5.0,2.5587
2014-11-10 00:00:00,26.93,369.25,78.1,15.4,5.0,2.5528
2014-11-11 00:00:00,27.29,373.75,78.1,15.4,5.0,2.5575
2014-11-12 00:00:00,27.77,377.75,78.1,15.4,5.0,2.5665
2014-11-13 00:00:00,27.55,386.25,78.1,15.4,5.0,2.5889
2014-11-14 00:00:00,27.84,381.75,78.1,15.4,5.0,2.6018
2014-11-17 00:00:00,27.92,377.5,78.1,15.4,5.0,2.6081
2014-11-18 00:00:00,28.58,372.0,78.1,15.4,5.0,2.5825
2014-11-19 00:00:00,28.75,363.25,78.1,15.4,5.0,2.572
2014-11-20 00:00:00,28.4,373.25,78.1,15.4,5.0,2.5731
2014-11-21 00:00:00,28.36,372.75,78.1,15.4,5.0,2.5153
2014-11-24 00:00:00,28.69,367.5,78.1,15.4,5.0,2.5457
2014-11-25 00:00:00,28.43,374.25,78.1,15.4,5.0,2.5303
2014-11-26 00:00:00,28.07,378.25,78.1,15.4,5.0,2.5011
2014-11-27 00:00:00,27.93,391.63,78.1,15.4,5.0,2.5304
2014-11-28 00:00:00,27.52,375.75,78.1,15.4,5.0,2.5659
2014-12-01 00:00:00,27.1,375.5,78.6,15.3,5.1,2.56
2014-12-02 00:00:00,26.76,367.75,78.6,15.3,5.1,2.5682
2014-12-03 00:00:00,26.78,368.75,78.6,15.3,5.1,2.5525
2014-12-04 00:00:00,26.71,376.0,78.6,15.3,5.1,2.5915
2014-12-05 00:00:00,26.61,381.5,78.6,15.3,5.1,2.5895
2014-12-08 00:00:00,26.69,377.5,78.6,15.3,5.1,2.6004
2014-12-09 00:00:00,26.74,383.0,78.6,15.3,5.1,2.593
2014-12-10 00:00:00,26.95,382.5,78.6,15.3,5.1,2.6162
2014-12-11 00:00:00,27.24,390.0,78.6,15.3,5.1,2.6498
2014-12-12 00:00:00,27.44,396.25,78.6,15.3,5.1,2.6545
2014-12-15 00:00:00,27.93,408.5,78.6,15.3,5.1,2.6955
2014-12-16 00:00:00,28.11,406.0,78.6,15.3,5.1,2.7384
2014-12-17 00:00:00,28.09,408.25,78.6,15.3,5.1,2.7154
2014-12-18 00:00:00,28.4,411.0,78.6,15.3,5.1,2.6625
2014-12-19 00:00:00,28.49,410.5,78.6,15.3,5.1,2.6598
2014-12-22 00:00:00,28.54,411.75,78.6,15.3,5.1,2.6645
2014-12-23 00:00:00,28.67,414.0,78.6,15.3,5.1,2.6946
2014-12-26 00:00:00,28.66,414.75,78.6,15.3,5.1,2.6685
2014-12-29 00:00:00,28.72,412.75,78.6,15.3,5.1,2.7027
2014-12-30 00:00:00,28.75,406.5,78.6,15.3,5.1,2.6575
2015-01-02 00:00:00,28.72,395.75,79.0,15.3,5.1,2.6941
2015-01-05 00:00:00,28.55,406.0,79.0,15.3,5.1,2.7064
2015-01-06 00:00:00,28.2,405.0,79.0,15.3,5.1,2.7001
2015-01-07 00:00:00,28.1,396.25,79.0,15.3,5.1,2.6835
2015-01-08 00:00:00,28.04,394.25,79.0,15.3,5.1,2.663
2015-01-09 00:00:00,27.95,400.25,79.0,15.3,5.1,2.6301
2015-01-12 00:00:00,27.62,402.0,79.0,15.3,5.1,2.6734
2015-01-13 00:00:00,27.6,385.75,79.0,15.3,5.1,2.643
2015-01-14 00:00:00,27.46,381.0,79.0,15.3,5.1,2.6159
2015-01-15 00:00:00,27.48,380.0,79.0,15.3,5.1,2.6422
2015-01-16 00:00:00,27.25,387.0,79.0,15.3,5.1,2.621
2015-01-20 00:00:00,27.29,390.25,79.0,15.3,5.1,2.6138
2015-01-21 00:00:00,27.1,388.0,79.0,15.3,5.1,2.6005
2015-01-22 00:00:00,26.87,383.75,79.0,15.3,5.1,2.5745
2015-01-23 00:00:00,26.79,386.75,79.0,15.3,5.1,2.5797
2015-01-26 00:00:00,26.77,384.0,79.0,15.3,5.1,2.5835
2015-01-27 00:00:00,26.62,381.25,79.0,15.3,5.1,2.5724
2015-01-28 00:00:00,26.56,373.25,79.0,15.3,5.1,2.5764
2015-01-29 00:00:00,26.62,371.5,79.0,15.3,5.1,2.6035
2015-01-30 00:00:00,26.78,370.0,79.0,15.3,5.1,2.6824
2015-02-02 00:00:00,26.85,369.75,78.3,15.1,5.1,2.7271
2015-02-03 00:00:00,26.94,385.75,78.3,15.1,5.1,2.6945
2015-02-04 00:00:00,27.13,383.5,78.3,15.1,5.1,2.7418
2015-02-05 00:00:00,27.6,385.25,78.3,15.1,5.1,2.7451
2015-02-06 00:00:00,27.65,385.75,78.3,15.1,5.1,2.7825
2015-02-09 00:00:00,27.64,391.25,78.3,15.1,5.1,2.7698
2015-02-10 00:00:00,27.62,388.0,78.3,15.1,5.1,2.8343
2015-02-11 00:00:00,27.63,385.75,78.3,15.1,5.1,2.8693
2015-02-12 00:00:00,27.72,383.0,78.3,15.1,5.1,2.821
2015-02-13 00:00:00,27.97,387.25,78.3,15.1,5.1,2.8346
2015-02-18 00:00:00,28.04,383.75,78.3,15.1,5.1,2.8374
2015-02-19 00:00:00,28.18,389.75,78.3,15.1,5.1,2.8665
2015-02-20 00:00:00,28.35,385.25,78.3,15.1,5.1,2.868
2015-02-23 00:00:00,28.77,378.75,78.3,15.1,5.1,2.8788
2015-02-24 00:00:00,28.84,377.5,78.3,15.1,5.1,2.833
2015-02-25 00:00:00,28.94,375.75,78.3,15.1,5.1,2.875
2015-02-26 00:00:00,29.03,380.0,78.3,15.1,5.1,2.9085
2015-02-27 00:00:00,28.96,384.5,78.3,15.1,5.1,2.839
2015-03-02 00:00:00,29.31,378.75,78.2,15.0,5.1,2.8965
2015-03-03 00:00:00,29.34,382.0,78.2,15.0,5.1,2.9311
2015-03-04 00:00:00,29.46,381.5,78.2,15.0,5.1,2.9766
2015-03-05 00:00:00,29.44,382.75,78.2,15.0,5.1,3.0035
2015-03-06 00:00:00,29.42,379.25,78.2,15.0,5.1,3.0617
2015-03-09 00:00:00,29.49,383.25,78.2,15.0,5.1,3.1223
2015-03-10 00:00:00,29.64,382.25,78.2,15.0,5.1,3.1022
2015-03-11 00:00:00,29.67,384.0,78.2,15.0,5.1,3.1257
2015-03-12 00:00:00,29.7,382.25,78.2,15.0,5.1,3.1661
2015-03-13 00:00:00,29.65,374.0,78.2,15.0,5.1,3.2492
2015-03-16 00:00:00,29.61,379.0,78.2,15.0,5.1,3.2488
2015-03-17 00:00:00,29.56,371.0,78.2,15.0,5.1,3.2395
2015-03-18 00:00:00,29.53,374.75,78.2,15.0,5.1,3.2097
2015-03-19 00:00:00,29.77,373.5,78.2,15.0,5.1,3.2921
2015-03-20 00:00:00,29.67,385.0,78.2,15.0,5.1,3.2293
2015-03-23 00:00:00,29.44,390.25,78.2,15.0,5.1,3.1322
2015-03-24 00:00:00,29.12,393.25,78.2,15.0,5.1,3.1398
2015-03-25 00:00:00,29.05,395.0,78.2,15.0,5.1,3.2012
2015-03-26 00:00:00,29.09,391.25,78.2,15.0,5.1,3.1828
2015-03-27 00:00:00,29.1,391.0,78.2,15.0,5.1,3.2496
2015-03-30 00:00:00,29.13,394.5,78.2,15.0,5.1,3.2306
2015-03-31 00:00:00,29.38,376.25,78.2,15.0,5.1,3.1958
2015-04-01 00:00:00,29.3,381.75,78.9,15.1,5.2,3.1655
2015-04-02 00:00:00,29.28,386.5,78.9,15.1,5.2,3.1205
2015-04-06 00:00:00,28.95,385.0,78.9,15.1,5.2,3.1263
2015-04-07 00:00:00,28.69,383.0,78.9,15.1,5.2,3.1288
2015-04-08 00:00:00,28.54,379.25,78.9,15.1,5.2,3.0495
2015-04-09 00:00:00,28.47,378.0,78.9,15.1,5.2,3.0591
2015-04-10 00:00:00,28.35,377.0,78.9,15.1,5.2,3.0756
2015-04-13 00:00:00,28.17,370.5,78.9,15.1,5.2,3.1212
2015-04-14 00:00:00,27.73,373.5,78.9,15.1,5.2,3.0634
2015-04-15 00:00:00,27.46,376.0,78.9,15.1,5.2,3.0294
2015-04-16 00:00:00,27.4,376.25,78.9,15.1,5.2,3.0221
2015-04-17 00:00:00,27.08,379.75,78.9,15.1,5.2,3.0409
2015-04-20 00:00:00,27.08,378.0,78.9,15.1,5.2,3.033
2015-04-22 00:00:00,26.99,372.5,78.9,15.1,5.2,3.0113
2015-04-23 00:00:00,26.93,370.75,78.9,15.1,5.2,2.9707
2015-04-24 00:00:00,26.73,364.5,78.9,15.1,5.2,2.9517
2015-04-27 00:00:00,26.56,360.75,78.9,15.1,5.2,2.9173
2015-04-28 00:00:00,26.36,361.0,78.9,15.1,5.2,2.9364
2015-04-29 00:00:00,26.2,363.75,78.9,15.1,5.2,2.9612
2015-04-30 00:00:00,25.98,362.5,78.9,15.1,5.2,3.0145
2015-05-04 00:00:00,25.91,358.75,78.5,15.2,5.1,3.0864
2015-05-05 00:00:00,25.82,361.25,78.5,15.2,5.1,3.0536
2015-05-06 00:00:00,25.79,366.5,78.5,15.2,5.1,3.0333
2015-05-07 00:00:00,25.64,357.75,78.5,15.2,5.1,3.026
2015-05-08 00:00:00,25.63,358.5,78.5,15.2,5.1,2.9733
2015-05-11 00:00:00,25.62,358.25,78.5,15.2,5.1,3.0614
2015-05-12 00:00:00,25.62,357.0,78.5,15.2,5.1,3.0206
2015-05-13 00:00:00,25.42,356.0,78.5,15.2,5.1,3.0403
2015-05-14 00:00:00,25.39,361.0,78.5,15.2,5.1,2.9935
2015-05-15 00:00:00,25.28,365.5,78.5,15.2,5.1,2.9972
2015-05-18 00:00:00,25.26,368.0,78.5,15.2,5.1,3.0076
2015-05-19 00:00:00,24.99,362.0,78.5,15.2,5.1,3.0394
2015-05-20 00:00:00,24.97,360.0,78.5,15.2,5.1,3.0027
2015-05-21 00:00:00,25.13,365.0,78.5,15.2,5.1,3.0379
2015-05-22 00:00:00,25.11,360.0,78.5,15.2,5.1,3.0949
2015-05-26 00:00:00,25.28,355.0,78.5,15.2,5.1,3.1536
2015-05-27 00:00:00,24.96,349.5,78.5,15.2,5.1,3.1409
2015-05-28 00:00:00,24.94,353.5,78.5,15.2,5.1,3.1624
2015-05-29 00:00:00,24.91,351.5,78.5,15.2,5.1,3.1798
2015-06-01 00:00:00,25.0,352.25,80.0,15.4,5.1,3.1718
2015-06-02 00:00:00,24.79,359.0,80.0,15.4,5.1,3.1306
2015-06-03 00:00:00,24.82,359.0,80.0,15.4,5.1,3.1345
2015-06-05 00:00:00,24.85,360.5,80.0,15.4,5.1,3.1439
2015-06-08 00:00:00,24.85,365.25,80.0,15.4,5.1,3.1132
2015-06-09 00:00:00,24.65,365.0,80.0,15.4,5.1,3.0966
2015-06-10 00:00:00,24.81,357.25,80.0,15.4,5.1,3.1187
2015-06-11 00:00:00,24.89,356.5,80.0,15.4,5.1,3.0896
2015-06-12 00:00:00,24.79,353.0,80.0,15.4,5.1,3.1185
2015-06-15 00:00:00,24.91,348.25,80.0,15.4,5.1,3.13
2015-06-16 00:00:00,25.16,354.0,80.0,15.4,5.1,3.0885
2015-06-17 00:00:00,25.19,359.25,80.0,15.4,5.1,3.057
2015-06-18 00:00:00,25.09,358.0,80.0,15.4,5.1,3.0605
2015-06-19 00:00:00,25.0,353.25,80.0,15.4,5.1,3.0976
2015-06-22 00:00:00,25.03,360.0,80.0,15.4,5.1,3.0814
2015-06-23 00:00:00,25.16,367.5,80.0,15.4,5.1,3.076
2015-06-24 00:00:00,25.1,366.5,80.0,15.4,5.1,3.0979
2015-06-25 00:00:00,25.26,376.5,80.0,15.4,5.1,3.1277
2015-06-26 00:00:00,25.51,385.0,80.0,15.4,5.1,3.1295
2015-06-29 00:00:00,25.29,383.25,80.0,15.4,5.1,3.1178
2015-06-30 00:00:00,25.48,414.0,80.0,15.4,5.1,3.103
2015-07-01 00:00:00,25.46,413.75,81.8,15.5,5.2,3.1498
2015-07-02 00:00:00,25.42,419.75,81.8,15.5,5.2,3.0967
2015-07-03 00:00:00,25.51,428.5,81.8,15.5,5.2,3.1347
2015-07-06 00:00:00,25.35,418.5,81.8,15.5,5.2,3.1391
2015-07-07 00:00:00,25.54,415.75,81.8,15.5,5.2,3.1867
2015-07-08 00:00:00,25.76,416.25,81.8,15.5,5.2,3.2346
2015-07-09 00:00:00,25.84,421.25,81.8,15.5,5.2,3.2203
2015-07-10 00:00:00,26.04,427.25,81.8,15.5,5.2,3.1593
2015-07-13 00:00:00,25.61,433.5,81.8,15.5,5.2,3.1348
2015-07-14 00:00:00,26.51,424.0,81.8,15.5,5.2,3.1399
2015-07-15 00:00:00,26.57,429.5,81.8,15.5,5.2,3.1391
2015-07-16 00:00:00,26.35,430.0,81.8,15.5,5.2,3.1587
2015-07-17 00:00:00,26.53,420.25,81.8,15.5,5.2,3.1881
2015-07-20 00:00:00,26.46,405.0,81.8,15.5,5.2,3.1981
2015-07-21 00:00:00,26.78,406.5,81.8,15.5,5.2,3.1717
2015-07-22 00:00:00,26.26,402.75,81.8,15.5,5.2,3.2239
2015-07-23 00:00:00,26.16,403.25,81.8,15.5,5.2,3.286
2015-07-24 00:00:00,26.23,392.5,81.8,15.5,5.2,3.3556
2015-07-27 00:00:00,25.92,373.0,81.8,15.5,5.2,3.364
2015-07-28 00:00:00,25.8,375.0,81.8,15.5,5.2,3.3577
2015-07-29 00:00:00,25.95,367.75,81.8,15.5,5.2,3.3308
2015-07-30 00:00:00,25.87,373.25,81.8,15.5,5.2,3.3715
2015-07-31 00:00:00,25.93,371.0,81.8,15.5,5.2,3.4212
2015-08-03 00:00:00,26.16,366.5,84.3,15.7,5.3,3.4514
2015-08-04 00:00:00,26.48,368.75,84.3,15.7,5.3,3.4712
2015-08-05 00:00:00,26.58,372.75,84.3,15.7,5.3,3.4867
2015-08-06 00:00:00,27.08,369.75,84.3,15.7,5.3,3.5361
2015-08-07 00:00:00,27.6,372.75,84.3,15.7,5.3,3.5071
2015-08-10 00:00:00,27.56,390.25,84.3,15.7,5.3,3.4345
2015-08-11 00:00:00,27.86,376.5,84.3,15.7,5.3,3.475
2015-08-12 00:00:00,27.58,357.25,84.3,15.7,5.3,3.481
2015-08-13 00:00:00,27.63,363.75,84.3,15.7,5.3,3.5194
2015-08-14 00:00:00,27.38,364.0,84.3,15.7,5.3,3.4845
2015-08-17 00:00:00,27.39,363.25,84.3,15.7,5.3,3.4812
2015-08-18 00:00:00,27.09,366.25,84.3,15.7,5.3,3.4681
2015-08-19 00:00:00,27.34,367.25,84.3,15.7,5.3,3.4932
2015-08-20 00:00:00,27.5,371.0,84.3,15.7,5.3,3.457
2015-08-21 00:00:00,27.38,365.25,84.3,15.7,5.3,3.5007
2015-08-24 00:00:00,27.6,368.75,84.3,15.7,5.3,3.5534
2015-08-25 00:00:00,27.69,365.5,84.3,15.7,5.3,3.6175
2015-08-26 00:00:00,27.65,361.75,84.3,15.7,5.3,3.5963
2015-08-27 00:00:00,27.85,363.75,84.3,15.7,5.3,3.551
2015-08-28 00:00:00,27.91,363.25,84.3,15.7,5.3,3.5823
2015-08-31 00:00:00,28.16,363.75,84.3,15.7,5.3,3.6193
2015-09-01 00:00:00,28.69,356.0,84.7,15.7,5.3,3.702
2015-09-02 00:00:00,29.05,354.0,84.7,15.7,5.3,3.7591
2015-09-03 00:00:00,29.2,347.75,84.7,15.7,5.3,3.738
2015-09-04 00:00:00,29.55,349.5,84.7,15.7,5.3,3.8442
2015-09-08 00:00:00,29.61,355.0,84.7,15.7,5.3,3.82
2015-09-09 00:00:00,29.61,356.5,84.7,15.7,5.3,3.7783
2015-09-10 00:00:00,29.95,361.75,84.7,15.7,5.3,3.8498
2015-09-11 00:00:00,30.26,374.5,84.7,15.7,5.3,3.8705
2015-09-14 00:00:00,30.61,379.0,84.7,15.7,5.3,3.815
2015-09-15 00:00:00,30.99,390.5,84.7,15.7,5.3,3.8634
2015-09-16 00:00:00,31.36,386.0,84.7,15.7,5.3,3.8289
2015-09-17 00:00:00,31.42,379.75,84.7,15.7,5.3,3.899
2015-09-18 00:00:00,31.4,377.25,84.7,15.7,5.3,3.9459
2015-09-21 00:00:00,31.38,384.5,84.7,15.7,5.3,3.9857
2015-09-22 00:00:00,31.73,380.5,84.7,15.7,5.3,4.0497
2015-09-23 00:00:00,31.98,383.25,84.7,15.7,5.3,4.178
2015-09-24 00:00:00,32.62,381.5,84.7,15.7,5.3,3.9368
2015-09-25 00:00:00,32.51,389.0,84.7,15.7,5.3,3.9777
2015-09-28 00:00:00,32.96,386.75,84.7,15.7,5.3,4.1083
2015-09-29 00:00:00,33.19,389.0,84.7,15.7,5.3,4.0634
2015-09-30 00:00:00,33.69,387.75,84.7,15.7,5.3,3.9491
2015-10-01 00:00:00,33.52,388.75,83.1,15.4,5.3,4.01
2015-10-02 00:00:00,33.36,389.25,83.1,15.4,5.3,3.9331
2015-10-05 00:00:00,33.43,393.5,83.1,15.4,5.3,3.912
2015-10-06 00:00:00,33.21,398.25,83.1,15.4,5.3,3.8539
2015-10-07 00:00:00,33.02,395.75,83.1,15.4,5.3,3.8838
2015-10-08 00:00:00,32.76,391.25,83.1,15.4,5.3,3.7839
2015-10-09 00:00:00,32.36,382.75,83.1,15.4,5.3,3.766
2015-10-13 00:00:00,32.32,384.5,83.1,15.4,5.3,3.8937
2015-10-14 00:00:00,32.31,379.0,83.1,15.4,5.3,3.8119
2015-10-15 00:00:00,32.17,375.5,83.1,15.4,5.3,3.8032
2015-10-16 00:00:00,32.08,376.75,83.1,15.4,5.3,3.9245
2015-10-19 00:00:00,32.13,373.0,83.1,15.4,5.3,3.8857
2015-10-20 00:00:00,32.2,376.75,83.1,15.4,5.3,3.9073
2015-10-21 00:00:00,32.53,380.75,83.1,15.4,5.3,3.9414
2015-10-22 00:00:00,32.76,378.25,83.1,15.4,5.3,3.9088
2015-10-23 00:00:00,32.86,379.75,83.1,15.4,5.3,3.8807
2015-10-26 00:00:00,32.84,384.5,83.1,15.4,5.3,3.906
2015-10-27 00:00:00,33.04,380.0,83.1,15.4,5.3,3.8883
2015-10-28 00:00:00,33.03,376.0,83.1,15.4,5.3,3.9094
2015-10-29 00:00:00,33.45,380.0,83.1,15.4,5.3,3.8509
2015-10-30 00:00:00,33.97,382.25,83.1,15.4,5.3,3.8564
2015-11-03 00:00:00,33.69,380.5,81.9,15.2,5.3,3.7712
2015-11-04 00:00:00,33.68,380.5,81.9,15.2,5.3,3.8003
2015-11-05 00:00:00,33.59,374.5,81.9,15.2,5.3,3.7813
2015-11-06 00:00:00,33.77,373.0,81.9,15.2,5.3,3.7713
2015-11-09 00:00:00,33.83,366.75,81.9,15.2,5.3,3.799
2015-11-10 00:00:00,33.98,359.0,81.9,15.2,5.3,3.751
2015-11-11 00:00:00,33.83,362.25,81.9,15.2,5.3,3.7639
2015-11-12 00:00:00,33.99,362.0,81.9,15.2,5.3,3.771
2015-11-13 00:00:00,33.82,358.25,81.9,15.2,5.3,3.8456
2015-11-16 00:00:00,33.67,360.0,81.9,15.2,5.3,3.8194
2015-11-17 00:00:00,33.3,362.0,81.9,15.2,5.3,3.8105
2015-11-18 00:00:00,33.28,361.75,81.9,15.2,5.3,3.7668
2015-11-19 00:00:00,33.35,364.25,81.9,15.2,5.3,3.7181
2015-11-20 00:00:00,33.52,363.25,81.9,15.2,5.3,3.7052
2015-11-23 00:00:00,33.45,367.25,81.9,15.2,5.3,3.733
2015-11-24 00:00:00,33.58,364.25,81.9,15.2,5.3,3.7
2015-11-25 00:00:00,33.38,366.0,81.9,15.2,5.3,3.7425
2015-11-27 00:00:00,33.24,359.25,81.9,15.2,5.3,3.8464
2015-11-30 00:00:00,33.25,365.0,81.9,15.2,5.3,3.869
2015-12-01 00:00:00,33.82,367.0,82.0,15.2,5.3,3.8575
2015-12-02 00:00:00,33.82,364.0,82.0,15.2,5.3,3.8352
2015-12-03 00:00:00,34.16,370.25,82.0,15.2,5.3,3.7596
2015-12-04 00:00:00,34.09,376.25,82.0,15.2,5.3,3.7521
2015-12-07 00:00:00,33.92,368.5,82.0,15.2,5.3,3.7681
2015-12-08 00:00:00,34.92,370.0,82.0,15.2,5.3,3.7962
2015-12-09 00:00:00,34.78,371.75,82.0,15.2,5.3,3.7502
2015-12-10 00:00:00,35.11,377.25,82.0,15.2,5.3,3.8126
2015-12-11 00:00:00,35.44,373.0,82.0,15.2,5.3,3.873
2015-12-14 00:00:00,35.6,381.75,82.0,15.2,5.3,3.8779
2015-12-15 00:00:00,35.54,377.25,82.0,15.2,5.3,3.873
2015-12-16 00:00:00,35.66,369.75,82.0,15.2,5.3,3.8848
2015-12-17 00:00:00,35.67,374.25,82.0,15.2,5.3,3.8796
2015-12-18 00:00:00,35.76,374.5,82.0,15.2,5.3,3.9824
2015-12-21 00:00:00,36.15,372.0,82.0,15.2,5.3,4.0134
2015-12-22 00:00:00,36.23,366.25,82.0,15.2,5.3,3.9899
2015-12-23 00:00:00,36.26,365.5,82.0,15.2,5.3,3.9419
2015-12-28 00:00:00,36.29,361.0,82.0,15.2,5.3,3.8586
2015-12-29 00:00:00,36.55,362.5,82.0,15.2,5.3,3.8655
2015-12-30 00:00:00,36.83,359.0,82.0,15.2,5.3,3.9608
2016-01-04 00:00:00,37.31,351.5,82.3,15.2,5.3,4.0402
2016-01-05 00:00:00,37.41,353.0,82.3,15.2,5.3,4.0077
2016-01-06 00:00:00,38.4,353.25,82.3,15.2,5.3,4.0244
2016-01-07 00:00:00,38.78,353.0,82.3,15.2,5.3,4.0448
2016-01-08 00:00:00,39.51,357.0,82.3,15.2,5.3,4.0245
2016-01-11 00:00:00,40.37,351.75,82.3,15.2,5.3,4.0537
2016-01-12 00:00:00,41.74,356.75,82.3,15.2,5.3,4.029
2016-01-13 00:00:00,42.6,358.0,82.3,15.2,5.3,4.0158
2016-01-14 00:00:00,43.44,358.0,82.3,15.2,5.3,3.9996
2016-01-15 00:00:00,43.36,363.25,82.3,15.2,5.3,4.0479
2016-01-18 00:00:00,43.28,363.25,82.3,15.2,5.3,4.0557
2016-01-19 00:00:00,43.21,367.75,82.3,15.2,5.3,4.0626
2016-01-20 00:00:00,43.31,368.75,82.3,15.2,5.3,4.0971
2016-01-21 00:00:00,43.46,367.0,82.3,15.2,5.3,4.1575
2016-01-22 00:00:00,43.27,370.25,82.3,15.2,5.3,4.0945
2016-01-25 00:00:00,42.84,369.75,82.3,15.2,5.3,4.0903
2016-01-26 00:00:00,42.92,369.25,82.3,15.2,5.3,4.0536
2016-01-27 00:00:00,42.85,369.25,82.3,15.2,5.3,4.1077
2016-01-28 00:00:00,42.71,365.5,82.3,15.2,5.3,4.0699
2016-01-29 00:00:00,42.27,372.0,82.3,15.2,5.3,3.9988
2016-02-01 00:00:00,42.54,371.25,83.3,15.3,5.4,3.9629
2016-02-02 00:00:00,42.35,372.5,83.3,15.3,5.4,3.9895
2016-02-03 00:00:00,42.64,371.0,83.3,15.3,5.4,3.8954
2016-02-04 00:00:00,42.49,368.5,83.3,15.3,5.4,3.8897
2016-02-05 00:00:00,42.33,365.75,83.3,15.3,5.4,3.9035
2016-02-10 00:00:00,42.68,360.25,83.3,15.3,5.4,3.9285
2016-02-11 00:00:00,42.84,360.25,83.3,15.3,5.4,3.9946
2016-02-12 00:00:00,42.93,358.75,83.3,15.3,5.4,4.0027
2016-02-16 00:00:00,42.97,363.0,83.3,15.3,5.4,4.0723
2016-02-17 00:00:00,42.86,367.25,83.3,15.3,5.4,3.9851
2016-02-18 00:00:00,42.96,365.5,83.3,15.3,5.4,4.0284
2016-02-19 00:00:00,43.26,365.5,83.3,15.3,5.4,4.0214
2016-02-22 00:00:00,43.05,367.5,83.3,15.3,5.4,3.9473
2016-02-23 00:00:00,43.2,362.0,83.3,15.3,5.4,3.9569
2016-02-24 00:00:00,43.53,359.75,83.3,15.3,5.4,3.9591
2016-02-25 00:00:00,43.72,355.5,83.3,15.3,5.4,3.956
2016-02-26 00:00:00,43.73,354.5,83.3,15.3,5.4,3.9933
2016-02-29 00:00:00,43.63,353.5,83.3,15.3,5.4,4.0171
2016-03-01 00:00:00,44.19,353.75,83.5,15.4,5.4,3.9275
2016-03-02 00:00:00,44.69,354.5,83.5,15.4,5.4,3.8932
2016-03-03 00:00:00,45.01,353.75,83.5,15.4,5.4,3.7991
2016-03-04 00:00:00,44.91,354.5,83.5,15.4,5.4,3.7593
2016-03-07 00:00:00,45.2,355.0,83.5,15.4,5.4,3.783
2016-03-08 00:00:00,45.88,358.75,83.5,15.4,5.4,3.7556
2016-03-09 00:00:00,46.35,359.0,83.5,15.4,5.4,3.6849
2016-03-10 00:00:00,47.71,362.5,83.5,15.4,5.4,3.6215
2016-03-11 00:00:00,47.49,366.0,83.5,15.4,5.4,3.582
2016-03-14 00:00:00,47.85,366.75,83.5,15.4,5.4,3.6618
2016-03-15 00:00:00,48.5,368.5,83.5,15.4,5.4,3.7656
2016-03-16 00:00:00,48.77,368.25,83.5,15.4,5.4,3.7422
2016-03-17 00:00:00,48.7,368.5,83.5,15.4,5.4,3.6267
2016-03-18 00:00:00,48.95,367.0,83.5,15.4,5.4,3.624
2016-03-21 00:00:00,49.1,369.5,83.5,15.4,5.4,3.6178
2016-03-22 00:00:00,49.8,370.0,83.5,15.4,5.4,3.5812
2016-03-23 00:00:00,49.75,368.5,83.5,15.4,5.4,3.6854
2016-03-24 00:00:00,49.46,370.0,83.5,15.4,5.4,3.6771
2016-03-28 00:00:00,49.85,370.5,83.5,15.4,5.4,3.6278
2016-03-29 00:00:00,49.85,373.0,83.5,15.4,5.4,3.6386
2016-03-30 00:00:00,49.6,367.0,83.5,15.4,5.4,3.6002
2016-03-31 00:00:00,49.68,351.5,83.5,15.4,5.4,3.5935
2016-04-01 00:00:00,49.91,354.0,84.6,15.6,5.4,3.5538
2016-04-04 00:00:00,49.53,354.5,84.6,15.6,5.4,3.624
2016-04-05 00:00:00,49.34,356.75,84.6,15.6,5.4,3.6805
2016-04-06 00:00:00,49.35,358.0,84.6,15.6,5.4,3.6413
2016-04-07 00:00:00,49.33,361.5,84.6,15.6,5.4,3.6905
2016-04-08 00:00:00,49.4,362.25,84.6,15.6,5.4,3.5901
2016-04-11 00:00:00,48.95,356.75,84.6,15.6,5.4,3.4924
2016-04-12 00:00:00,48.98,362.75,84.6,15.6,5.4,3.4928
2016-04-13 00:00:00,48.97,373.5,84.6,15.6,5.4,3.4983
2016-04-14 00:00:00,48.63,374.0,84.6,15.6,5.4,3.4838
2016-04-15 00:00:00,48.27,378.5,84.6,15.6,5.4,3.5332
2016-04-18 00:00:00,48.5,381.0,84.6,15.6,5.4,3.6155
2016-04-19 00:00:00,48.72,384.5,84.6,15.6,5.4,3.5341
2016-04-20 00:00:00,48.61,394.75,84.6,15.6,5.4,3.5299
2016-04-22 00:00:00,48.8,371.75,84.6,15.6,5.4,3.5646
2016-04-25 00:00:00,48.37,377.0,84.6,15.6,5.4,3.5558
2016-04-26 00:00:00,48.82,382.25,84.6,15.6,5.4,3.5297
2016-04-27 00:00:00,48.54,380.75,84.6,15.6,5.4,3.5267
2016-04-28 00:00:00,48.7,387.0,84.6,15.6,5.4,3.4878
2016-04-29 00:00:00,48.65,390.25,84.6,15.6,5.4,3.4358
2016-05-02 00:00:00,49.2,390.25,79.9,15.6,5.1,3.5011
2016-05-03 00:00:00,49.39,378.25,79.9,15.6,5.1,3.5599
2016-05-04 00:00:00,49.45,373.25,79.9,15.6,5.1,3.5473
2016-05-05 00:00:00,49.68,371.75,79.9,15.6,5.1,3.5349
2016-05-06 00:00:00,50.01,376.0,79.9,15.6,5.1,3.5023
2016-05-09 00:00:00,49.97,367.75,79.9,15.6,5.1,3.5164
2016-05-10 00:00:00,50.04,378.5,79.9,15.6,5.1,3.4758
2016-05-11 00:00:00,50.43,374.0,79.9,15.6,5.1,3.4528
2016-05-12 00:00:00,51.03,385.25,79.9,15.6,5.1,3.4855
2016-05-13 00:00:00,51.7,382.0,79.9,15.6,5.1,3.534
2016-05-16 00:00:00,51.55,394.0,79.9,15.6,5.1,3.5001
2016-05-17 00:00:00,51.81,397.0,79.9,15.6,5.1,3.4888
2016-05-18 00:00:00,52.82,399.5,79.9,15.6,5.1,3.5683
2016-05-19 00:00:00,52.79,390.0,79.9,15.6,5.1,3.5644
2016-05-20 00:00:00,52.91,394.5,79.9,15.6,5.1,3.5202
2016-05-23 00:00:00,52.81,397.75,79.9,15.6,5.1,3.5728
2016-05-24 00:00:00,53.02,397.5,79.9,15.6,5.1,3.5713
2016-05-25 00:00:00,53.07,404.75,79.9,15.6,5.1,3.5836
2016-05-27 00:00:00,52.97,412.75,79.9,15.6,5.1,3.6116
2016-05-31 00:00:00,53.15,404.75,79.9,15.6,5.1,3.6111
2016-06-01 00:00:00,53.21,413.75,76.2,15.7,4.8,3.6007
2016-06-02 00:00:00,53.91,415.25,76.2,15.7,4.8,3.5926
2016-06-03 00:00:00,53.81,418.25,76.2,15.7,4.8,3.524
2016-06-06 00:00:00,53.21,427.25,76.2,15.7,4.8,3.4896
2016-06-07 00:00:00,53.26,427.75,76.2,15.7,4.8,3.4421
2016-06-08 00:00:00,53.38,431.25,76.2,15.7,4.8,3.363
2016-06-09 00:00:00,53.56,426.5,76.2,15.7,4.8,3.401
2016-06-10 00:00:00,53.37,423.0,76.2,15.7,4.8,3.4188
2016-06-13 00:00:00,53.29,430.0,76.2,15.7,4.8,3.4827
2016-06-14 00:00:00,52.8,436.5,76.2,15.7,4.8,3.4812
2016-06-15 00:00:00,52.04,429.0,76.2,15.7,4.8,3.4741
2016-06-16 00:00:00,51.95,425.25,76.2,15.7,4.8,3.4661
2016-06-17 00:00:00,50.62,437.75,76.2,15.7,4.8,3.4163
2016-06-20 00:00:00,48.4,421.25,76.2,15.7,4.8,3.3945
2016-06-21 00:00:00,46.05,396.25,76.2,15.7,4.8,3.4158
2016-06-22 00:00:00,44.47,393.0,76.2,15.7,4.8,3.377
2016-06-23 00:00:00,43.2,387.25,76.2,15.7,4.8,3.339
2016-06-24 00:00:00,42.64,384.5,76.2,15.7,4.8,3.3739
2016-06-27 00:00:00,42.64,385.25,76.2,15.7,4.8,3.3926
2016-06-28 00:00:00,42.2,385.25,76.2,15.7,4.8,3.3029
2016-06-29 00:00:00,41.36,372.75,76.2,15.7,4.8,3.222
2016-06-30 00:00:00,41.28,358.75,76.2,15.7,4.8,3.2134
2016-07-01 00:00:00,41.12,353.0,69.1,15.6,4.3,3.2361
2016-07-05 00:00:00,41.32,344.0,69.1,15.6,4.3,3.3024
2016-07-06 00:00:00,41.12,335.75,69.1,15.6,4.3,3.33
2016-07-07 00:00:00,41.86,335.5,69.1,15.6,4.3,3.3678
2016-07-08 00:00:00,41.65,349.75,69.1,15.6,4.3,3.3006
2016-07-11 00:00:00,41.23,343.75,69.1,15.6,4.3,3.3094
2016-07-12 00:00:00,41.72,349.75,69.1,15.6,4.3,3.296
2016-07-13 00:00:00,42.48,365.75,69.1,15.6,4.3,3.2637
2016-07-14 00:00:00,43.21,362.25,69.1,15.6,4.3,3.2511
2016-07-15 00:00:00,43.86,352.25,69.1,15.6,4.3,3.282
2016-07-18 00:00:00,44.97,357.0,69.1,15.6,4.3,3.2532
2016-07-19 00:00:00,45.91,341.75,69.1,15.6,4.3,3.249
2016-07-20 00:00:00,46.73,337.5,69.1,15.6,4.3,3.2591
2016-07-21 00:00:00,47.3,334.25,69.1,15.6,4.3,3.2722
2016-07-22 00:00:00,47.39,335.0,69.1,15.6,4.3,3.2565
2016-07-25 00:00:00,47.48,334.75,69.1,15.6,4.3,3.286
2016-07-26 00:00:00,48.05,332.5,69.1,15.6,4.3,3.2768
2016-07-27 00:00:00,47.89,335.75,69.1,15.6,4.3,3.2637
2016-07-28 00:00:00,47.84,331.25,69.1,15.6,4.3,3.2892
2016-07-29 00:00:00,48.21,334.5,69.1,15.6,4.3,3.2486
2016-08-01 00:00:00,48.55,325.75,68.4,15.8,4.3,3.2649
2016-08-02 00:00:00,48.09,324.25,68.4,15.8,4.3,3.2571
2016-08-03 00:00:00,47.36,325.0,68.4,15.8,4.3,3.2377
2016-08-04 00:00:00,47.44,320.75,68.4,15.8,4.3,3.1938
2016-08-05 00:00:00,47.08,324.25,68.4,15.8,4.3,3.166
2016-08-08 00:00:00,46.89,325.25,68.4,15.8,4.3,3.1749
2016-08-09 00:00:00,46.56,322.25,68.4,15.8,4.3,3.1456
2016-08-10 00:00:00,46.37,322.5,68.4,15.8,4.3,3.1271
2016-08-11 00:00:00,45.9,321.0,68.4,15.8,4.3,3.145
2016-08-12 00:00:00,45.78,322.25,68.4,15.8,4.3,3.1925
2016-08-15 00:00:00,45.43,326.5,68.4,15.8,4.3,3.1862
2016-08-16 00:00:00,44.83,327.5,68.4,15.8,4.3,3.2027
2016-08-17 00:00:00,44.98,330.25,68.4,15.8,4.3,3.2037
2016-08-18 00:00:00,44.6,332.0,68.4,15.8,4.3,3.2393
2016-08-19 00:00:00,44.63,334.25,68.4,15.8,4.3,3.2038
2016-08-22 00:00:00,44.44,333.25,68.4,15.8,4.3,3.2014
2016-08-23 00:00:00,44.58,328.5,68.4,15.8,4.3,3.2338
2016-08-24 00:00:00,44.37,327.5,68.4,15.8,4.3,3.2257
2016-08-25 00:00:00,44.38,323.5,68.4,15.8,4.3,3.2367
2016-08-26 00:00:00,43.71,316.25,68.4,15.8,4.3,3.2655
2016-08-29 00:00:00,43.32,311.75,68.4,15.8,4.3,3.2298
2016-08-30 00:00:00,42.86,304.0,68.4,15.8,4.3,3.2419
2016-08-31 00:00:00,42.71,301.5,68.4,15.8,4.3,3.2273
2016-09-01 00:00:00,42.4,311.0,66.9,15.9,4.2,3.2582
2016-09-02 00:00:00,42.96,316.5,66.9,15.9,4.2,3.2568
2016-09-06 00:00:00,42.76,316.75,66.9,15.9,4.2,3.1953
2016-09-08 00:00:00,41.92,327.0,66.9,15.9,4.2,3.2143
2016-09-09 00:00:00,42.14,330.0,66.9,15.9,4.2,3.2735
2016-09-12 00:00:00,41.97,329.25,66.9,15.9,4.2,3.2458
2016-09-13 00:00:00,42.15,319.25,66.9,15.9,4.2,3.3138
2016-09-14 00:00:00,42.25,322.25,66.9,15.9,4.2,3.3426
2016-09-15 00:00:00,42.55,330.0,66.9,15.9,4.2,3.3024
2016-09-16 00:00:00,42.78,337.0,66.9,15.9,4.2,3.2622
2016-09-19 00:00:00,42.31,337.25,66.9,15.9,4.2,3.2731
2016-09-20 00:00:00,42.06,340.5,66.9,15.9,4.2,3.2589
2016-09-21 00:00:00,41.97,340.0,66.9,15.9,4.2,3.2071
2016-09-22 00:00:00,41.29,336.75,66.9,15.9,4.2,3.2208
2016-09-23 00:00:00,40.96,336.5,66.9,15.9,4.2,3.245
2016-09-26 00:00:00,40.47,329.0,66.9,15.9,4.2,3.2401
2016-09-27 00:00:00,40.77,331.75,66.9,15.9,4.2,3.2346
2016-09-28 00:00:00,40.88,329.25,66.9,15.9,4.2,3.2167
2016-09-29 00:00:00,41.1,329.25,66.9,15.9,4.2,3.2595
2016-09-30 00:00:00,41.53,336.75,66.9,15.9,4.2,3.2603
2016-10-03 00:00:00,41.89,346.0,83.1,16.0,5.1,3.2105
2016-10-04 00:00:00,42.7,348.25,83.1,16.0,5.1,3.2578
2016-10-05 00:00:00,43.24,347.75,83.1,16.0,5.1,3.2202
2016-10-06 00:00:00,43.75,340.5,83.1,16.0,5.1,3.2298
2016-10-07 00:00:00,43.64,339.75,83.1,16.0,5.1,3.2204
2016-10-10 00:00:00,43.78,343.25,83.1,16.0,5.1,3.2065
2016-10-11 00:00:00,43.71,345.5,83.1,16.0,5.1,3.1953
2016-10-13 00:00:00,43.74,349.5,83.1,16.0,5.1,3.178
2016-10-14 00:00:00,43.48,354.25,83.1,16.0,5.1,3.2051
2016-10-17 00:00:00,43.03,354.0,83.1,16.0,5.1,3.2022
2016-10-18 00:00:00,42.57,353.75,83.1,16.0,5.1,3.1888
2016-10-19 00:00:00,42.14,357.5,83.1,16.0,5.1,3.1697
2016-10-20 00:00:00,41.73,351.0,83.1,16.0,5.1,3.1433
2016-10-21 00:00:00,41.1,352.5,83.1,16.0,5.1,3.1511
2016-10-24 00:00:00,40.4,348.25,83.1,16.0,5.1,3.1246
2016-10-25 00:00:00,40.09,349.25,83.1,16.0,5.1,3.1151
2016-10-26 00:00:00,39.98,354.0,83.1,16.0,5.1,3.1409
2016-10-27 00:00:00,40.16,357.5,83.1,16.0,5.1,3.1701
2016-10-28 00:00:00,40.32,355.0,83.1,16.0,5.1,3.2065
2016-10-31 00:00:00,40.86,354.75,83.1,16.0,5.1,3.1893
2016-11-01 00:00:00,40.83,349.0,84.6,16.1,5.2,3.2367
2016-11-03 00:00:00,40.84,348.0,84.6,16.1,5.2,3.2425
2016-11-04 00:00:00,40.61,348.75,84.6,16.1,5.2,3.2337
2016-11-07 00:00:00,40.39,346.25,84.6,16.1,5.2,3.202
2016-11-08 00:00:00,39.86,354.25,84.6,16.1,5.2,3.1695
2016-11-09 00:00:00,39.51,340.75,84.6,16.1,5.2,3.2172
2016-11-10 00:00:00,39.12,343.5,84.6,16.1,5.2,3.3864
2016-11-11 00:00:00,39.33,340.25,84.6,16.1,5.2,3.3915
2016-11-14 00:00:00,39.53,337.25,84.6,16.1,5.2,3.4331
2016-11-16 00:00:00,40.15,338.5,84.6,16.1,5.2,3.42
2016-11-17 00:00:00,39.72,342.0,84.6,16.1,5.2,3.4193
2016-11-18 00:00:00,39.03,345.5,84.6,16.1,5.2,3.3835
2016-11-21 00:00:00,37.93,349.75,84.6,16.1,5.2,3.3525
2016-11-22 00:00:00,37.59,351.0,84.6,16.1,5.2,3.355
2016-11-23 00:00:00,37.46,350.75,84.6,16.1,5.2,3.3945
2016-11-25 00:00:00,36.64,349.25,84.6,16.1,5.2,3.4223
2016-11-28 00:00:00,36.85,348.5,84.6,16.1,5.2,3.3859
2016-11-29 00:00:00,36.43,336.75,84.6,16.1,5.2,3.399
2016-11-30 00:00:00,36.49,336.75,84.6,16.1,5.2,3.3842
2016-12-01 00:00:00,36.54,331.75,83.8,16.0,5.2,3.4718
2016-12-02 00:00:00,36.53,337.5,83.8,16.0,5.2,3.4755
2016-12-05 00:00:00,36.79,349.5,83.8,16.0,5.2,3.4215
2016-12-06 00:00:00,37.3,351.0,83.8,16.0,5.2,3.408
2016-12-07 00:00:00,37.48,350.5,83.8,16.0,5.2,3.383
2016-12-08 00:00:00,38.2,346.5,83.8,16.0,5.2,3.3755
2016-12-09 00:00:00,37.91,352.5,83.8,16.0,5.2,3.3785
2016-12-12 00:00:00,38.36,354.5,83.8,16.0,5.2,3.3388
2016-12-13 00:00:00,39.05,356.25,83.8,16.0,5.2,3.3355
2016-12-14 00:00:00,38.8,351.75,83.8,16.0,5.2,3.3705
2016-12-15 00:00:00,38.63,356.5,83.8,16.0,5.2,3.3695
2016-12-16 00:00:00,38.87,356.25,83.8,16.0,5.2,3.392
2016-12-19 00:00:00,39.36,353.25,83.8,16.0,5.2,3.365
2016-12-20 00:00:00,39.34,350.25,83.8,16.0,5.2,3.3546
2016-12-21 00:00:00,38.84,347.25,83.8,16.0,5.2,3.327
2016-12-22 00:00:00,39.07,347.25,83.8,16.0,5.2,3.2875
2016-12-23 00:00:00,38.8,345.75,83.8,16.0,5.2,3.271
2016-12-27 00:00:00,38.8,355.0,83.8,16.0,5.2,3.2712
2016-12-28 00:00:00,38.51,348.25,83.8,16.0,5.2,3.2845
2016-12-29 00:00:00,38.17,349.75,83.8,16.0,5.2,3.2547
2017-01-03 00:00:00,37.94,355.75,84.4,16.0,5.2,3.2652
2017-01-04 00:00:00,37.25,359.75,84.4,16.0,5.2,3.2163
2017-01-05 00:00:00,36.9,361.25,84.4,16.0,5.2,3.1991
2017-01-06 00:00:00,36.3,358.0,84.4,16.0,5.2,3.2241
2017-01-09 00:00:00,35.75,360.0,84.4,16.0,5.2,3.1969
2017-01-10 00:00:00,34.77,358.25,84.4,16.0,5.2,3.1961
2017-01-11 00:00:00,34.4,357.25,84.4,16.0,5.2,3.1975
2017-01-12 00:00:00,34.39,358.25,84.4,16.0,5.2,3.1881
2017-01-13 00:00:00,34.17,358.5,84.4,16.0,5.2,3.2213
2017-01-17 00:00:00,34.52,365.5,84.4,16.0,5.2,3.2115
2017-01-18 00:00:00,35.11,365.0,84.4,16.0,5.2,3.2309
2017-01-19 00:00:00,35.05,366.25,84.4,16.0,5.2,3.1965
2017-01-20 00:00:00,35.59,369.75,84.4,16.0,5.2,3.169
2017-01-23 00:00:00,36.33,369.5,84.4,16.0,5.2,3.1633
2017-01-24 00:00:00,36.39,363.25,84.4,16.0,5.2,3.1702
2017-01-25 00:00:00,36.5,366.25,84.4,16.0,5.2,3.1702
2017-01-26 00:00:00,36.61,363.75,84.4,16.0,5.2,3.178
2017-01-27 00:00:00,36.66,362.5,84.4,16.0,5.2,3.141
2017-01-30 00:00:00,36.55,357.75,84.4,16.0,5.2,3.127
2017-01-31 00:00:00,36.4,359.75,84.4,16.0,5.2,3.1509
2017-02-01 00:00:00,36.06,368.25,87.4,16.5,5.2,3.1295
2017-02-02 00:00:00,35.94,367.5,87.4,16.5,5.2,3.124
2017-02-03 00:00:00,36.41,365.25,87.4,16.5,5.2,3.1176
2017-02-06 00:00:00,36.34,363.75,87.4,16.5,5.2,3.116
2017-02-07 00:00:00,36.02,368.5,87.4,16.5,5.2,3.1205
2017-02-08 00:00:00,36.37,370.75,87.4,16.5,5.2,3.1175
2017-02-09 00:00:00,36.42,369.5,87.4,16.5,5.2,3.1301
2017-02-10 00:00:00,36.57,374.5,87.4,16.5,5.2,3.1157
2017-02-13 00:00:00,36.54,375.5,87.4,16.5,5.2,3.1115
2017-02-14 00:00:00,36.36,374.25,87.4,16.5,5.2,3.085
2017-02-15 00:00:00,36.04,378.75,87.4,16.5,5.2,3.0575
2017-02-16 00:00:00,36.13,373.5,87.4,16.5,5.2,3.0892
2017-02-17 00:00:00,36.06,368.25,87.4,16.5,5.2,3.1048
2017-02-21 00:00:00,36.02,369.25,87.4,16.5,5.2,3.0951
2017-02-22 00:00:00,36.39,371.0,87.4,16.5,5.2,3.064
2017-02-23 00:00:00,36.1,365.5,87.4,16.5,5.2,3.0595
2017-02-24 00:00:00,36.1,364.0,87.4,16.5,5.2,3.111
2017-03-01 00:00:00,35.96,375.75,88.9,16.7,5.3,3.09
2017-03-02 00:00:00,36.11,372.75,88.9,16.7,5.3,3.1565
2017-03-03 00:00:00,36.25,374.75,88.9,16.7,5.3,3.1158
2017-03-06 00:00:00,35.95,372.75,88.9,16.7,5.3,3.1386
2017-03-07 00:00:00,35.89,369.5,88.9,16.7,5.3,3.1195
2017-03-08 00:00:00,35.48,365.25,88.9,16.7,5.3,3.1631
2017-03-09 00:00:00,35.53,359.75,88.9,16.7,5.3,3.1932
2017-03-10 00:00:00,35.44,358.0,88.9,16.7,5.3,3.1395
2017-03-13 00:00:00,34.85,354.5,88.9,16.7,5.3,3.153
2017-03-14 00:00:00,35.33,353.75,88.9,16.7,5.3,3.1685
2017-03-15 00:00:00,35.11,363.5,88.9,16.7,5.3,3.1037
2017-03-16 00:00:00,35.01,366.0,88.9,16.7,5.3,3.1185
2017-03-17 00:00:00,34.64,367.5,88.9,16.7,5.3,3.0918
2017-03-20 00:00:00,34.32,363.5,88.9,16.7,5.3,3.0726
2017-03-21 00:00:00,33.19,361.25,88.9,16.7,5.3,3.0884
2017-03-22 00:00:00,32.8,358.75,88.9,16.7,5.3,3.088
2017-03-23 00:00:00,31.74,356.75,88.9,16.7,5.3,3.1395
2017-03-24 00:00:00,31.63,356.25,88.9,16.7,5.3,3.1086
2017-03-27 00:00:00,30.46,355.75,88.9,16.7,5.3,3.1265
2017-03-28 00:00:00,30.42,357.75,88.9,16.7,5.3,3.1412
2017-03-29 00:00:00,30.16,358.5,88.9,16.7,5.3,3.1199
2017-03-30 00:00:00,30.27,357.5,88.9,16.7,5.3,3.1496
2017-03-31 00:00:00,30.12,364.25,88.9,16.7,5.3,3.1233
2017-04-03 00:00:00,29.39,367.75,91.4,17.0,5.3,3.1147
2017-04-04 00:00:00,28.86,363.0,91.4,17.0,5.3,3.0939
2017-04-05 00:00:00,28.44,364.75,91.4,17.0,5.3,3.1203
2017-04-06 00:00:00,28.23,360.75,91.4,17.0,5.3,3.1427
2017-04-07 00:00:00,28.14,359.5,91.4,17.0,5.3,3.1462
2017-04-10 00:00:00,27.92,367.0,91.4,17.0,5.3,3.132
2017-04-11 00:00:00,27.51,366.5,91.4,17.0,5.3,3.1372
2017-04-12 00:00:00,27.53,369.0,91.4,17.0,5.3,3.1258
2017-04-13 00:00:00,27.8,371.0,91.4,17.0,5.3,3.1444
2017-04-17 00:00:00,27.86,366.5,91.4,17.0,5.3,3.0985
2017-04-18 00:00:00,28.56,361.75,91.4,17.0,5.3,3.108
2017-04-19 00:00:00,28.46,361.75,91.4,17.0,5.3,3.1522
2017-04-20 00:00:00,28.6,357.75,91.4,17.0,5.3,3.1486
2017-04-24 00:00:00,28.96,359.25,91.4,17.0,5.3,3.128
2017-04-25 00:00:00,28.52,365.0,91.4,17.0,5.3,3.1471
2017-04-26 00:00:00,28.56,359.0,91.4,17.0,5.3,3.1723
2017-04-27 00:00:00,28.23,362.0,91.4,17.0,5.3,3.1835
2017-04-28 00:00:00,28.17,358.0,91.4,17.0,5.3,3.1766
2017-05-02 00:00:00,27.91,364.0,92.8,17.2,5.3,3.1517
2017-05-03 00:00:00,28.24,366.25,92.8,17.2,5.3,3.1652
2017-05-04 00:00:00,28.51,358.0,92.8,17.2,5.3,3.1885
2017-05-05 00:00:00,28.25,361.75,92.8,17.2,5.3,3.1774
2017-05-08 00:00:00,28.22,356.75,92.8,17.2,5.3,3.198
2017-05-09 00:00:00,28.03,358.25,92.8,17.2,5.3,3.1902
2017-05-10 00:00:00,28.15,365.25,92.8,17.2,5.3,3.1678
2017-05-11 00:00:00,27.99,360.5,92.8,17.2,5.3,3.1403
2017-05-12 00:00:00,28.09,361.75,92.8,17.2,5.3,3.1218
2017-05-15 00:00:00,28.13,367.75,92.8,17.2,5.3,3.1113
2017-05-16 00:00:00,27.88,367.75,92.8,17.2,5.3,3.0964
2017-05-17 00:00:00,27.67,371.5,92.8,17.2,5.3,3.138
2017-05-18 00:00:00,27.8,366.0,92.8,17.2,5.3,3.371
2017-05-19 00:00:00,28.07,372.5,92.8,17.2,5.3,3.2529
2017-05-22 00:00:00,27.88,375.0,92.8,17.2,5.3,3.2656
2017-05-23 00:00:00,27.85,369.5,92.8,17.2,5.3,3.2705
2017-05-24 00:00:00,27.6,371.25,92.8,17.2,5.3,3.2784
2017-05-25 00:00:00,27.11,369.25,92.8,17.2,5.3,3.2736
2017-05-26 00:00:00,27.23,374.25,92.8,17.2,5.3,3.2601
2017-05-30 00:00:00,26.82,367.0,92.8,17.2,5.3,3.2577
2017-05-31 00:00:00,26.49,372.0,92.8,17.2,5.3,3.2266
2017-06-01 00:00:00,26.52,370.5,93.8,17.3,5.4,3.2506
2017-06-02 00:00:00,26.48,372.75,93.8,17.3,5.4,3.2483
2017-06-05 00:00:00,26.61,373.0,93.8,17.3,5.4,3.2969
2017-06-06 00:00:00,26.84,377.25,93.8,17.3,5.4,3.2778
2017-06-07 00:00:00,26.79,384.75,93.8,17.3,5.4,3.2695
2017-06-08 00:00:00,27.19,385.75,93.8,17.3,5.4,3.2617
2017-06-09 00:00:00,27.35,387.75,93.8,17.3,5.4,3.2971
2017-06-12 00:00:00,27.12,377.25,93.8,17.3,5.4,3.3181
2017-06-13 00:00:00,27.25,381.0,93.8,17.3,5.4,3.3154
2017-06-14 00:00:00,27.09,377.0,93.8,17.3,5.4,3.2742
2017-06-16 00:00:00,27.11,384.0,93.8,17.3,5.4,3.2933
2017-06-19 00:00:00,27.21,375.25,93.8,17.3,5.4,3.2828
2017-06-20 00:00:00,27.24,370.0,93.8,17.3,5.4,3.327
2017-06-21 00:00:00,27.03,368.75,93.8,17.3,5.4,3.3363
2017-06-22 00:00:00,26.84,362.75,93.8,17.3,5.4,3.3425
2017-06-23 00:00:00,26.82,357.75,93.8,17.3,5.4,3.343
2017-06-26 00:00:00,26.39,359.0,93.8,17.3,5.4,3.2963
2017-06-27 00:00:00,26.36,359.25,93.8,17.3,5.4,3.3135
2017-06-28 00:00:00,26.23,356.75,93.8,17.3,5.4,3.2805
2017-06-29 00:00:00,25.89,359.75,93.8,17.3,5.4,3.3043
2017-06-30 00:00:00,25.49,370.5,93.8,17.3,5.4,3.3072
2017-07-03 00:00:00,26.1,378.0,96.0,17.3,5.5,3.3015
2017-07-05 00:00:00,26.71,381.75,96.0,17.3,5.5,3.2889
2017-07-06 00:00:00,26.66,380.25,96.0,17.3,5.5,3.2962
2017-07-07 00:00:00,26.8,382.25,96.0,17.3,5.5,3.2813
2017-07-10 00:00:00,26.86,391.75,96.0,17.3,5.5,3.2557
2017-07-11 00:00:00,27.22,392.25,96.0,17.3,5.5,3.2548
2017-07-12 00:00:00,27.05,376.25,96.0,17.3,5.5,3.2079
2017-07-13 00:00:00,26.64,361.0,96.0,17.3,5.5,3.2138
2017-07-14 00:00:00,26.26,365.25,96.0,17.3,5.5,3.1799
2017-07-17 00:00:00,26.38,375.0,96.0,17.3,5.5,3.1833
2017-07-18 00:00:00,26.66,377.0,96.0,17.3,5.5,3.1545
2017-07-19 00:00:00,26.77,382.5,96.0,17.3,5.5,3.149
2017-07-20 00:00:00,26.63,391.0,96.0,17.3,5.5,3.1208
2017-07-21 00:00:00,26.41,379.75,96.0,17.3,5.5,3.1418
2017-07-24 00:00:00,25.92,377.25,96.0,17.3,5.5,3.147
2017-07-25 00:00:00,25.77,368.75,96.0,17.3,5.5,3.1726
2017-07-26 00:00:00,25.49,372.75,96.0,17.3,5.5,3.1387
2017-07-27 00:00:00,25.55,374.25,96.0,17.3,5.5,3.153
2017-07-28 00:00:00,25.4,374.25,96.0,17.3,5.5,3.1319
2017-07-31 00:00:00,25.44,370.75,96.0,17.3,5.5,3.1264
2017-08-01 00:00:00,25.36,362.5,97.1,17.4,5.5,3.1265
2017-08-02 00:00:00,25.31,365.0,97.1,17.4,5.5,3.1137
2017-08-03 00:00:00,25.2,363.5,97.1,17.4,5.5,3.1126
2017-08-04 00:00:00,25.76,366.5,97.1,17.4,5.5,3.1313
2017-08-07 00:00:00,26.0,372.25,97.1,17.4,5.5,3.1265
2017-08-08 00:00:00,25.88,369.75,97.1,17.4,5.5,3.1269
2017-08-09 00:00:00,25.99,372.25,97.1,17.4,5.5,3.1559
2017-08-10 00:00:00,26.14,357.25,97.1,17.4,5.5,3.1757
2017-08-11 00:00:00,26.33,360.75,97.1,17.4,5.5,3.1938
2017-08-14 00:00:00,26.48,362.75,97.1,17.4,5.5,3.189
2017-08-15 00:00:00,27.05,355.25,97.1,17.4,5.5,3.1695
2017-08-16 00:00:00,27.48,352.5,97.1,17.4,5.5,3.1524
2017-08-17 00:00:00,27.64,350.5,97.1,17.4,5.5,3.1751
2017-08-18 00:00:00,27.96,352.0,97.1,17.4,5.5,3.1465
2017-08-21 00:00:00,27.83,349.0,97.1,17.4,5.5,3.1645
2017-08-22 00:00:00,27.57,346.0,97.1,17.4,5.5,3.1611
2017-08-23 00:00:00,27.42,342.0,97.1,17.4,5.5,3.1414
2017-08-24 00:00:00,26.98,342.0,97.1,17.4,5.5,3.1481
2017-08-25 00:00:00,26.94,338.75,97.1,17.4,5.5,3.1603
2017-08-28 00:00:00,26.95,336.0,97.1,17.4,5.5,3.167
2017-08-29 00:00:00,26.8,333.5,97.1,17.4,5.5,3.1652
2017-08-30 00:00:00,26.93,329.5,97.1,17.4,5.5,3.1603
2017-08-31 00:00:00,27.3,342.25,97.1,17.4,5.5,3.1479
2017-09-01 00:00:00,27.35,340.0,97.7,17.5,5.5,3.1416
2017-09-05 00:00:00,27.95,344.25,97.7,17.5,5.5,3.1174
2017-09-06 00:00:00,28.09,347.0,97.7,17.5,5.5,3.1004
2017-09-08 00:00:00,28.13,344.25,97.7,17.5,5.5,3.0867
2017-09-11 00:00:00,28.39,345.5,97.7,17.5,5.5,3.1029
2017-09-12 00:00:00,28.36,340.0,97.7,17.5,5.5,3.1252
2017-09-13 00:00:00,28.45,338.5,97.7,17.5,5.5,3.1353
2017-09-14 00:00:00,28.83,341.75,97.7,17.5,5.5,3.119
2017-09-15 00:00:00,28.86,354.75,97.7,17.5,5.5,3.1085
2017-09-18 00:00:00,28.98,351.5,97.7,17.5,5.5,3.1368
2017-09-19 00:00:00,29.09,348.25,97.7,17.5,5.5,3.1351
2017-09-20 00:00:00,29.98,350.0,97.7,17.5,5.5,3.1325
2017-09-21 00:00:00,30.41,350.25,97.7,17.5,5.5,3.1377
2017-09-22 00:00:00,30.64,353.5,97.7,17.5,5.5,3.125
2017-09-25 00:00:00,30.51,353.75,97.7,17.5,5.5,3.1599
2017-09-26 00:00:00,30.17,352.25,97.7,17.5,5.5,3.1666
2017-09-27 00:00:00,30.05,354.0,97.7,17.5,5.5,3.1932
2017-09-28 00:00:00,29.94,352.5,97.7,17.5,5.5,3.1825
2017-09-29 00:00:00,30.04,355.25,97.7,17.5,5.5,3.1619
2017-10-02 00:00:00,30.39,351.5,92.3,17.1,5.4,3.1545
2017-10-03 00:00:00,29.71,349.5,92.3,17.1,5.4,3.1427
2017-10-04 00:00:00,29.59,348.25,92.3,17.1,5.4,3.1351
2017-10-05 00:00:00,29.66,349.5,92.3,17.1,5.4,3.1545
2017-10-06 00:00:00,30.39,350.0,92.3,17.1,5.4,3.1561
2017-10-09 00:00:00,30.83,349.5,92.3,17.1,5.4,3.1888
2017-10-10 00:00:00,31.17,349.25,92.3,17.1,5.4,3.1795
2017-10-11 00:00:00,31.29,346.0,92.3,17.1,5.4,3.1724
2017-10-13 00:00:00,31.27,352.75,92.3,17.1,5.4,3.1452
2017-10-16 00:00:00,31.71,350.5,92.3,17.1,5.4,3.1712
2017-10-17 00:00:00,31.81,350.0,92.3,17.1,5.4,3.158
2017-10-18 00:00:00,31.75,348.5,92.3,17.1,5.4,3.1711
2017-10-19 00:00:00,31.44,349.0,92.3,17.1,5.4,3.1671
2017-10-20 00:00:00,31.73,344.5,92.3,17.1,5.4,3.1926
2017-10-23 00:00:00,32.04,351.25,92.3,17.1,5.4,3.2378
2017-10-24 00:00:00,32.02,352.75,92.3,17.1,5.4,3.2435
2017-10-25 00:00:00,32.16,351.0,92.3,17.1,5.4,3.2332
2017-10-26 00:00:00,31.47,350.5,92.3,17.1,5.4,3.2906
2017-10-27 00:00:00,31.76,348.75,92.3,17.1,5.4,3.2363
2017-10-30 00:00:00,31.99,348.75,92.3,17.1,5.4,3.2891
2017-10-31 00:00:00,32.23,345.75,92.3,17.1,5.4,3.2727
2017-11-01 00:00:00,32.89,348.25,92.3,17.0,5.4,3.2677
2017-11-03 00:00:00,32.87,348.25,92.3,17.0,5.4,3.3144
2017-11-06 00:00:00,32.11,348.0,92.3,17.0,5.4,3.2495
2017-11-07 00:00:00,32.7,347.75,92.3,17.0,5.4,3.2714
2017-11-08 00:00:00,32.7,348.25,92.3,17.0,5.4,3.2548
2017-11-09 00:00:00,32.52,341.5,92.3,17.0,5.4,3.2521
2017-11-10 00:00:00,32.68,343.5,92.3,17.0,5.4,3.2779
2017-11-13 00:00:00,32.32,342.25,92.3,17.0,5.4,3.2794
2017-11-14 00:00:00,32.26,337.5,92.3,17.0,5.4,3.3131
2017-11-16 00:00:00,32.24,336.5,92.3,17.0,5.4,3.274
2017-11-17 00:00:00,32.05,343.0,92.3,17.0,5.4,3.2574
2017-11-20 00:00:00,31.76,345.0,92.3,17.0,5.4,3.2574
2017-11-21 00:00:00,31.38,345.0,92.3,17.0,5.4,3.2588
2017-11-22 00:00:00,30.98,345.25,92.3,17.0,5.4,3.2243
2017-11-24 00:00:00,30.86,342.25,92.3,17.0,5.4,3.233
2017-11-27 00:00:00,30.56,338.75,92.3,17.0,5.4,3.2278
2017-11-28 00:00:00,30.32,336.25,92.3,17.0,5.4,3.2131
2017-11-29 00:00:00,30.5,339.0,92.3,17.0,5.4,3.2461
2017-11-30 00:00:00,30.59,341.75,92.3,17.0,5.4,3.2727
2017-12-01 00:00:00,30.93,344.75,92.2,17.0,5.4,3.2581
2017-12-04 00:00:00,31.21,339.5,92.2,17.0,5.4,3.2442
2017-12-05 00:00:00,31.31,339.75,92.2,17.0,5.4,3.2418
2017-12-06 00:00:00,31.75,339.25,92.2,17.0,5.4,3.2357
2017-12-07 00:00:00,31.64,338.75,92.2,17.0,5.4,3.2907
2017-12-08 00:00:00,31.58,340.0,92.2,17.0,5.4,3.2919
2017-12-11 00:00:00,31.66,336.5,92.2,17.0,5.4,3.3048
2017-12-12 00:00:00,31.84,335.75,92.2,17.0,5.4,3.3065
2017-12-13 00:00:00,32.34,336.75,92.2,17.0,5.4,3.31
2017-12-14 00:00:00,32.04,336.25,92.2,17.0,5.4,3.3419
2017-12-15 00:00:00,32.36,347.5,92.2,17.0,5.4,3.2947
2017-12-18 00:00:00,32.56,347.0,92.2,17.0,5.4,3.2923
2017-12-19 00:00:00,33.08,347.5,92.2,17.0,5.4,3.29
2017-12-20 00:00:00,33.29,349.25,92.2,17.0,5.4,3.2979
2017-12-21 00:00:00,33.32,351.25,92.2,17.0,5.4,3.3084
2017-12-22 00:00:00,33.26,352.0,92.2,17.0,5.4,3.337
2017-12-26 00:00:00,33.53,352.75,92.2,17.0,5.4,3.3111
2017-12-27 00:00:00,33.71,353.75,92.2,17.0,5.4,3.315
2017-12-28 00:00:00,33.77,352.0,92.2,17.0,5.4,3.3125
2018-01-02 00:00:00,33.77,353.25,92.3,17.0,5.4,3.2591
2018-01-03 00:00:00,33.67,353.0,92.3,17.0,5.4,3.237
2018-01-04 00:00:00,33.61,351.0,92.3,17.0,5.4,3.2346
2018-01-05 00:00:00,33.31,351.25,92.3,17.0,5.4,3.2292
2018-01-08 00:00:00,33.12,347.25,92.3,17.0,5.4,3.2407
2018-01-09 00:00:00,32.64,349.0,92.3,17.0,5.4,3.2483
2018-01-10 00:00:00,32.71,349.0,92.3,17.0,5.4,3.2283
2018-01-11 00:00:00,32.42,348.75,92.3,17.0,5.4,3.2155
2018-01-12 00:00:00,32.82,346.25,92.3,17.0,5.4,3.2064
2018-01-16 00:00:00,31.85,348.25,92.3,17.0,5.4,3.2243
2018-01-17 00:00:00,32.19,353.0,92.3,17.0,5.4,3.2238
2018-01-18 00:00:00,32.28,351.5,92.3,17.0,5.4,3.2065
2018-01-19 00:00:00,32.33,352.5,92.3,17.0,5.4,3.1962
2018-01-22 00:00:00,32.62,352.0,92.3,17.0,5.4,3.2021
2018-01-23 00:00:00,32.57,351.25,92.3,17.0,5.4,3.237
2018-01-24 00:00:00,32.19,356.5,92.3,17.0,5.4,3.1465
2018-01-25 00:00:00,32.35,355.25,92.3,17.0,5.4,3.1485
2018-01-26 00:00:00,32.57,356.5,92.3,17.0,5.4,3.151
2018-01-29 00:00:00,32.58,358.75,92.3,17.0,5.4,3.155
2018-01-30 00:00:00,32.66,361.5,92.3,17.0,5.4,3.1812
2018-01-31 00:00:00,32.77,361.5,92.3,17.0,5.4,3.1859
2018-02-01 00:00:00,32.84,361.75,88.0,16.4,5.3,3.1669
2018-02-02 00:00:00,33.2,361.5,88.0,16.4,5.3,3.2181
2018-02-05 00:00:00,33.1,358.75,88.0,16.4,5.3,3.2625
2018-02-06 00:00:00,33.42,363.5,88.0,16.4,5.3,3.2348
2018-02-07 00:00:00,33.41,365.25,88.0,16.4,5.3,3.2714
2018-02-08 00:00:00,33.35,365.75,88.0,16.4,5.3,3.2858
2018-02-09 00:00:00,33.34,362.0,88.0,16.4,5.3,3.2942
2018-02-14 00:00:00,33.53,367.25,88.0,16.4,5.3,3.2174
2018-02-15 00:00:00,33.87,367.75,88.0,16.4,5.3,3.2279
2018-02-16 00:00:00,34.02,367.5,88.0,16.4,5.3,3.2312
2018-02-19 00:00:00,34.22,367.25,88.0,16.4,5.3,3.2346
2018-02-20 00:00:00,34.64,365.5,88.0,16.4,5.3,3.2557
2018-02-21 00:00:00,35.2,365.75,88.0,16.4,5.3,3.2692
2018-02-22 00:00:00,36.11,366.75,88.0,16.4,5.3,3.2502
2018-02-23 00:00:00,36.76,366.25,88.0,16.4,5.3,3.2379
2018-02-26 00:00:00,37.05,368.5,88.0,16.4,5.3,3.2258
2018-02-27 00:00:00,38.44,370.5,88.0,16.4,5.3,3.2516
2018-02-28 00:00:00,39.2,374.5,88.0,16.4,5.3,3.2462
2018-03-01 00:00:00,39.74,378.75,87.2,16.3,5.3,3.2515
2018-03-02 00:00:00,40.06,377.25,87.2,16.3,5.3,3.2528
2018-03-05 00:00:00,41.39,378.25,87.2,16.3,5.3,3.243
2018-03-06 00:00:00,41.02,379.75,87.2,16.3,5.3,3.2117
2018-03-07 00:00:00,40.98,379.25,87.2,16.3,5.3,3.2454
2018-03-08 00:00:00,41.32,385.75,87.2,16.3,5.3,3.2669
2018-03-09 00:00:00,41.42,383.0,87.2,16.3,5.3,3.2553
2018-03-12 00:00:00,42.28,384.25,87.2,16.3,5.3,3.2622
2018-03-13 00:00:00,42.92,385.5,87.2,16.3,5.3,3.2607
2018-03-14 00:00:00,42.93,383.5,87.2,16.3,5.3,3.2607
2018-03-15 00:00:00,42.28,386.75,87.2,16.3,5.3,3.2862
2018-03-16 00:00:00,41.45,382.75,87.2,16.3,5.3,3.2811
2018-03-19 00:00:00,41.5,375.0,87.2,16.3,5.3,3.2862
2018-03-20 00:00:00,41.62,374.5,87.2,16.3,5.3,3.3117
2018-03-21 00:00:00,41.72,375.0,87.2,16.3,5.3,3.2725
2018-03-22 00:00:00,41.6,376.0,87.2,16.3,5.3,3.3159
2018-03-23 00:00:00,41.02,377.25,87.2,16.3,5.3,3.3123
2018-03-26 00:00:00,41.27,374.0,87.2,16.3,5.3,3.3119
2018-03-27 00:00:00,41.06,374.0,87.2,16.3,5.3,3.3288
2018-03-28 00:00:00,40.75,373.5,87.2,16.3,5.3,3.3205
2018-03-29 00:00:00,40.35,387.75,87.2,16.3,5.3,3.306
2018-04-02 00:00:00,39.87,387.25,88.6,16.6,5.3,3.3112
2018-04-03 00:00:00,40.07,388.5,88.6,16.6,5.3,3.3413
2018-04-04 00:00:00,40.83,381.0,88.6,16.6,5.3,3.3297
2018-04-05 00:00:00,41.16,389.5,88.6,16.6,5.3,3.3449
2018-04-06 00:00:00,41.36,388.5,88.6,16.6,5.3,3.3697
2018-04-09 00:00:00,41.41,390.75,88.6,16.6,5.3,3.42
2018-04-10 00:00:00,41.02,389.25,88.6,16.6,5.3,3.4088
2018-04-11 00:00:00,40.82,387.0,88.6,16.6,5.3,3.3746
2018-04-12 00:00:00,40.47,388.75,88.6,16.6,5.3,3.4133
2018-04-13 00:00:00,39.92,386.25,88.6,16.6,5.3,3.4223
2018-04-16 00:00:00,40.13,382.5,88.6,16.6,5.3,3.4194
2018-04-17 00:00:00,40.04,380.25,88.6,16.6,5.3,3.408
2018-04-18 00:00:00,39.78,383.0,88.6,16.6,5.3,3.3805
2018-04-19 00:00:00,39.37,382.0,88.6,16.6,5.3,3.3885
2018-04-20 00:00:00,38.82,376.5,88.6,16.6,5.3,3.413
2018-04-23 00:00:00,38.4,378.5,88.6,16.6,5.3,3.4527
2018-04-24 00:00:00,38.84,381.25,88.6,16.6,5.3,3.4714
2018-04-25 00:00:00,38.91,386.5,88.6,16.6,5.3,3.485
2018-04-26 00:00:00,38.81,386.0,88.6,16.6,5.3,3.4755
2018-04-27 00:00:00,38.98,389.5,88.6,16.6,5.3,3.4568
2018-04-30 00:00:00,39.4,392.5,88.6,16.6,5.3,3.5072
2018-05-02 00:00:00,39.81,396.0,89.2,16.6,5.3,3.5518
2018-05-03 00:00:00,40.03,399.5,89.2,16.6,5.3,3.5282
2018-05-04 00:00:00,40.43,398.75,89.2,16.6,5.3,3.5303
2018-05-07 00:00:00,41.51,393.25,89.2,16.6,5.3,3.5534
2018-05-08 00:00:00,41.59,395.5,89.2,16.6,5.3,3.5636
2018-05-09 00:00:00,42.13,394.75,89.2,16.6,5.3,3.5924
2018-05-10 00:00:00,42.0,394.75,89.2,16.6,5.3,3.5502
2018-05-11 00:00:00,42.43,389.75,89.2,16.6,5.3,3.5999
2018-05-14 00:00:00,42.14,389.0,89.2,16.6,5.3,3.6231
2018-05-15 00:00:00,42.25,402.25,89.2,16.6,5.3,3.654
2018-05-16 00:00:00,42.48,399.25,89.2,16.6,5.3,3.6761
2018-05-17 00:00:00,42.57,395.25,89.2,16.6,5.3,3.6966
2018-05-18 00:00:00,42.61,402.5,89.2,16.6,5.3,3.737
2018-05-21 00:00:00,43.35,402.75,89.2,16.6,5.3,3.6772
2018-05-22 00:00:00,43.63,404.75,89.2,16.6,5.3,3.6448
2018-05-23 00:00:00,44.15,408.5,89.2,16.6,5.3,3.6288
2018-05-24 00:00:00,44.43,404.25,89.2,16.6,5.3,3.6496
2018-05-25 00:00:00,44.23,406.0,89.2,16.6,5.3,3.6524
2018-05-28 00:00:00,44.13,408.75,89.2,16.6,5.3,3.7352
2018-05-29 00:00:00,45.01,400.0,89.2,16.6,5.3,3.7254
2018-05-30 00:00:00,45.49,393.5,89.2,16.6,5.3,3.7241
2018-06-01 00:00:00,45.89,391.5,85.0,16.6,5.1,3.7633
2018-06-04 00:00:00,44.75,380.75,85.0,16.6,5.1,3.7468
2018-06-05 00:00:00,43.78,383.75,85.0,16.6,5.1,3.8068
2018-06-06 00:00:00,43.68,378.25,85.0,16.6,5.1,3.8488
2018-06-07 00:00:00,43.58,376.25,85.0,16.6,5.1,3.9078
2018-06-08 00:00:00,43.27,377.75,85.0,16.6,5.1,3.7094
2018-06-11 00:00:00,42.87,367.25,85.0,16.6,5.1,3.7097
2018-06-12 00:00:00,41.72,377.5,85.0,16.6,5.1,3.7185
2018-06-13 00:00:00,40.7,376.0,85.0,16.6,5.1,3.7201
2018-06-14 00:00:00,40.24,363.0,85.0,16.6,5.1,3.806
2018-06-15 00:00:00,40.04,361.25,85.0,16.6,5.1,3.7296
2018-06-18 00:00:00,40.0,356.0,85.0,16.6,5.1,3.747
2018-06-19 00:00:00,39.62,353.75,85.0,16.6,5.1,3.7471
2018-06-20 00:00:00,38.76,354.25,85.0,16.6,5.1,3.7715
2018-06-21 00:00:00,38.66,357.0,85.0,16.6,5.1,3.7691
2018-06-22 00:00:00,37.89,357.25,85.0,16.6,5.1,3.786
2018-06-25 00:00:00,37.76,350.5,85.0,16.6,5.1,3.7767
2018-06-26 00:00:00,37.35,352.5,85.0,16.6,5.1,3.8016
2018-06-27 00:00:00,37.17,352.5,85.0,16.6,5.1,3.8628
2018-06-28 00:00:00,36.94,345.0,85.0,16.6,5.1,3.8624
2018-06-29 00:00:00,36.97,350.25,85.0,16.6,5.1,3.8771
2018-07-02 00:00:00,36.78,337.5,82.9,16.6,4.9,3.9129
2018-07-03 00:00:00,36.21,342.75,82.9,16.6,4.9,3.8975
2018-07-05 00:00:00,36.43,343.5,82.9,16.6,4.9,3.9327
2018-07-06 00:00:00,36.22,351.75,82.9,16.6,4.9,3.8628
2018-07-09 00:00:00,35.98,345.75,82.9,16.6,4.9,3.8727
2018-07-10 00:00:00,36.87,339.75,82.9,16.6,4.9,3.8152
2018-07-11 00:00:00,36.63,331.25,82.9,16.6,4.9,3.8773
2018-07-12 00:00:00,37.02,336.5,82.9,16.6,4.9,3.8822
2018-07-13 00:00:00,36.7,330.25,82.9,16.6,4.9,3.8518
2018-07-16 00:00:00,37.22,341.75,82.9,16.6,4.9,3.8605
2018-07-17 00:00:00,37.1,346.25,82.9,16.6,4.9,3.8388
2018-07-18 00:00:00,37.28,347.25,82.9,16.6,4.9,3.8512
2018-07-19 00:00:00,37.36,351.25,82.9,16.6,4.9,3.8295
2018-07-20 00:00:00,37.72,355.25,82.9,16.6,4.9,3.7681
2018-07-23 00:00:00,37.71,357.25,82.9,16.6,4.9,3.7826
2018-07-24 00:00:00,37.64,352.0,82.9,16.6,4.9,3.7481
2018-07-25 00:00:00,37.92,359.25,82.9,16.6,4.9,3.6886
2018-07-26 00:00:00,38.06,361.5,82.9,16.6,4.9,3.7462
2018-07-27 00:00:00,38.53,362.0,82.9,16.6,4.9,3.7114
2018-07-30 00:00:00,38.76,367.25,82.9,16.6,4.9,3.7307
2018-07-31 00:00:00,39.34,372.25,82.9,16.6,4.9,3.7563
2018-08-01 00:00:00,39.45,365.0,82.1,16.6,4.9,3.7499
2018-08-02 00:00:00,39.75,366.75,82.1,16.6,4.9,3.7503
2018-08-03 00:00:00,39.78,369.75,82.1,16.6,4.9,3.708
2018-08-06 00:00:00,40.04,371.0,82.1,16.6,4.9,3.7363
2018-08-07 00:00:00,41.36,370.75,82.1,16.6,4.9,3.7515
2018-08-08 00:00:00,41.88,371.25,82.1,16.6,4.9,3.7721
2018-08-09 00:00:00,41.93,369.25,82.1,16.6,4.9,3.8015
2018-08-10 00:00:00,42.14,357.75,82.1,16.6,4.9,3.8596
2018-08-13 00:00:00,41.71,356.5,82.1,16.6,4.9,3.884
2018-08-14 00:00:00,41.28,362.25,82.1,16.6,4.9,3.8673
2018-08-15 00:00:00,41.39,361.5,82.1,16.6,4.9,3.9055
2018-08-16 00:00:00,41.59,365.25,82.1,16.6,4.9,3.9072
2018-08-17 00:00:00,41.3,364.25,82.1,16.6,4.9,3.9116
2018-08-20 00:00:00,41.27,362.0,82.1,16.6,4.9,3.97
2018-08-21 00:00:00,41.12,359.75,82.1,16.6,4.9,4.0477
2018-08-22 00:00:00,41.53,352.5,82.1,16.6,4.9,4.0425
2018-08-23 00:00:00,41.69,346.75,82.1,16.6,4.9,4.1155
2018-08-24 00:00:00,41.66,348.5,82.1,16.6,4.9,4.102
2018-08-27 00:00:00,41.49,346.75,82.1,16.6,4.9,4.0775
2018-08-28 00:00:00,41.08,341.0,82.1,16.6,4.9,4.1342
2018-08-29 00:00:00,41.19,341.25,82.1,16.6,4.9,4.1074
2018-08-30 00:00:00,41.19,341.0,82.1,16.6,4.9,4.1495
2018-08-31 00:00:00,41.1,351.0,82.1,16.6,4.9,4.0556
2018-09-03 00:00:00,40.9,365.75,81.3,16.6,4.8,4.159
2018-09-04 00:00:00,40.84,354.5,81.3,16.6,4.8,4.1602
2018-09-05 00:00:00,40.85,351.75,81.3,16.6,4.8,4.1466
2018-09-06 00:00:00,40.64,353.5,81.3,16.6,4.8,4.059
2018-09-10 00:00:00,41.06,355.5,81.3,16.6,4.8,4.0867
2018-09-11 00:00:00,40.78,355.25,81.3,16.6,4.8,4.1535
2018-09-12 00:00:00,40.51,341.5,81.3,16.6,4.8,4.1579
2018-09-13 00:00:00,40.57,336.25,81.3,16.6,4.8,4.2077
2018-09-14 00:00:00,40.75,337.0,81.3,16.6,4.8,4.1742
2018-09-17 00:00:00,40.87,348.0,81.3,16.6,4.8,4.1324
2018-09-18 00:00:00,40.42,343.25,81.3,16.6,4.8,4.1604
2018-09-19 00:00:00,40.3,345.75,81.3,16.6,4.8,4.1315
2018-09-20 00:00:00,39.91,352.5,81.3,16.6,4.8,4.0771
2018-09-21 00:00:00,39.6,357.25,81.3,16.6,4.8,4.0516
2018-09-24 00:00:00,39.83,360.5,81.3,16.6,4.8,4.0928
2018-09-25 00:00:00,39.54,363.75,81.3,16.6,4.8,4.0757
2018-09-26 00:00:00,39.53,363.0,81.3,16.6,4.8,4.0322
2018-09-27 00:00:00,39.52,364.75,81.3,16.6,4.8,4.0123
2018-09-28 00:00:00,39.4,356.25,81.3,16.6,4.8,4.0491
2018-10-01 00:00:00,39.32,365.75,90.4,16.7,5.4,4.0181
2018-10-02 00:00:00,39.05,367.5,90.4,16.7,5.4,3.9414
2018-10-03 00:00:00,38.55,364.75,90.4,16.7,5.4,3.9015
2018-10-04 00:00:00,38.35,367.5,90.4,16.7,5.4,3.8745
2018-10-05 00:00:00,38.78,368.25,90.4,16.7,5.4,3.8413
2018-10-08 00:00:00,38.12,366.5,90.4,16.7,5.4,3.779
2018-10-09 00:00:00,37.56,364.5,90.4,16.7,5.4,3.7155
2018-10-10 00:00:00,36.97,362.75,90.4,16.7,5.4,3.7555
2018-10-11 00:00:00,37.11,369.25,90.4,16.7,5.4,3.7812
2018-10-15 00:00:00,36.87,378.25,90.4,16.7,5.4,3.7357
2018-10-16 00:00:00,36.56,375.25,90.4,16.7,5.4,3.7252
2018-10-17 00:00:00,35.98,374.25,90.4,16.7,5.4,3.6875
2018-10-18 00:00:00,35.64,370.75,90.4,16.7,5.4,3.7216
2018-10-19 00:00:00,35.21,367.0,90.4,16.7,5.4,3.7149
2018-10-22 00:00:00,35.1,369.5,90.4,16.7,5.4,3.686
2018-10-23 00:00:00,34.88,370.25,90.4,16.7,5.4,3.6942
2018-10-24 00:00:00,34.78,368.25,90.4,16.7,5.4,3.735
2018-10-25 00:00:00,34.95,361.0,90.4,16.7,5.4,3.7058
2018-10-26 00:00:00,34.55,367.75,90.4,16.7,5.4,3.6429
2018-10-29 00:00:00,34.48,366.75,90.4,16.7,5.4,3.7187
2018-10-30 00:00:00,34.55,364.75,90.4,16.7,5.4,3.6974
2018-10-31 00:00:00,34.17,363.25,90.4,16.7,5.4,3.722
2018-11-01 00:00:00,34.26,366.75,90.4,16.7,5.4,3.7012
2018-11-05 00:00:00,34.78,374.0,90.4,16.7,5.4,3.7262
2018-11-06 00:00:00,34.93,373.25,90.4,16.7,5.4,3.7615
2018-11-07 00:00:00,35.72,372.25,90.4,16.7,5.4,3.7318
2018-11-08 00:00:00,35.69,373.5,90.4,16.7,5.4,3.7605
2018-11-09 00:00:00,35.98,369.75,90.4,16.7,5.4,3.7335
2018-11-12 00:00:00,36.35,371.25,90.4,16.7,5.4,3.7675
2018-11-13 00:00:00,36.59,366.5,90.4,16.7,5.4,3.8032
2018-11-14 00:00:00,36.83,367.0,90.4,16.7,5.4,3.7841
2018-11-16 00:00:00,36.81,364.75,90.4,16.7,5.4,3.7435
2018-11-19 00:00:00,36.92,362.25,90.4,16.7,5.4,3.757
2018-11-20 00:00:00,36.94,361.25,90.4,16.7,5.4,3.7572
2018-11-21 00:00:00,37.34,361.75,90.4,16.7,5.4,3.7976
2018-11-22 00:00:00,37.37,361.25,90.4,16.7,5.4,3.8045
2018-11-23 00:00:00,37.3,359.0,90.4,16.7,5.4,3.8283
2018-11-26 00:00:00,37.7,356.0,90.4,16.7,5.4,3.941
2018-11-27 00:00:00,37.33,356.5,90.4,16.7,5.4,3.8752
2018-11-28 00:00:00,37.61,360.5,90.4,16.7,5.4,3.851
2018-11-29 00:00:00,37.01,360.25,90.4,16.7,5.4,3.8527
2018-11-30 00:00:00,37.81,366.5,90.4,16.7,5.4,3.8669
2018-12-03 00:00:00,37.54,371.25,91.1,16.6,5.4,3.8423
2018-12-04 00:00:00,36.63,374.25,91.1,16.6,5.4,3.8525
2018-12-05 00:00:00,37.46,374.25,91.1,16.6,5.4,3.8686
2018-12-06 00:00:00,37.8,372.0,91.1,16.6,5.4,3.8793
2018-12-07 00:00:00,37.49,374.0,91.1,16.6,5.4,3.9075
2018-12-10 00:00:00,37.48,374.25,91.1,16.6,5.4,3.9181
2018-12-11 00:00:00,36.64,375.0,91.1,16.6,5.4,3.904
2018-12-12 00:00:00,37.14,376.25,91.1,16.6,5.4,3.8555
2018-12-13 00:00:00,37.29,375.5,91.1,16.6,5.4,3.8911
2018-12-14 00:00:00,37.66,376.75,91.1,16.6,5.4,3.9171
2018-12-17 00:00:00,38.06,384.0,91.1,16.6,5.4,3.8995
2018-12-18 00:00:00,37.39,385.5,91.1,16.6,5.4,3.9124
2018-12-19 00:00:00,37.99,381.75,91.1,16.6,5.4,3.8977
2018-12-20 00:00:00,38.86,375.25,91.1,16.6,5.4,3.8422
2018-12-21 00:00:00,38.61,378.5,91.1,16.6,5.4,3.904
2018-12-26 00:00:00,38.82,373.25,91.1,16.6,5.4,3.922
2018-12-27 00:00:00,39.08,374.5,91.1,16.6,5.4,3.8735
2018-12-28 00:00:00,38.93,375.5,91.1,16.6,5.4,3.8813
