"Data","Último","Abertura","Máxima","Mínima","Var%"
"30.12.2018","3,7155","3,8784","3,8969","3,7088","-4,27"
"23.12.2018","3,8813","3,9043","3,9461","3,8298","-0,58"
"16.12.2018","3,9040","3,9173","3,9285","3,8324","-0,33"
"09.12.2018","3,9171","3,9075","3,9454","3,8362","0,25"
"02.12.2018","3,9075","3,8663","3,9432","3,8147","1,05"
"25.11.2018","3,8669","3,8179","3,9447","3,8166","1,01"
"18.11.2018","3,8283","3,7466","3,8306","3,7420","2,27"
"11.11.2018","3,7435","3,7487","3,8313","3,7296","0,27"
"04.11.2018","3,7335","3,6967","3,7874","3,6909","0,99"
"28.10.2018","3,6968","3,6431","3,7445","3,5814","1,48"
"21.10.2018","3,6429","3,6943","3,7463","3,6395","-1,94"
"14.10.2018","3,7149","3,7569","3,7652","3,6648","-1,80"
"07.10.2018","3,7830","3,7276","3,7914","3,7008","-1,52"
"30.09.2018","3,8413","4,0502","4,0635","3,8220","-5,13"
"23.09.2018","4,0491","4,0656","4,1427","3,9676","-0,06"
"16.09.2018","4,0516","4,1741","4,2038","4,0278","-2,94"
"09.09.2018","4,1742","4,0670","4,2105","4,0514","2,82"
"02.09.2018","4,0597","4,0918","4,1908","4,0357","0,10"
"26.08.2018","4,0556","4,1063","4,2159","4,0478","-1,13"
"19.08.2018","4,1020","3,9139","4,1326","3,9139","4,87"
"12.08.2018","3,9116","3,8590","3,9537","3,8588","1,35"
"05.08.2018","3,8596","3,7054","3,8746","3,6909","4,09"
"29.07.2018","3,7080","3,7146","3,7825","3,6963","-0,09"
"22.07.2018","3,7114","3,7673","3,8040","3,6892","-1,50"
"15.07.2018","3,7681","3,8516","3,8927","3,7584","-2,17"
"08.07.2018","3,8518","3,8643","3,9021","3,7931","-0,28"
"01.07.2018","3,8628","3,8782","3,9529","3,8594","-0,37"
"24.06.2018","3,8771","3,7880","3,8801","3,7610","2,41"
"17.06.2018","3,7860","3,7308","3,8041","3,7064","1,51"
"10.06.2018","3,7296","3,7094","3,8155","3,6677","0,54"
"03.06.2018","3,7094","3,7660","3,9674","3,6928","-1,43"
"27.05.2018","3,7633","3,6515","3,7706","3,6513","3,04"
"20.05.2018","3,6524","3,7378","3,7388","3,6166","-2,26"
"13.05.2018","3,7370","3,5991","3,7772","3,5728","3,81"
"06.05.2018","3,5999","3,5314","3,6130","3,5314","1,97"
"29.04.2018","3,5303","3,4575","3,5680","3,4575","2,13"
"22.04.2018","3,4568","3,4145","3,5162","3,4145","1,28"
"15.04.2018","3,4130","3,4253","3,4364","3,3733","-0,27"
"08.04.2018","3,4223","3,3689","3,4360","3,3632","1,56"
"01.04.2018","3,3697","3,3053","3,3807","3,2961","1,95"
"25.03.2018","3,3051","3,3138","3,3464","3,2922","-0,22"
"18.03.2018","3,3123","3,2784","3,3190","3,2630","0,95"
"11.03.2018","3,2811","3,2551","3,2997","3,2370","0,79"
"04.03.2018","3,2553","3,2528","3,2708","3,2055","0,08"
"25.02.2018","3,2528","3,2379","3,2716","3,2218","0,46"
"18.02.2018","3,2379","3,2305","3,2738","3,2219","0,21"
"11.02.2018","3,2312","3,2951","3,2971","3,1978","-1,91"
"04.02.2018","3,2942","3,2184","3,3188","3,2132","2,36"
"28.01.2018","3,2181","3,1530","3,2234","3,1454","2,13"
"21.01.2018","3,1510","3,1961","3,2441","3,1195","-1,41"
"14.01.2018","3,1962","3,2054","3,2386","3,1912","-0,32"
"07.01.2018","3,2064","3,2289","3,2556","3,1989","-0,71"
"31.12.2017","3,2292","3,3136","3,3136","3,2214","-2,51"
"24.12.2017","3,3125","3,3378","3,3378","3,2919","-0,73"
"17.12.2017","3,3370","3,2947","3,3401","3,2780","1,28"
"10.12.2017","3,2947","3,2912","3,3476","3,2726","0,09"
"03.12.2017","3,2919","3,2581","3,3182","3,2195","1,04"
"26.11.2017","3,2581","3,2330","3,2883","3,2002","0,78"
"19.11.2017","3,2330","3,2574","3,2657","3,2183","-0,75"
"12.11.2017","3,2574","3,2821","3,3176","3,2546","-0,63"
"05.11.2017","3,2779","3,3144","3,3144","3,2359","-1,10"
"29.10.2017","3,3144","3,2366","3,3350","3,2343","2,41"
"22.10.2017","3,2363","3,1930","3,3030","3,1894","1,37"
"15.10.2017","3,1926","3,1452","3,1980","3,1439","1,51"
"08.10.2017","3,1452","3,1562","3,1900","3,1437","-0,35"
"01.10.2017","3,1561","3,1641","3,1787","3,1221","-0,18"
"24.09.2017","3,1619","3,1324","3,2005","3,1258","1,18"
"17.09.2017","3,1250","3,1107","3,1473","3,1079","0,53"
"10.09.2017","3,1085","3,0903","3,1505","3,0790","0,71"
"03.09.2017","3,0867","3,1402","3,1448","3,0819","-1,75"
"27.08.2017","3,1416","3,1593","3,1766","3,1223","-0,59"
"20.08.2017","3,1603","3,1492","3,1909","3,1330","0,44"
"13.08.2017","3,1465","3,1763","3,2060","3,1404","-1,48"
"06.08.2017","3,1938","3,1311","3,2210","3,1189","2,00"
"30.07.2017","3,1313","3,1328","3,1446","3,1077","-0,02"
"23.07.2017","3,1319","3,1393","3,1773","3,1283","-0,32"
"16.07.2017","3,1418","3,1806","3,1875","3,1099","-1,20"
"09.07.2017","3,1799","3,2802","3,2814","3,1782","-3,09"
"02.07.2017","3,2813","3,3194","3,3317","3,2679","-0,78"
"25.06.2017","3,3072","3,3453","3,3453","3,2708","-1,07"
"18.06.2017","3,3430","3,2901","3,3488","3,2801","1,51"
"11.06.2017","3,2933","3,2967","3,3340","3,2641","-0,12"
"04.06.2017","3,2971","3,2471","3,3026","3,2471","1,50"
"28.05.2017","3,2483","3,2670","3,2774","3,2151","-0,36"
"21.05.2017","3,2601","3,2533","3,3190","3,2470","0,22"
"14.05.2017","3,2529","3,1225","3,4093","3,0873","4,20"
"07.05.2017","3,1218","3,1753","3,2077","3,1164","-1,75"
"30.04.2017","3,1774","3,1774","3,1968","3,1413","0,03"
"23.04.2017","3,1766","3,1505","3,2149","3,1181","0,90"
"16.04.2017","3,1482","3,1448","3,1711","3,0878","0,11"
"09.04.2017","3,1448","3,1465","3,1599","3,1145","-0,04"
"02.04.2017","3,1462","3,1231","3,1593","3,0802","0,73"
"26.03.2017","3,1233","3,1077","3,1785","3,1073","0,47"
"19.03.2017","3,1086","3,0928","3,1515","3,0606","0,54"
"12.03.2017","3,0918","3,1387","3,1829","3,0875","-1,52"
"05.03.2017","3,1395","3,1158","3,1996","3,1012","0,76"
"26.02.2017","3,1158","3,1115","3,1633","3,0905","0,15"
"19.02.2017","3,1110","3,1019","3,1195","3,0524","0,20"
"12.02.2017","3,1048","3,1147","3,1286","3,0396","-0,35"
"05.02.2017","3,1157","3,1193","3,1376","3,1058","-0,06"
"29.01.2017","3,1176","3,1391","3,1631","3,1012","-0,74"
"22.01.2017","3,1410","3,1695","3,1954","3,1398","-0,88"
"15.01.2017","3,1690","3,2236","3,2445","3,1689","-1,62"
"08.01.2017","3,2213","3,2250","3,2323","3,1528","-0,09"
"01.01.2017","3,2241","3,2534","3,2923","3,1871","-0,94"
"25.12.2016","3,2547","3,2720","3,2969","3,2416","-0,50"
"18.12.2016","3,2710","3,3920","3,4037","3,2575","-3,57"
"11.12.2016","3,3920","3,3775","3,4126","3,3017","0,40"
"04.12.2016","3,3785","3,4765","3,4821","3,3525","-2,79"
"27.11.2016","3,4755","3,4215","3,4928","3,3756","1,55"
"20.11.2016","3,4223","3,3838","3,4687","3,3288","1,15"
"13.11.2016","3,3835","3,3927","3,4750","3,3715","-0,24"
"06.11.2016","3,3915","3,2348","3,5086","3,1630","4,88"
"30.10.2016","3,2337","3,2045","3,2649","3,1638","0,85"
"23.10.2016","3,2065","3,1515","3,2078","3,1026","1,76"
"16.10.2016","3,1511","3,2066","3,2180","3,1348","-1,68"
"09.10.2016","3,2051","3,2227","3,2279","3,1647","-0,48"
"02.10.2016","3,2204","3,2630","3,2639","3,1920","-1,22"
"25.09.2016","3,2603","3,2450","3,2706","3,2137","0,47"
"18.09.2016","3,2450","3,2632","3,2792","3,1813","-0,53"
"11.09.2016","3,2622","3,2723","3,3681","3,2409","-0,35"
"04.09.2016","3,2735","3,2573","3,2864","3,1658","0,51"
"28.08.2016","3,2568","3,2663","3,2918","3,2163","-0,27"
"21.08.2016","3,2655","3,2070","3,2795","3,1849","1,93"
"14.08.2016","3,2038","3,1918","3,2515","3,1564","0,35"
"07.08.2016","3,1925","3,1644","3,1950","3,1130","0,84"
"31.07.2016","3,1660","3,2496","3,2936","3,1602","-2,54"
"24.07.2016","3,2486","3,2568","3,2999","3,2283","-0,24"
"17.07.2016","3,2565","3,2765","3,2965","3,2378","-0,78"
"10.07.2016","3,2820","3,2999","3,3201","3,2172","-0,56"
"03.07.2016","3,3005","3,2336","3,3720","3,2300","1,99"
"26.06.2016","3,2361","3,3725","3,4167","3,1831","-4,08"
"19.06.2016","3,3739","3,4177","3,4507","3,3318","-1,24"
"12.06.2016","3,4163","3,4195","3,5157","3,4134","-0,07"
"05.06.2016","3,4188","3,5278","3,5297","3,3565","-2,99"
"29.05.2016","3,5240","3,6113","3,6381","3,5215","-2,42"
"22.05.2016","3,6115","3,5206","3,6303","3,5131","2,59"
"15.05.2016","3,5202","3,5316","3,6191","3,4819","-0,39"
"08.05.2016","3,5340","3,5025","3,6770","3,4361","0,91"
"01.05.2016","3,5023","3,4364","3,5835","3,4341","1,94"
"24.04.2016","3,4358","3,5648","3,5701","3,4289","-3,61"
"17.04.2016","3,5646","3,5318","3,6188","3,4717","0,89"
"10.04.2016","3,5332","3,5869","3,5918","3,4575","-1,58"
"03.04.2016","3,5901","3,5536","3,7200","3,5470","1,02"
"27.03.2016","3,5538","3,6869","3,6889","3,5326","-3,52"
"20.03.2016","3,6835","3,6245","3,7217","3,5743","1,64"
"13.03.2016","3,6240","3,5828","3,8540","3,5732","1,17"
"06.03.2016","3,5820","3,7582","3,8031","3,5725","-4,72"
"28.02.2016","3,7593","3,9940","4,0236","3,6537","-5,86"
"21.02.2016","3,9933","4,0206","4,0235","3,9205","-0,70"
"14.02.2016","4,0214","4,0027","4,0791","3,9672","0,47"
"07.02.2016","4,0027","3,9037","4,0164","3,8820","2,54"
"31.01.2016","3,9035","3,9992","4,0280","3,8453","-2,38"
"24.01.2016","3,9988","4,0946","4,1251","3,9928","-2,34"
"17.01.2016","4,0945","4,0484","4,1738","3,9985","1,15"
"10.01.2016","4,0479","4,0245","4,0677","3,9707","0,58"
"03.01.2016","4,0245","3,9608","4,0749","3,9590","1,61"
"27.12.2015","3,9608","3,9463","4,0200","3,8402","0,37"
"20.12.2015","3,9463","3,9823","4,0424","3,9336","-0,91"
"13.12.2015","3,9824","3,8730","3,9858","3,8504","2,82"
"06.12.2015","3,8730","3,7540","3,8908","3,7165","3,22"
"29.11.2015","3,7521","3,8461","3,9243","3,7243","-2,45"
"22.11.2015","3,8464","3,7053","3,8491","3,6937","3,81"
"15.11.2015","3,7052","3,8453","3,8621","3,7046","-3,65"
"08.11.2015","3,8456","3,7713","3,8515","3,7058","1,97"
"01.11.2015","3,7713","3,8562","3,8743","3,7425","-2,21"
"25.10.2015","3,8564","3,8792","3,9567","3,8241","-0,63"
"18.10.2015","3,8807","3,9239","3,9675","3,8466","-1,12"
"11.10.2015","3,9245","3,7630","3,9543","3,7553","4,21"
"04.10.2015","3,7660","3,9329","3,9516","3,7233","-4,25"
"27.09.2015","3,9331","3,9761","4,1548","3,9234","-1,12"
"20.09.2015","3,9777","3,9433","4,2491","3,8823","0,81"
"13.09.2015","3,9459","3,8733","3,9630","3,8060","1,95"
"06.09.2015","3,8705","3,8424","3,9166","3,7643","0,68"
"30.08.2015","3,8443","3,5812","3,8617","3,5808","7,31"
"23.08.2015","3,5823","3,4998","3,6571","3,4992","2,33"
"16.08.2015","3,5007","3,4878","3,5235","3,4488","0,46"
"09.08.2015","3,4845","3,5073","3,5294","3,4349","-0,64"
"02.08.2015","3,5071","3,4226","3,5711","3,4209","2,51"
"26.07.2015","3,4213","3,3542","3,4354","3,3129","1,96"
"19.07.2015","3,3556","3,1886","3,3580","3,1639","5,25"
"12.07.2015","3,1881","3,1593","3,2039","3,1132","0,91"
"05.07.2015","3,1593","3,1341","3,2438","3,1303","0,78"
"28.06.2015","3,1347","3,1300","3,1591","3,0861","0,17"
"21.06.2015","3,1295","3,0958","3,1433","3,0623","1,03"
"14.06.2015","3,0976","3,1189","3,1418","3,0305","-0,67"
"07.06.2015","3,1185","3,1433","3,1727","3,0625","-0,81"
"31.05.2015","3,1439","3,1785","3,2144","3,1021","-1,13"
"24.05.2015","3,1798","3,0957","3,1973","3,0891","2,74"
"17.05.2015","3,0949","2,9966","3,1007","2,9947","3,26"
"10.05.2015","2,9972","2,9760","3,0788","2,9714","0,80"
"03.05.2015","2,9733","3,0162","3,0966","2,9733","-1,37"
"26.04.2015","3,0146","2,9516","3,0215","2,8827","2,13"
"19.04.2015","2,9517","3,0529","3,0584","2,9501","-2,93"
"12.04.2015","3,0409","3,0745","3,1286","2,9988","-1,13"
"05.04.2015","3,0756","3,1211","3,1489","3,0232","-1,45"
"29.03.2015","3,1210","3,2493","3,2885","3,1178","-3,96"
"22.03.2015","3,2496","3,2287","3,2500","3,0924","0,63"
"15.03.2015","3,2293","3,2493","3,3176","3,1898","-0,61"
"08.03.2015","3,2492","3,0615","3,2813","3,0590","6,12"
"01.03.2015","3,0617","2,8392","3,0732","2,8392","7,84"
"22.02.2015","2,8390","2,8680","2,9214","2,8267","-1,01"
"15.02.2015","2,8680","2,8343","2,8863","2,8284","1,18"
"08.02.2015","2,8346","2,7828","2,8834","2,7652","1,87"
"01.02.2015","2,7825","2,6824","2,7852","2,6660","3,73"
"25.01.2015","2,6824","2,5795","2,6930","2,5655","3,98"
"18.01.2015","2,5798","2,6216","2,6650","2,5501","-1,57"
"11.01.2015","2,6210","2,6305","2,6827","2,5945","-0,35"
"04.01.2015","2,6301","2,6933","2,7306","2,6263","-2,38"
"28.12.2014","2,6941","2,6685","2,7133","2,6411","0,96"
"21.12.2014","2,6685","2,6603","2,7101","2,6445","0,33"
"14.12.2014","2,6598","2,6546","2,7605","2,6398","0,20"
"07.12.2014","2,6545","2,5896","2,6780","2,5844","2,51"
"30.11.2014","2,5895","2,5654","2,6098","2,5433","0,92"
"23.11.2014","2,5659","2,5160","2,5829","2,4954","2,01"
"16.11.2014","2,5153","2,6006","2,6190","2,5082","-3,32"
"09.11.2014","2,6018","2,5593","2,6301","2,5320","1,68"
"02.11.2014","2,5587","2,4787","2,5897","2,4539","3,24"
"26.10.2014","2,4783","2,4737","2,5595","2,3931","0,18"
"19.10.2014","2,4739","2,4359","2,5186","2,4359","1,57"
"12.10.2014","2,4356","2,4293","2,5065","2,3798","0,25"
"05.10.2014","2,4295","2,4581","2,4581","2,3563","-1,19"
"28.09.2014","2,4588","2,4207","2,5078","2,4207","1,60"
"21.09.2014","2,4200","2,3676","2,4436","2,3628","2,19"
"14.09.2014","2,3682","2,3393","2,3860","2,3159","1,24"
"07.09.2014","2,3392","2,2437","2,3468","2,2395","4,41"
"31.08.2014","2,2405","2,2361","2,2571","2,2250","0,20"
"24.08.2014","2,2360","2,2775","2,2910","2,2331","-1,84"
"17.08.2014","2,2778","2,2599","2,2847","2,2468","0,80"
"10.08.2014","2,2598","2,2824","2,2885","2,2565","-0,94"
"03.08.2014","2,2812","2,2603","2,3081","2,2479","1,05"
"27.07.2014","2,2574","2,2298","2,2849","2,2216","1,27"
"20.07.2014","2,2290","2,2250","2,2333","2,2065","0,16"
"13.07.2014","2,2255","2,2215","2,2612","2,2099","0,21"
"06.07.2014","2,2208","2,2134","2,2287","2,2075","0,34"
"29.06.2014","2,2132","2,1936","2,2452","2,1936","0,88"
"22.06.2014","2,1940","2,2298","2,2351","2,1869","-1,59"
"15.06.2014","2,2295","2,2238","2,2646","2,2230","0,24"
"08.06.2014","2,2241","2,2449","2,2460","2,2212","-1,04"
"01.06.2014","2,2475","2,2415","2,2921","2,2390","0,30"
"25.05.2014","2,2407","2,2220","2,2475","2,2157","0,77"
"18.05.2014","2,2235","2,2159","2,2266","2,2003","0,40"
"11.05.2014","2,2146","2,2180","2,2285","2,2010","0,08"
"04.05.2014","2,2128","2,2299","2,2493","2,1995","-0,32"
"27.04.2014","2,2200","2,2421","2,2583","2,2054","-1,09"
"20.04.2014","2,2445","2,2370","2,2507","2,2118","0,33"
"13.04.2014","2,2372","2,2172","2,2555","2,2056","0,85"
"06.04.2014","2,2184","2,2372","2,2496","2,1820","-0,79"
"30.03.2014","2,2361","2,2635","2,2889","2,2348","-1,14"
"23.03.2014","2,2618","2,3241","2,3348","2,2484","-2,70"
"16.03.2014","2,3246","2,3476","2,3604","2,3156","-0,93"
"09.03.2014","2,3465","2,3457","2,3766","2,3263","0,26"
"02.03.2014","2,3405","2,3384","2,3497","2,2992","0,09"
"23.02.2014","2,3384","2,3468","2,3571","2,3178","-0,30"
"16.02.2014","2,3455","2,3853","2,4125","2,3417","-1,82"
"09.02.2014","2,3891","2,3809","2,4339","2,3788","0,37"
"02.02.2014","2,3802","2,4127","2,4405","2,3695","-1,35"
"26.01.2014","2,4127","2,4005","2,4506","2,3900","0,60"
"19.01.2014","2,3982","2,3425","2,4328","2,3275","2,37"
"12.01.2014","2,3426","2,3607","2,3777","2,3382","-0,67"
"05.01.2014","2,3584","2,3811","2,4036","2,3548","-0,76"
"29.12.2013","2,3765","2,3386","2,4097","2,3260","1,63"
"22.12.2013","2,3384","2,3876","2,3876","2,3348","-2,06"
"15.12.2013","2,3876","2,3317","2,3893","2,3087","2,47"
"08.12.2013","2,3300","2,3312","2,3515","2,3045","0,14"
"01.12.2013","2,3268","2,3373","2,3969","2,3218","-0,39"
"24.11.2013","2,3358","2,2813","2,3437","2,2768","2,50"
"17.11.2013","2,2788","2,3194","2,3196","2,2502","-1,73"
"10.11.2013","2,3190","2,3133","2,3487","2,3022","0,21"
"03.11.2013","2,3142","2,2521","2,3447","2,2369","2,55"
"27.10.2013","2,2567","2,1888","2,2631","2,1738","3,15"
"20.10.2013","2,1877","2,1692","2,2096","2,1646","0,86"
"13.10.2013","2,1690","2,1789","2,1942","2,1465","-0,23"
"06.10.2013","2,1740","2,2076","2,2214","2,1685","-1,72"
"29.09.2013","2,2120","2,2567","2,2601","2,1906","-1,79"
"22.09.2013","2,2523","2,2105","2,2652","2,1878","1,90"
"15.09.2013","2,2102","2,2495","2,2858","2,1795","-3,07"
"08.09.2013","2,2803","2,2988","2,3080","2,2600","-1,14"
"01.09.2013","2,3066","2,3822","2,4036","2,2800","-3,34"
"25.08.2013","2,3862","2,3487","2,4183","2,3203","1,60"
"18.08.2013","2,3486","2,3926","2,4553","2,3460","-1,83"
"11.08.2013","2,3925","2,2685","2,3981","2,2628","5,32"
"04.08.2013","2,2717","2,2885","2,3161","2,2633","-0,70"
"28.07.2013","2,2876","2,2525","2,3138","2,2525","1,37"
"21.07.2013","2,2567","2,2462","2,2647","2,2104","0,45"
"14.07.2013","2,2467","2,2693","2,2725","2,2063","-0,91"
"07.07.2013","2,2673","2,2523","2,2805","2,2443","0,66"
"30.06.2013","2,2525","2,2295","2,2733","2,2170","0,91"
"23.06.2013","2,2321","2,2454","2,2648","2,1751","-0,44"
"16.06.2013","2,2420","2,1488","2,2774","2,1431","4,14"
"09.06.2013","2,1528","2,1380","2,1669","2,1179","0,97"
"02.06.2013","2,1321","2,1445","2,1542","2,0849","-0,48"
"26.05.2013","2,1423","2,0517","2,1507","2,0473","4,41"
"19.05.2013","2,0518","2,0358","2,0564","2,0266","0,81"
"12.05.2013","2,0353","2,0177","2,0417","2,0027","0,75"
"05.05.2013","2,0201","2,0105","2,0294","1,9943","0,55"
"28.04.2013","2,0091","1,9997","2,0157","1,9903","0,52"
"21.04.2013","1,9988","2,0102","2,0298","1,9953","-0,60"
"14.04.2013","2,0108","1,9696","2,0226","1,9696","2,10"
"07.04.2013","1,9695","1,9886","1,9939","1,9634","-0,83"
"31.03.2013","1,9860","2,0186","2,0289","1,9856","-1,89"
"24.03.2013","2,0242","2,0101","2,0276","2,0032","0,75"
"17.03.2013","2,0091","1,9858","2,0194","1,9754","1,38"
"10.03.2013","1,9817","1,9480","1,9848","1,9412","1,90"
"03.03.2013","1,9447","1,9830","1,9878","1,9427","-1,74"
"24.02.2013","1,9792","1,9743","1,9938","1,9632","0,33"
"17.02.2013","1,9727","1,9683","1,9792","1,9528","0,20"
"10.02.2013","1,9688","1,9689","1,9733","1,9498","-0,22"
"03.02.2013","1,9732","1,9878","1,9975","1,9510","-0,73"
"27.01.2013","1,9878","2,0303","2,0366","1,9787","-2,08"
"20.01.2013","2,0300","2,0405","2,0511","2,0275","-0,53"
"13.01.2013","2,0408","2,0292","2,0460","2,0292","0,37"
"06.01.2013","2,0332","2,0343","2,0461","2,0202","-0,07"
"30.12.2012","2,0347","2,0478","2,0505","2,0320","-0,63"
"23.12.2012","2,0475","2,0772","2,0772","2,0385","-1,48"
"16.12.2012","2,0783","2,0858","2,1025","2,0554","-0,35"
"09.12.2012","2,0856","2,0748","2,0895","2,0699","0,53"
"02.12.2012","2,0747","2,1357","2,1389","2,0713","-2,87"
"25.11.2012","2,1361","2,0823","2,1377","2,0716","2,62"
"18.11.2012","2,0816","2,0838","2,1172","2,0688","-0,12"
"11.11.2012","2,0842","2,0461","2,0873","2,0427","1,85"
"04.11.2012","2,0463","2,0311","2,0678","2,0303","0,72"
"28.10.2012","2,0316","2,0278","2,0352","2,0272","0,23"
"21.10.2012","2,0270","2,0274","2,0313","2,0230","-0,03"
"14.10.2012","2,0277","2,0439","2,0439","2,0252","-0,82"
"07.10.2012","2,0445","2,0323","2,0445","2,0278","0,66"
"30.09.2012","2,0310","2,0292","2,0345","2,0164","0,26"
"23.09.2012","2,0257","2,0231","2,0372","2,0227","0,16"
"16.09.2012","2,0225","2,0127","2,0368","2,0127","0,53"
"09.09.2012","2,0119","2,0286","2,0312","2,0065","-0,80"
"02.09.2012","2,0281","2,0302","2,0455","2,0271","-0,06"
"26.08.2012","2,0293","2,0256","2,0575","2,0236","0,11"
"19.08.2012","2,0271","2,0160","2,0360","2,0052","0,58"
"12.08.2012","2,0155","2,0157","2,0310","2,0140","0,03"
"05.08.2012","2,0149","2,0299","2,0362","2,0128","-0,66"
"29.07.2012","2,0282","2,0210","2,0570","2,0210","0,35"
"22.07.2012","2,0212","2,0229","2,0521","2,0079","-0,12"
"15.07.2012","2,0236","2,0357","2,0434","2,0092","-0,66"
"08.07.2012","2,0370","2,0260","2,0519","2,0227","0,44"
"01.07.2012","2,0281","2,0054","2,0416","1,9778","0,93"
"24.06.2012","2,0095","2,0667","2,0991","2,0042","-2,81"
"17.06.2012","2,0675","2,0445","2,0690","2,0217","0,93"
"10.06.2012","2,0484","2,0202","2,0751","2,0148","1,34"
"03.06.2012","2,0213","2,0404","2,0627","2,0118","-0,92"
"27.05.2012","2,0400","1,9827","2,0502","1,9699","2,79"
"20.05.2012","1,9846","2,0208","2,1062","1,9827","-1,93"
"13.05.2012","2,0237","1,9668","2,0588","1,9668","2,93"
"06.05.2012","1,9660","1,9272","1,9726","1,9184","2,00"
"29.04.2012","1,9275","1,8893","1,9367","1,8829","2,20"
"22.04.2012","1,8861","1,8762","1,8914","1,8725","0,73"
"15.04.2012","1,8724","1,8375","1,8942","1,8314","1,92"
"08.04.2012","1,8372","1,8260","1,8436","1,8153","0,87"
"01.04.2012","1,8214","1,8260","1,8358","1,8188","-0,27"
"25.03.2012","1,8264","1,8112","1,8375","1,8039","0,87"
"18.03.2012","1,8106","1,8033","1,8354","1,8013","0,57"
"11.03.2012","1,8003","1,7904","1,8327","1,7849","0,50"
"04.03.2012","1,7914","1,7301","1,7958","1,7249","3,48"
"26.02.2012","1,7311","1,7095","1,7364","1,6870","1,27"
"19.02.2012","1,7094","1,7176","1,7176","1,6959","-0,33"
"12.02.2012","1,7150","1,7225","1,7380","1,7095","-0,34"
"05.02.2012","1,7208","1,7184","1,7350","1,7120","0,27"
"29.01.2012","1,7161","1,7461","1,7573","1,7131","-1,23"
"22.01.2012","1,7374","1,7557","1,7692","1,7315","-0,99"
"15.01.2012","1,7548","1,7862","1,7893","1,7547","-1,69"
"08.01.2012","1,7849","1,8563","1,8569","1,7684","-3,93"
"01.01.2012","1,8579","1,8661","1,8750","1,8195","-0,28"
"25.12.2011","1,8632","1,8575","1,8884","1,8512","0,35"
"18.12.2011","1,8567","1,8504","1,8714","1,8363","0,25"
"11.12.2011","1,8520","1,7979","1,8848","1,7972","3,01"
"04.12.2011","1,7979","1,7909","1,8272","1,7755","0,37"
"27.11.2011","1,7912","1,8620","1,8715","1,7770","-5,33"
"20.11.2011","1,8920","1,8047","1,9145","1,7978","5,94"
"13.11.2011","1,7860","1,7458","1,7908","1,7445","2,50"
"06.11.2011","1,7424","1,7528","1,7835","1,7320","-0,58"
"30.10.2011","1,7525","1,6725","1,7625","1,6725","4,78"
"23.10.2011","1,6725","1,7751","1,7851","1,6711","-5,76"
"16.10.2011","1,7748","1,7319","1,8090","1,7319","2,48"
"09.10.2011","1,7319","1,7755","1,7835","1,7255","-2,25"
"02.10.2011","1,7717","1,8777","1,9175","1,7518","-5,71"
"25.09.2011","1,8790","1,8335","1,8930","1,7915","2,49"
"18.09.2011","1,8333","1,7334","1,9504","1,7323","5,81"
"11.09.2011","1,7327","1,6747","1,7387","1,6747","3,57"
"04.09.2011","1,6729","1,6575","1,6852","1,6419","1,91"
"28.08.2011","1,6415","1,6042","1,6475","1,5807","2,40"
"21.08.2011","1,6031","1,5975","1,6180","1,5858","0,21"
"14.08.2011","1,5998","1,6130","1,6135","1,5773","-0,70"
"07.08.2011","1,6110","1,5880","1,6586","1,5856","2,23"
"31.07.2011","1,5759","1,5501","1,6015","1,5450","1,74"
"24.07.2011","1,5490","1,5537","1,5735","1,5280","-0,21"
"17.07.2011","1,5522","1,5743","1,5846","1,5507","-1,42"
"10.07.2011","1,5746","1,5619","1,5854","1,5619","0,59"
"03.07.2011","1,5654","1,5563","1,5735","1,5513","0,52"
"26.06.2011","1,5573","1,6034","1,6045","1,5528","-2,94"
"19.06.2011","1,6044","1,5967","1,6082","1,5840","0,40"
"12.06.2011","1,5980","1,5963","1,6163","1,5790","0,11"
"05.06.2011","1,5963","1,5750","1,6010","1,5736","1,29"
"29.05.2011","1,5760","1,5945","1,5974","1,5703","-1,16"
"22.05.2011","1,5945","1,6215","1,6403","1,5932","-1,73"
"15.05.2011","1,6225","1,6359","1,6392","1,6050","-0,83"
"08.05.2011","1,6361","1,6155","1,6457","1,6015","1,29"
"01.05.2011","1,6153","1,5768","1,6286","1,5684","2,40"
"24.04.2011","1,5775","1,5620","1,5956","1,5565","0,86"
"17.04.2011","1,5640","1,5766","1,6000","1,5612","-0,75"
"10.04.2011","1,5758","1,5689","1,5966","1,5689","0,44"
"03.04.2011","1,5689","1,6203","1,6208","1,5669","-3,60"
"27.03.2011","1,6275","1,6580","1,6650","1,6054","-2,05"
"20.03.2011","1,6615","1,6682","1,6689","1,6550","-0,24"
"13.03.2011","1,6655","1,6658","1,6937","1,6597","0,03"
"06.03.2011","1,6650","1,6551","1,6696","1,6444","0,57"
"27.02.2011","1,6555","1,6627","1,6676","1,6423","-0,46"
"20.02.2011","1,6632","1,6643","1,6770","1,6575","0,02"
"13.02.2011","1,6628","1,6648","1,6745","1,6568","-0,17"
"06.02.2011","1,6656","1,6736","1,6803","1,6551","-0,47"
"30.01.2011","1,6735","1,6847","1,6860","1,6605","-0,52"
"23.01.2011","1,6823","1,6769","1,6870","1,6621","0,35"
"16.01.2011","1,6764","1,6866","1,6870","1,6655","-0,55"
"09.01.2011","1,6856","1,6828","1,6967","1,6652","0,14"
"02.01.2011","1,6832","1,6598","1,6945","1,6433","1,43"
"26.12.2010","1,6595","1,6909","1,6938","1,6593","-1,86"
"19.12.2010","1,6909","1,7143","1,7149","1,6882","-1,34"
"12.12.2010","1,7138","1,7069","1,7184","1,6877","0,42"
"05.12.2010","1,7066","1,6849","1,7222","1,6675","1,13"
"28.11.2010","1,6875","1,7269","1,7345","1,6835","-2,28"
"21.11.2010","1,7269","1,7154","1,7415","1,7095","0,67"
"14.11.2010","1,7154","1,7219","1,7428","1,7067","-0,38"
"07.11.2010","1,7219","1,6788","1,7279","1,6788","2,59"
"31.10.2010","1,6785","1,7008","1,7090","1,6681","-1,33"
"24.10.2010","1,7012","1,7059","1,7252","1,6932","-0,28"
"17.10.2010","1,7059","1,6655","1,7130","1,6587","2,42"
"10.10.2010","1,6656","1,6658","1,6716","1,6433","0,00"
"03.10.2010","1,6656","1,6907","1,7033","1,6625","-1,43"
"26.09.2010","1,6897","1,7124","1,7145","1,6717","-1,12"
"19.09.2010","1,7088","1,7212","1,7355","1,7020","-0,75"
"12.09.2010","1,7217","1,7218","1,7293","1,7023","-0,01"
"05.09.2010","1,7218","1,7327","1,7377","1,7153","-0,62"
"29.08.2010","1,7325","1,7497","1,7643","1,7142","-0,96"
"22.08.2010","1,7493","1,7581","1,7822","1,7484","-0,39"
"15.08.2010","1,7562","1,7724","1,7732","1,7453","-0,91"
"08.08.2010","1,7723","1,7578","1,7800","1,7465","0,70"
"01.08.2010","1,7600","1,7558","1,7650","1,7449","0,34"
"25.07.2010","1,7540","1,7742","1,7750","1,7535","-1,08"
"18.07.2010","1,7732","1,7845","1,8002","1,7523","-0,55"
"11.07.2010","1,7830","1,7589","1,7882","1,7486","1,39"
"04.07.2010","1,7585","1,7670","1,7864","1,7490","-0,71"
"27.06.2010","1,7710","1,7766","1,8185","1,7677","-0,42"
"20.06.2010","1,7785","1,7713","1,8084","1,7490","0,41"
"13.06.2010","1,7713","1,8092","1,8128","1,7668","-2,09"
"06.06.2010","1,8092","1,8630","1,8826","1,7960","-2,98"
"30.05.2010","1,8647","1,8167","1,8687","1,7837","2,61"
"23.05.2010","1,8173","1,8534","1,9162","1,7990","-1,93"
"16.05.2010","1,8530","1,7985","1,9048","1,7804","2,98"
"09.05.2010","1,7993","1,8388","1,8388","1,7657","-2,05"
"02.05.2010","1,8370","1,7375","1,8964","1,7255","5,73"
"25.04.2010","1,7375","1,7573","1,7762","1,7225","-1,09"
"18.04.2010","1,7567","1,7606","1,7720","1,7445","-0,05"
"11.04.2010","1,7575","1,7637","1,7713","1,7316","-0,44"
"04.04.2010","1,7652","1,7645","1,7902","1,7500","0,01"
"28.03.2010","1,7650","1,8186","1,8189","1,7635","-2,92"
"21.03.2010","1,8181","1,8009","1,8307","1,7748","0,96"
"14.03.2010","1,8009","1,7636","1,8030","1,7583","2,15"
"07.03.2010","1,7630","1,7781","1,8020","1,7572","-0,87"
"28.02.2010","1,7784","1,8065","1,8144","1,7742","-1,59"
"21.02.2010","1,8072","1,7988","1,8411","1,7874","0,15"
"14.02.2010","1,8045","1,8620","1,8620","1,7925","-2,51"
"07.02.2010","1,8509","1,8862","1,8942","1,8357","-1,65"
"31.01.2010","1,8820","1,8690","1,8985","1,8100","-0,16"
"24.01.2010","1,8850","1,8148","1,8971","1,8090","3,79"
"17.01.2010","1,8162","1,7710","1,8331","1,7585","2,51"
"10.01.2010","1,7717","1,7260","1,7742","1,7145","2,64"
"03.01.2010","1,7262","1,7293","1,7522","1,7140","-0,96"
"27.12.2009","1,7430","1,7470","1,7501","1,7269","-1,11"
"20.12.2009","1,7625","1,7790","1,7902","1,7500","-0,98"
"13.12.2009","1,7800","1,7576","1,8011","1,7390","1,17"
"06.12.2009","1,7594","1,7308","1,7755","1,7193","1,58"
"29.11.2009","1,7320","1,7410","1,7595","1,7005","-0,49"
"22.11.2009","1,7405","1,7297","1,7610","1,7150","0,49"
"15.11.2009","1,7320","1,7170","1,7404","1,7035","0,62"
"08.11.2009","1,7213","1,7203","1,7441","1,6928","0,18"
"01.11.2009","1,7182","1,7633","1,7803","1,7095","-2,57"
"25.10.2009","1,7635","1,7140","1,7817","1,7015","2,66"
"18.10.2009","1,7178","1,7088","1,7692","1,7048","0,60"
"11.10.2009","1,7075","1,7325","1,7393","1,6970","-2,05"
"04.10.2009","1,7432","1,7838","1,7838","1,7338","-2,17"
"27.09.2009","1,7818","1,7875","1,8074","1,7593","-0,51"
"20.09.2009","1,7910","1,8080","1,8277","1,7810","-1,01"
"13.09.2009","1,8093","1,8302","1,8385","1,7922","-1,21"
"06.09.2009","1,8315","1,8420","1,8436","1,8031","-0,65"
"30.08.2009","1,8435","1,8832","1,9237","1,8370","-2,01"
"23.08.2009","1,8813","1,8313","1,8923","1,8213","2,77"
"16.08.2009","1,8306","1,8701","1,8836","1,8224","-1,03"
"09.08.2009","1,8496","1,8202","1,8620","1,8126","1,60"
"02.08.2009","1,8205","1,8649","1,8659","1,8066","-2,39"
"26.07.2009","1,8650","1,8958","1,9093","1,8610","-1,62"
"19.07.2009","1,8958","1,9260","1,9260","1,8814","-1,55"
"12.07.2009","1,9256","1,9946","2,0113","1,9181","-3,48"
"05.07.2009","1,9950","1,9501","2,0280","1,9435","2,34"
"28.06.2009","1,9494","1,9343","1,9683","1,9237","0,82"
"21.06.2009","1,9335","1,9768","2,0381","1,9213","-2,08"
"14.06.2009","1,9745","1,9255","1,9990","1,9233","2,50"
"07.06.2009","1,9263","1,9585","1,9845","1,9159","-1,72"
"31.05.2009","1,9600","1,9715","1,9795","1,9083","-0,58"
"24.05.2009","1,9715","2,0260","2,0477","1,9650","-2,71"
"17.05.2009","2,0264","2,1125","2,1125","2,0110","-4,08"
"10.05.2009","2,1126","2,0620","2,1249","2,0459","2,45"
"03.05.2009","2,0621","2,1734","2,1734","2,0594","-5,15"
"26.04.2009","2,1740","2,1833","2,2380","2,1590","-0,40"
"19.04.2009","2,1828","2,1935","2,2487","2,1773","-0,43"
"12.04.2009","2,1923","2,1705","2,2226","2,1605","0,98"
"05.04.2009","2,1710","2,2105","2,2454","2,1674","-1,72"
"29.03.2009","2,2090","2,2905","2,3381","2,1940","-3,54"
"22.03.2009","2,2900","2,2645","2,2951","2,2155","0,84"
"15.03.2009","2,2710","2,2989","2,3082","2,2229","-1,45"
"08.03.2009","2,3043","2,3800","2,3925","2,2722","-3,01"
"01.03.2009","2,3758","2,3918","2,4517","2,3548","-0,65"
"22.02.2009","2,3914","2,3796","2,4085","2,3417","0,10"
"15.02.2009","2,3891","2,2546","2,3997","2,2546","5,92"
"08.02.2009","2,2555","2,2576","2,3168","2,2282","-0,07"
"01.02.2009","2,2570","2,3227","2,3715","2,2421","-2,72"
"25.01.2009","2,3200","2,3302","2,3448","2,2460","-0,44"
"18.01.2009","2,3302","2,3415","2,3788","2,3095","-0,50"
"11.01.2009","2,3420","2,2520","2,4010","2,2520","4,00"
"04.01.2009","2,2519","2,3312","2,3325","2,1580","-3,02"