"Data","Último","Abertura","Máxima","Mínima","Vol.","Var"
"09/10/2020","70,88","70,81","70,84","70,58","0,13","-0,64"
"08/10/2020","71,34","69,70","71,44","69,63","0,32","2,80"
"07/10/2020","69,40","68,41","69,85","68,41","0,19","0,95"
"06/10/2020","68,75","68,68","68,87","68,68","5,24","1,25"
"05/10/2020","67,90","66,90","67,96","66,90","0,14","1,42"
"02/10/2020","66,95","66,88","66,95","66,80","0,21","0,33"
"01/10/2020","66,73","66,34","67,07","66,00","0,50","0,45"
"30/09/2020","66,43","65,79","66,83","65,44","0,43","1,34"
"29/09/2020","65,55","64,75","65,60","64,31","0,23","0,68"
"28/09/2020","65,11","63,58","65,27","63,35","0,20","2,54"
"25/09/2020","63,50","63,59","63,60","63,47","0,15","2,09"
"24/09/2020","62,20","63,00","63,26","61,91","0,29","-1,03"
"23/09/2020","62,85","61,71","63,00","61,71","0,12","1,86"
"22/09/2020","61,70","60,40","61,73","60,26","0,49","2,37"
"21/09/2020","60,27","60,17","60,48","59,76","0,11","0,45"
"18/09/2020","60,00","59,75","60,00","59,75","0,09","1,68"
"17/09/2020","59,01","60,00","60,24","58,84","0,34","-0,99"
"16/09/2020","59,60","58,50","59,91","58,11","0,24","0,68"
"15/09/2020","59,20","59,36","59,48","59,20","0,11","-0,08"
"14/09/2020","59,25","59,10","59,39","59,00","0,17","0,94"
"11/09/2020","58,70","58,86","58,86","58,70","0,08","1,03"
"10/09/2020","58,10","57,50","58,15","57,20","0,22","0,96"
"09/09/2020","57,55","58,44","58,44","57,13","0,04","-1,96"
"08/09/2020","58,70","58,50","59,50","57,91","0,37","2,09"
"04/09/2020","57,50","57,60","57,60","57,15","0,04","2,33"
"03/09/2020","56,19","57,20","57,94","55,65","0,13","-1,77"
"02/09/2020","57,20","59,00","59,00","56,95","0,16","-3,38"
"01/09/2020","59,20","61,00","61,01","58,92","0,16","-2,93"
"31/08/2020","60,99","60,00","61,05","59,82","0,19","2,37"
"28/08/2020","59,58","59,54","59,65","59,50","0,04","-0,78"
"27/08/2020","60,05","60,25","60,29","59,00","0,19","0,27"
"26/08/2020","59,89","61,31","61,85","59,05","1,37","-2,52"
"25/08/2020","61,44","60,45","61,72","60,45","0,14","1,40"
"24/08/2020","60,59","61,00","61,00","60,25","0,29","0,40"
"21/08/2020","60,35","60,35","60,35","60,25","0,11","-0,08"
"20/08/2020","60,40","60,59","61,04","60,32","0,24","0,50"
"19/08/2020","60,10","59,96","60,12","59,47","0,20","1,69"
"18/08/2020","59,10","58,87","59,09","58,80","0,21","-2,30"
"17/08/2020","60,49","58,70","60,49","58,70","0,15","3,61"
"14/08/2020","58,38","58,36","58,39","58,03","0,25","1,18"
"13/08/2020","57,70","56,60","58,05","56,15","0,27","2,43"
"12/08/2020","56,33","55,90","56,55","55,40","0,19","1,51"
"11/08/2020","55,49","55,21","55,99","54,95","0,14","1,06"
"10/08/2020","54,91","54,77","55,15","53,80","0,18","0,20"
"07/08/2020","54,80","54,75","54,80","54,75","0,26","2,07"
"06/08/2020","53,69","53,15","53,98","53,01","0,45","1,46"
"05/08/2020","52,92","52,20","52,98","52,06","0,19","1,79"
"04/08/2020","51,99","52,60","53,25","51,71","0,16","-0,97"
"03/08/2020","52,50","51,00","53,05","50,80","0,16","2,94"
"31/07/2020","51,00","51,00","51,00","50,91","0,07","2,39"
"30/07/2020","49,81","48,90","50,00","48,90","0,56","2,38"
"29/07/2020","48,65","48,77","48,83","48,31","0,05","-0,61"
"28/07/2020","48,95","48,90","48,96","48,34","0,16","0,31"
"27/07/2020","48,80","48,25","48,95","48,15","0,10","1,58"
"24/07/2020","48,04","47,85","48,04","47,85","0,05","0,36"
"23/07/2020","47,87","46,92","47,97","46,70","0,22","1,31"
"22/07/2020","47,25","47,21","47,66","46,91","0,13","0,06"
"21/07/2020","47,22","47,91","48,03","47,15","0,22","-1,62"
"20/07/2020","48,00","47,70","48,20","47,56","0,07","0,38"
"17/07/2020","47,82","47,84","47,90","47,82","0,08","2,11"
"16/07/2020","46,83","47,30","47,48","46,66","0,13","-0,36"
"15/07/2020","47,00","49,61","49,84","47,00","0,31","-5,24"
"14/07/2020","49,60","49,97","49,97","49,50","0,00","-0,46"
"13/07/2020","49,83","50,75","50,75","49,65","0,00","-2,10"
"10/07/2020","50,90","50,80","50,90","50,80","0,02","-0,49"
"09/07/2020","51,15","50,48","51,20","50,48","0,01","0,22"
"08/07/2020","51,04","50,08","51,06","49,82","1,02","1,57"
"07/07/2020","50,25","49,99","50,25","49,65","0,02","1,11"
"06/07/2020","49,70","48,90","49,87","48,90","0,05","1,02"
"03/07/2020","49,20","49,29","49,34","49,20","0,02","0,61"
"02/07/2020","48,90","49,10","49,25","48,65","0,02","0,20"
"01/07/2020","48,80","48,62","49,00","48,35","0,05","1,46"
"30/06/2020","48,10","48,40","48,53","48,25","1,15","1,58"
"29/06/2020","47,35","46,65","47,64","46,65","0,03","1,50"
"26/06/2020","46,65","46,60","46,65","46,60","0,11","1,08"
"25/06/2020","46,15","46,35","46,35","46,05","0,00","0,22"
"24/06/2020","46,05","45,41","46,10","45,40","0,03","0,55"
"23/06/2020","45,80","46,10","46,10","45,55","0,03","-0,22"
"22/06/2020","45,90","46,15","46,15","45,65","0,02","-0,71"
"19/06/2020","46,23","46,14","46,23","46,14","0,00","0,26"
"18/06/2020","46,11","45,60","46,13","45,60","0,09","1,79"
"17/06/2020","45,30","44,48","45,35","44,31","0,11","1,80"
"16/06/2020","44,50","44,30","44,54","44,00","0,01","-0,22"
"15/06/2020","44,60","44,15","44,79","44,01","0,09","1,83"
"12/06/2020","43,80","43,85","44,10","43,58","0,03","0,69"
"10/06/2020","43,50","43,37","43,50","43,37","0,01","0,23"
"09/06/2020","43,40","43,25","43,54","43,05","0,01","0,35"
"08/06/2020","43,25","43,59","43,65","43,20","0,03","-1,03"
"05/06/2020","43,70","43,78","43,78","43,40","0,00","0,00"
"04/06/2020","43,70","43,65","44,02","43,50","0,03","0,00"
"03/06/2020","43,70","44,05","44,05","43,53","0,02","-1,15"
"02/06/2020","44,21","44,50","44,60","44,20","0,01","-1,78"
"01/06/2020","45,01","44,65","45,02","44,55","0,00","0,04"
"29/05/2020","44,99","44,98","44,99","44,57","0,06","-1,23"
"28/05/2020","45,55","44,99","45,60","44,90","0,08","2,02"
"27/05/2020","44,65","45,50","45,50","44,65","0,01","-2,30"
"26/05/2020","45,70","46,20","46,20","45,35","0,04","-0,44"
"25/05/2020","45,90","46,40","46,79","45,80","0,02","-2,22"
"22/05/2020","46,94","46,20","47,00","46,20","0,01","0,84"
"21/05/2020","46,55","46,70","46,80","46,22","0,03","-0,53"
"20/05/2020","46,80","47,00","47,20","46,51","0,02","-0,32"
"19/05/2020","46,95","46,06","47,00","46,06","0,11","1,29"
"18/05/2020","46,35","46,80","46,80","46,20","0,01","-0,77"
"15/05/2020","46,71","47,50","47,50","46,71","0,08","-8,09"
"14/05/2020","50,82","50,76","50,76","50,76","0,04","0,93"
"13/05/2020","50,35","50,34","50,40","50,11","0,04","0,36"
"12/05/2020","50,17","50,23","50,23","50,23","2,32","0,42"
"11/05/2020","49,96","49,91","49,95","49,90","1,21","0,12"
"08/05/2020","49,90","49,89","50,00","49,85","1,95","-0,26"
"07/05/2020","50,03","49,87","50,00","49,87","5,30","2,50"
"06/05/2020","48,81","48,99","49,00","48,90","2,02","-0,04"
"05/05/2020","48,83","48,90","49,08","48,90","4,31","1,71"
"04/05/2020","48,01","48,04","48,20","48,04","1,85","1,65"
"30/04/2020","47,23","47,24","47,40","47,24","0,85","0,77"
"29/04/2020","46,87","46,86","46,90","46,80","1,87","-1,16"
"28/04/2020","47,42","47,88","48,45","47,21","4,13","-0,13"
"27/04/2020","47,48","47,36","47,36","47,36","4,54","0,51"
"24/04/2020","47,24","47,50","47,50","47,50","5,10","3,08"
"23/04/2020","45,83","46,06","46,15","46,00","2,83","0,95"
"22/04/2020","45,40","45,58","45,79","45,58","4,09","0,20"
"20/04/2020","45,31","45,20","45,26","45,20","2,88","-0,66"
"17/04/2020","45,61","45,75","46,04","45,70","3,99","0,13"
"16/04/2020","45,55","45,45","45,50","45,45","4,03","-1,30"
"15/04/2020","46,15","46,24","46,25","46,05","3,95","-1,66"
"14/04/2020","46,93","46,95","46,95","46,74","1,85","-0,28"
"13/04/2020","47,06","47,13","47,23","47,13","2,37","0,62"
"09/04/2020","46,77","46,80","47,00","46,80","3,38","-0,32"
"08/04/2020","46,92","46,71","47,00","46,70","3,58","-1,28"
"07/04/2020","47,53","47,53","47,53","47,36","3,67","-2,22"
"06/04/2020","48,61","48,60","48,60","48,50","1,83","-1,24"
"03/04/2020","49,22","49,33","49,35","49,28","2,57","1,59"
"02/04/2020","48,45","48,30","48,59","48,15","4,01","-2,50"
"01/04/2020","49,69","49,65","49,65","49,17","3,27","-1,97"
"31/03/2020","50,69","50,60","50,70","50,60","4,54","2,53"
"30/03/2020","49,44","49,69","49,85","49,61","4,46","3,24"
"27/03/2020","47,89","47,91","48,00","47,78","0,26","-2,84"
"26/03/2020","49,29","48,95","49,40","48,87","0,10","0,69"
"25/03/2020","48,95","49,01","49,79","48,60","0,04","0,53"
"24/03/2020","48,69","48,95","49,45","48,06","0,12","-0,31"
"23/03/2020","48,84","49,00","49,30","49,00","2,14","-0,51"
"20/03/2020","49,09","49,85","49,85","48,38","0,26","0,04"
"19/03/2020","49,07","50,50","51,47","48,85","0,19","-0,69"
"18/03/2020","49,41","49,75","50,30","49,74","9,36","3,78"
"17/03/2020","47,61","47,03","47,10","46,75","8,52","-3,56"
"16/03/2020","49,37","57,53","57,60","49,37","0,34","-14,51"
"13/03/2020","57,75","57,81","57,81","57,81","0,81","0,43"
"12/03/2020","57,50","57,06","57,65","56,85","0,07","1,34"
"11/03/2020","56,74","56,60","56,79","56,60","1,71","0,98"
"10/03/2020","56,19","56,11","56,19","55,84","0,01","0,27"
"09/03/2020","56,04","55,81","56,01","55,80","1,27","0,81"
"06/03/2020","55,59","55,46","55,67","55,46","0,86","0,60"
"05/03/2020","55,26","55,30","55,30","55,25","1,90","0,02"
"04/03/2020","55,25","55,44","55,50","55,40","2,12","0,55"
"03/03/2020","54,95","55,18","55,18","55,10","3,65","1,31"
"02/03/2020","54,24","54,25","54,25","54,18","3,09","1,52"
"28/02/2020","53,43","53,20","53,55","53,20","1,47","0,51"
"27/02/2020","53,16","53,25","53,25","53,11","3,46","1,72"
"26/02/2020","52,26","52,35","52,45","52,35","0,95","0,75"
"21/02/2020","51,87","51,80","51,90","51,80","0,95","0,04"
"20/02/2020","51,85","51,66","51,71","51,66","1,86","-0,54"
"19/02/2020","52,13","52,15","52,15","52,10","3,27","-0,86"
"18/02/2020","52,58","52,64","52,64","52,64","1,99","0,04"
"17/02/2020","52,56","52,45","52,55","52,45","3,36","1,58"
"14/02/2020","51,74","51,31","51,78","51,30","2,02","0,88"
"13/02/2020","51,29","50,02","51,30","50,02","5,53","2,72"
"12/02/2020","49,93","49,03","49,98","48,85","2,87","1,77"
"11/02/2020","49,06","49,56","49,81","49,00","3,94","-1,03"
"10/02/2020","49,57","49,40","49,94","49,30","2,30","0,38"
"07/02/2020","49,38","49,15","49,50","49,01","1,11","0,45"
"06/02/2020","49,16","48,78","49,47","48,70","1,72","0,68"
"05/02/2020","48,83","48,58","49,00","48,17","2,00","1,01"
"04/02/2020","48,34","48,20","48,94","47,95","2,79","0,31"
"03/02/2020","48,19","49,08","49,22","48,10","3,25","-1,63"
"31/01/2020","48,99","49,60","50,72","48,44","3,51","-1,15"
"30/01/2020","49,56","50,78","50,82","49,33","4,44","-2,27"
"29/01/2020","50,71","51,37","51,64","50,45","3,27","-1,51"
"28/01/2020","51,49","51,62","52,05","51,31","1,44","-0,25"
"27/01/2020","51,62","51,86","51,95","51,53","1,29","-0,60"
"24/01/2020","51,93","52,48","52,48","51,91","1,40","-0,88"
"23/01/2020","52,39","52,14","52,58","52,00","1,55","0,65"
"22/01/2020","52,05","51,56","52,30","51,50","2,02","0,68"
"21/01/2020","51,70","52,23","52,23","51,70","1,18","-0,81"
"20/01/2020","52,12","52,00","52,30","51,87","0,62","0,33"
"17/01/2020","51,95","51,91","52,03","51,21","2,79","-0,23"
"16/01/2020","52,07","52,46","52,95","51,89","3,09","0,54"
"15/01/2020","51,79","51,90","51,98","51,71","0,73","-0,25"
"14/01/2020","51,92","51,80","51,99","51,65","0,70","0,62"
"13/01/2020","51,60","51,40","51,90","51,40","0,36","0,39"
"10/01/2020","51,40","50,75","51,54","50,75","0,87","1,06"
"09/01/2020","50,86","50,30","50,97","50,30","0,82","1,33"
"08/01/2020","50,19","50,34","50,40","50,04","1,19","-0,04"
"07/01/2020","50,21","49,64","50,39","49,55","1,47","1,29"
"06/01/2020","49,57","48,90","49,59","48,88","1,06","1,33"
"03/01/2020","48,92","49,01","49,15","48,74","0,57","-0,39"
"02/01/2020","49,11","49,45","49,45","48,97","1,41","0,20"
"30/12/2019","49,01","49,00","49,43","48,91","0,58","0,00"
"27/12/2019","49,01","48,75","49,10","48,75","0,78","0,55"
"26/12/2019","48,74","48,51","48,77","48,49","0,67","0,79"
"23/12/2019","48,36","48,28","48,50","48,11","0,27","0,21"
"20/12/2019","48,26","48,18","48,24","47,90","0,48","0,27"
"19/12/2019","48,13","47,83","48,30","47,83","0,51","0,44"
"18/12/2019","47,92","48,31","48,34","47,77","1,62","-0,97"
"17/12/2019","48,39","48,73","49,14","48,30","0,98","-0,80"
"16/12/2019","48,78","48,56","48,98","48,50","0,50","0,31"
"13/12/2019","48,63","48,84","49,23","48,55","1,42","-0,23"
"12/12/2019","48,74","47,80","48,72","47,63","1,85","1,75"
"11/12/2019","47,90","48,24","48,24","47,66","1,42","-0,91"
"10/12/2019","48,34","48,22","48,96","48,15","1,53","0,02"
"09/12/2019","48,33","48,39","50,26","48,20","1,14","0,06"
"06/12/2019","48,30","48,43","48,59","48,20","1,65","-0,29"
"05/12/2019","48,44","49,31","49,49","48,06","3,12","-1,98"
"04/12/2019","49,42","49,16","49,78","49,15","1,94","0,16"
"03/12/2019","49,34","49,25","49,40","49,07","0,73","-0,06"
"02/12/2019","49,37","49,30","49,40","48,90","0,90","0,24"
"29/11/2019","49,25","49,00","49,30","48,61","1,30","0,41"
"28/11/2019","49,05","49,20","49,48","48,70","1,56","-0,16"
"27/11/2019","49,13","49,30","49,30","48,18","2,77","-0,32"
"26/11/2019","49,29","48,86","49,44","48,55","2,32","1,00"
"25/11/2019","48,80","48,34","48,97","48,23","1,55","1,33"
"22/11/2019","48,16","48,30","49,20","47,50","3,57","-0,27"
"21/11/2019","48,29","46,96","48,61","46,96","2,52","2,79"
"19/11/2019","46,98","45,89","47,00","45,84","2,61","6,68"
"18/11/2019","44,04","44,30","44,30","44,05","0,26","-0,59"
"14/11/2019","44,30","44,00","44,40","44,00","1,69","0,64"
"13/11/2019","44,02","44,21","44,36","43,93","1,31","-0,36"
"12/11/2019","44,18","43,36","44,25","43,32","4,83","1,91"
"11/11/2019","43,35","43,00","43,40","42,99","1,60","0,81"
"08/11/2019","43,00","42,84","43,08","42,81","1,48","0,44"
"07/11/2019","42,81","42,64","42,90","42,45","1,38","0,52"
"06/11/2019","42,59","42,41","42,84","42,17","1,86","0,47"
"05/11/2019","42,39","42,05","42,50","42,05","0,01","0,95"
"04/11/2019","41,99","42,05","42,34","41,70","0,01","-0,24"
"01/11/2019","42,09","42,53","42,58","41,85","2,39","-1,22"
"31/10/2019","42,61","42,65","42,84","42,55","1,24","-0,26"
"30/10/2019","42,72","42,66","42,88","42,50","2,24","0,02"
"29/10/2019","42,71","43,11","43,35","42,78","3,86","-0,97"
"28/10/2019","43,13","43,35","43,35","43,06","1,87","-0,53"
"25/10/2019","43,36","43,41","43,52","43,20","1,71","-0,16"
"24/10/2019","43,43","43,47","43,65","43,22","1,72","-0,21"
"23/10/2019","43,52","43,51","43,68","43,20","1,37","-0,05"
"22/10/2019","43,54","43,79","44,10","43,41","3,33","-0,50"
"21/10/2019","43,76","43,06","43,78","43,06","2,08","1,44"
"18/10/2019","43,14","43,29","43,35","43,01","1,38","-0,48"
"17/10/2019","43,35","42,50","43,43","42,50","4,46","2,12"
"16/10/2019","42,45","41,77","42,60","41,75","6,45","1,73"
"15/10/2019","41,73","41,47","41,78","41,30","2,73","0,53"
"14/10/2019","41,51","41,11","41,88","41,05","2,07","1,10"
"11/10/2019","41,06","40,68","41,24","40,61","2,68","1,08"
"10/10/2019","40,62","40,62","40,89","40,33","2,10","0,07"
"09/10/2019","40,59","40,70","40,75","40,42","1,60","-0,29"
"08/10/2019","40,71","40,60","40,78","40,39","1,49","0,54"
"07/10/2019","40,49","40,11","40,59","40,11","2,51","0,90"
"04/10/2019","40,13","40,05","40,20","39,95","1,99","-0,07"
"03/10/2019","40,16","40,30","40,50","40,10","2,54","-0,52"
"02/10/2019","40,37","40,72","40,82","40,31","2,15","-0,84"
"01/10/2019","40,71","40,52","40,90","40,34","2,52","0,52"
"30/09/2019","40,50","40,15","40,60","40,02","3,71","0,92"
"27/09/2019","40,13","39,92","40,15","39,83","0,63","0,45"
"26/09/2019","39,95","40,10","40,49","39,91","5,67","-0,40"
"25/09/2019","40,11","40,18","40,29","39,80","1,98","-0,02"
"24/09/2019","40,12","40,14","40,28","39,91","2,25","-0,10"
"23/09/2019","40,16","39,85","40,32","39,75","2,66","1,03"
"20/09/2019","39,75","39,62","39,90","39,62","1,89","0,51"
"19/09/2019","39,55","39,28","39,65","39,26","1,64","0,43"
"18/09/2019","39,38","39,21","39,49","39,15","3,12","0,25"
"17/09/2019","39,28","39,51","39,60","39,15","3,12","4,61"
"16/09/2019","37,55","37,35","37,53","37,35","0,53","0,62"
"13/09/2019","37,32","37,05","37,45","37,05","0,88","0,78"
"12/09/2019","37,03","37,14","37,17","36,92","2,36","-0,03"
"11/09/2019","37,04","37,05","37,21","36,89","0,61","-0,13"
"10/09/2019","37,09","36,69","37,14","36,56","2,14","1,20"
"09/09/2019","36,65","36,41","36,87","36,41","0,36","0,47"
"06/09/2019","36,48","36,60","36,61","36,40","0,68","-0,33"
"05/09/2019","36,60","36,85","36,90","36,54","2,97","-0,79"
"04/09/2019","36,89","37,29","37,29","36,82","2,18","-0,91"
"03/09/2019","37,23","37,06","37,30","37,06","0,84","0,43"
"02/09/2019","37,07","37,29","37,30","36,80","0,64","-0,56"
"30/08/2019","37,28","37,22","37,44","37,10","1,21","0,11"
"29/08/2019","37,24","37,11","37,53","37,05","1,86","0,27"
"28/08/2019","37,14","37,03","37,19","36,65","1,35","0,76"
"27/08/2019","36,86","36,98","37,03","36,71","0,92","-0,14"
"26/08/2019","36,91","36,52","36,95","36,49","0,84","0,76"
"23/08/2019","36,63","36,57","36,68","36,40","1,07","0,30"
"22/08/2019","36,52","36,16","36,65","36,16","1,53","0,86"
"21/08/2019","36,21","36,25","36,47","36,01","1,67","0,17"
"20/08/2019","36,15","36,38","36,90","36,07","1,98","-1,12"
"19/08/2019","36,56","36,45","36,65","36,16","0,68","0,08"
"16/08/2019","36,53","36,35","36,70","36,30","0,82","0,52"
"15/08/2019","36,34","36,55","36,70","36,25","0,92","-0,90"
"14/08/2019","36,67","36,42","37,07","36,42","1,24","0,47"
"13/08/2019","36,50","36,77","36,77","36,05","3,47","-1,11"
"12/08/2019","36,91","38,45","38,90","36,81","5,13","-4,01"
"09/08/2019","38,45","38,10","38,60","38,09","1,48","0,81"
"08/08/2019","38,14","38,50","38,50","38,00","2,43","-0,75"
"07/08/2019","38,43","37,60","38,70","37,49","5,28","2,56"
"06/08/2019","37,47","37,39","37,65","36,90","3,06","0,54"
"05/08/2019","37,27","36,50","37,40","36,11","3,25","2,11"
"02/08/2019","36,50","36,13","36,62","36,06","1,94","1,11"
"01/08/2019","36,10","36,56","36,78","36,05","3,94","-1,37"
"31/07/2019","36,60","36,93","36,93","36,47","2,57","-0,65"
"30/07/2019","36,84","36,87","36,96","36,61","2,11","-0,22"
"29/07/2019","36,92","36,68","36,99","36,67","0,76","0,60"
"26/07/2019","36,70","36,55","36,75","36,42","1,10","0,25"
"25/07/2019","36,61","36,65","36,79","36,52","2,81","-0,30"
"24/07/2019","36,72","36,90","37,23","36,65","2,29","-0,41"
"23/07/2019","36,87","36,98","37,27","36,76","1,83","-0,19"
"22/07/2019","36,94","37,30","37,42","36,76","2,29","-1,07"
"19/07/2019","37,34","37,01","37,44","37,01","1,52","0,70"
"18/07/2019","37,08","37,81","37,90","37,00","3,69","-1,96"
"17/07/2019","37,82","37,70","38,10","37,67","2,31","0,45"
"16/07/2019","37,65","37,67","37,75","37,16","2,78","1,43"
"15/07/2019","37,12","37,05","37,11","37,05","0,02","-0,11"
"12/07/2019","37,16","37,20","37,30","36,95","0,13","-0,64"
"11/07/2019","37,40","37,44","37,49","36,93","0,02","-0,13"
"10/07/2019","37,45","37,61","37,70","37,20","0,03","-1,86"
"08/07/2019","38,16","37,90","37,91","37,20","0,03","0,16"
"05/07/2019","38,10","38,10","38,10","37,90","0,06","-0,34"
"04/07/2019","38,23","37,52","37,97","37,32","0,24","1,30"
"03/07/2019","37,74","37,45","37,70","37,25","0,11","1,73"
"02/07/2019","37,10","36,71","37,20","36,31","0,09","1,56"
"01/07/2019","36,53","37,21","37,50","36,35","0,12","-1,80"
"28/06/2019","37,20","38,39","38,80","37,00","0,43","-2,92"
"27/06/2019","38,32","38,37","38,40","38,30","0,20","0,37"
"26/06/2019","38,18","38,27","38,38","38,01","0,04","-0,08"
"25/06/2019","38,21","38,00","38,48","38,00","0,20","0,69"
"24/06/2019","37,95","37,16","38,10","37,16","0,17","1,99"
"21/06/2019","37,21","37,30","38,29","37,30","0,16","0,22"
"19/06/2019","37,13","38,01","38,02","37,20","0,71","-3,31"
"18/06/2019","38,40","38,95","38,95","38,01","0,18","-1,23"
"17/06/2019","38,88","38,50","39,20","38,50","0,19","0,78"
"14/06/2019","38,58","38,34","38,79","38,18","0,35","0,60"
"13/06/2019","38,35","38,00","38,70","38,00","0,38","1,16"
"12/06/2019","37,91","36,88","38,20","36,70","0,42","2,29"
"11/06/2019","37,06","36,38","37,00","35,80","0,66","1,53"
"10/06/2019","36,50","36,65","36,74","36,38","0,26","-0,79"
"07/06/2019","36,79","37,30","37,40","36,53","0,24","-1,10"
"06/06/2019","37,20","36,80","37,30","35,66","0,30","0,68"
"05/06/2019","36,95","37,40","37,41","36,65","0,40","-1,96"
"04/06/2019","37,69","38,59","38,75","37,50","1,13","-1,46"
"03/06/2019","38,25","38,38","38,68","38,10","0,23","-0,08"
"31/05/2019","38,28","38,68","38,68","37,85","0,61","0,03"
"30/05/2019","38,27","37,30","38,40","37,15","0,71","1,81"
"29/05/2019","37,59","37,57","39,39","37,05","0,91","0,11"
"28/05/2019","37,55","36,65","37,44","36,60","0,82","3,13"
"27/05/2019","36,41","36,00","36,50","35,80","0,32","3,35"
"24/05/2019","35,23","34,40","35,20","34,05","0,13","2,12"
"23/05/2019","34,50","34,79","35,20","34,48","0,28","-0,63"
"22/05/2019","34,72","35,00","35,00","34,11","0,37","-0,71"
"21/05/2019","34,97","35,40","35,79","34,80","0,71","-0,48"
"20/05/2019","35,14","34,80","35,75","34,70","0,73","1,41"
"17/05/2019","34,65","33,46","34,90","33,46","0,82","4,12"
"16/05/2019","33,28","32,74","33,40","32,74","0,82","-0,27"
"15/05/2019","33,37","33,37","33,40","33,25","0,36","0,09"
"14/05/2019","33,34","33,05","33,43","33,05","0,88","0,76"
"13/05/2019","33,09","32,74","33,20","32,74","1,08","0,88"
"10/05/2019","32,80","32,57","32,90","32,38","1,05","0,92"
"09/05/2019","32,50","32,02","32,58","31,91","1,51","1,37"
"08/05/2019","32,06","32,04","32,27","31,90","1,40","0,28"
"07/05/2019","31,97","31,73","32,08","31,60","1,83","0,47"
"06/05/2019","31,82","32,00","32,01","31,61","1,17","-0,66"
"03/05/2019","32,03","32,15","32,37","31,90","0,91","0,03"
"02/05/2019","32,02","31,50","32,10","31,38","1,53","0,91"
"30/04/2019","31,73","32,41","32,41","31,51","2,21","-2,40"
"29/04/2019","32,51","33,50","33,53","32,42","1,80","-3,04"
"26/04/2019","33,53","33,76","33,89","33,27","2,76","-0,95"
"25/04/2019","33,85","34,25","34,25","33,71","1,90","-0,91"
"24/04/2019","34,16","34,14","34,25","33,86","1,78","0,06"
"23/04/2019","34,14","34,23","34,63","34,06","2,61","-0,06"
"22/04/2019","34,16","34,25","34,25","33,65","2,53","-0,03"
"18/04/2019","34,17","34,39","34,44","34,12","0,87","-0,61"
"17/04/2019","34,38","34,23","34,76","34,14","1,48","0,29"
"16/04/2019","34,28","34,59","35,05","34,25","2,47","-1,07"
"15/04/2019","34,65","34,70","34,90","34,50","1,46","-0,37"
"12/04/2019","34,78","35,17","35,40","34,70","5,03","-1,53"
"11/04/2019","35,32","35,91","36,01","35,20","4,33","-1,81"
"10/04/2019","35,97","36,04","36,09","35,80","1,71","0,22"
"09/04/2019","35,89","36,00","36,00","35,55","1,42","0,28"
"08/04/2019","35,79","35,85","36,03","35,57","14,20","-0,06"
"05/04/2019","35,81","36,13","36,17","35,78","1,32","-0,69"
"04/04/2019","36,06","36,35","36,74","35,85","1,73","-0,83"
"03/04/2019","36,36","36,50","36,79","36,21","1,22","-0,38"
"02/04/2019","36,50","36,14","36,69","35,75","2,05","1,19"
"01/04/2019","36,07","36,41","36,55","35,88","1,58","-1,18"
"29/03/2019","36,50","37,09","37,30","36,40","2,26","-2,09"
"28/03/2019","37,28","37,35","37,78","37,20","3,20","-0,05"
"27/03/2019","37,30","36,82","37,50","36,70","2,32","0,48"
"26/03/2019","37,12","37,29","37,85","36,90","2,76","-0,43"
"25/03/2019","37,28","36,80","37,30","36,75","3,17","1,58"
"22/03/2019","36,70","35,90","36,80","35,90","2,60","2,34"
"21/03/2019","35,86","35,80","36,28","35,50","2,01","0,17"
"20/03/2019","35,80","36,33","36,35","35,58","2,81","-1,40"
"19/03/2019","36,31","37,19","37,19","36,13","4,35","-2,18"
"18/03/2019","37,12","37,75","37,85","37,01","1,43","-7,20"
"15/03/2019","40,00","40,12","40,24","40,11","0,02","-0,40"
"14/03/2019","40,16","40,44","40,54","40,08","1,48","-0,89"
"13/03/2019","40,52","41,34","41,37","40,50","2,29","-1,98"
"12/03/2019","41,34","41,30","41,59","41,30","1,65","-0,19"
"11/03/2019","41,42","42,16","42,21","41,36","1,95","-1,76"
"08/03/2019","42,16","42,25","42,32","42,14","0,47","-0,38"
"07/03/2019","42,32","42,45","42,46","42,10","0,59","-0,42"
"06/03/2019","42,50","42,22","42,50","41,95","0,47","0,05"
"01/03/2019","42,48","42,54","42,68","42,34","0,70","0,17"
"28/02/2019","42,41","42,35","42,45","41,95","1,08","0,00"
"27/02/2019","42,41","42,58","42,63","42,29","1,44","-0,33"
"26/02/2019","42,55","42,25","42,64","42,16","3,69","0,71"
"25/02/2019","42,25","41,88","42,29","41,85","1,61","0,98"
"22/02/2019","41,84","41,65","41,94","41,42","0,79","0,63"
"21/02/2019","41,58","41,60","41,72","41,35","1,02","0,00"
"20/02/2019","41,58","41,65","41,95","41,32","1,21","-0,17"
"19/02/2019","41,65","41,77","41,92","41,61","1,61","-0,29"
"18/02/2019","41,77","41,54","41,95","41,43","0,97","0,65"
"15/02/2019","41,50","41,71","41,73","41,22","0,77","-0,41"
"14/02/2019","41,67","41,59","41,84","41,33","1,66","0,00"
"13/02/2019","41,67","41,21","41,70","41,16","2,52","0,99"
"12/02/2019","41,26","40,75","41,38","40,71","2,16","0,95"
"11/02/2019","40,87","40,76","41,05","40,56","1,98","-0,02"
"08/02/2019","40,88","41,03","41,20","40,70","1,57","-0,54"
"07/02/2019","41,10","40,84","41,30","40,72","1,76","0,39"
"06/02/2019","40,94","40,66","41,27","40,51","2,00","0,42"
"05/02/2019","40,77","40,43","40,83","40,25","1,43","0,79"
"04/02/2019","40,45","40,95","40,95","40,31","1,75","-1,00"
"01/02/2019","40,86","40,91","41,10","40,71","0,66","-0,24"
"31/01/2019","40,96","40,25","41,05","39,97","2,52","1,76"
"30/01/2019","40,25","40,60","40,70","40,06","1,48","-1,11"
"29/01/2019","40,70","40,97","41,28","40,66","1,99","-0,61"
"28/01/2019","40,95","40,48","40,98","40,36","1,15","1,34"
"24/01/2019","40,41","40,37","40,58","39,94","1,95","0,25"
"23/01/2019","40,31","39,95","40,40","39,57","2,17","0,85"
"22/01/2019","39,97","39,52","40,19","39,40","1,97","1,24"
"21/01/2019","39,48","39,15","39,76","39,15","1,05","0,66"
"18/01/2019","39,22","39,04","39,28","38,65","1,35","0,36"
"17/01/2019","39,08","39,04","39,20","38,80","1,98","0,08"
"16/01/2019","39,05","39,34","39,41","38,92","1,90","1,22"
"15/01/2019","38,58","38,66","38,80","38,65","0,18","-0,26"
"14/01/2019","38,68","38,61","38,79","38,60","0,06","0,16"
"11/01/2019","38,62","38,47","38,77","38,40","0,21","0,84"
"10/01/2019","38,30","38,60","38,70","38,25","0,54","-0,85"
"09/01/2019","38,63","39,40","39,40","38,50","1,04","-1,70"
"08/01/2019","39,30","39,77","39,77","39,25","0,75","-0,98"
"07/01/2019","39,69","39,85","39,85","39,45","0,16","0,48"
"04/01/2019","39,50","39,07","39,89","39,05","1,34","0,69"
"03/01/2019","39,23","39,05","39,30","39,01","0,48","0,46"
"02/01/2019","39,05","39,58","39,58","38,91","0,52","-1,14"
"28/12/2018","39,50","39,50","39,80","39,35","0,33","-1,13"
"27/12/2018","39,95","39,64","39,90","39,35","0,30","0,43"
"26/12/2018","39,78","39,70","39,83","39,30","0,30","0,45"
"21/12/2018","39,60","39,25","39,90","39,25","1,13","0,99"
"20/12/2018","39,21","38,87","39,45","38,35","1,88","1,08"
"19/12/2018","38,79","38,90","38,99","38,59","1,30","-0,08"
"18/12/2018","38,82","38,13","38,90","38,02","2,07","2,18"
"17/12/2018","37,99","37,76","38,05","37,62","1,04","1,36"
"14/12/2018","37,48","37,57","37,87","37,50","0,47","-0,32"
"13/12/2018","37,60","37,63","37,98","37,56","0,38","-0,48"
"12/12/2018","37,78","38,06","38,25","37,61","0,51","-0,53"
"11/12/2018","37,98","37,80","38,20","37,69","1,10","0,42"
"10/12/2018","37,82","37,82","37,97","37,39","0,84","0,59"
"07/12/2018","37,60","37,38","37,70","37,15","0,70","0,29"
"06/12/2018","37,49","37,46","37,98","37,38","0,85","0,11"
"05/12/2018","37,45","37,89","37,89","37,11","1,38","-0,72"
"04/12/2018","37,72","37,01","37,78","36,70","2,18","1,86"
"03/12/2018","37,03","36,96","37,37","36,81","0,66","0,65"
"30/11/2018","36,79","37,30","37,69","36,50","2,29","-1,34"
"29/11/2018","37,29","37,75","37,98","37,11","1,50","-1,09"
"28/11/2018","37,70","38,11","38,15","37,55","1,33","-1,10"
"27/11/2018","38,12","37,84","38,45","37,84","1,16","0,29"
"26/11/2018","38,01","38,00","38,30","37,30","1,12","-0,08"
"23/11/2018","38,04","38,64","38,70","38,02","1,04","-1,91"
"22/11/2018","38,78","38,71","39,14","38,65","1,75","0,26"
"21/11/2018","38,68","37,97","38,75","37,93","1,82","1,79"
"19/11/2018","38,00","37,89","38,23","37,55","0,78","3,37"
"16/11/2018","36,76","36,56","36,76","36,55","0,03","-0,08"
"14/11/2018","36,79","36,74","36,94","36,55","0,47","0,22"
"13/11/2018","36,71","36,60","36,85","36,60","1,00","0,16"
"12/11/2018","36,65","36,50","36,90","36,33","0,66","0,41"
"09/11/2018","36,50","36,20","36,75","36,00","1,06","0,55"
"08/11/2018","36,30","35,60","36,32","35,60","1,50","1,99"
"07/11/2018","35,59","35,75","35,87","35,41","1,33","-0,39"
"06/11/2018","35,73","35,50","35,86","35,29","1,18","0,76"
"05/11/2018","35,46","35,34","35,51","35,02","0,36","0,65"
"01/11/2018","35,23","35,39","35,47","34,95","1,27","-0,48"
"31/10/2018","35,40","35,12","35,60","35,08","2,18","0,85"
"30/10/2018","35,10","34,60","35,20","34,60","1,43","1,09"
"29/10/2018","34,72","34,99","35,00","34,20","1,24","-0,63"
"26/10/2018","34,94","35,01","35,28","34,70","1,84","-0,11"
"25/10/2018","34,98","35,15","35,30","34,90","1,39","-0,26"
"24/10/2018","35,07","34,95","35,15","34,69","0,95","0,52"
"23/10/2018","34,89","34,98","35,17","34,71","0,51","0,03"
"22/10/2018","34,88","35,50","35,58","34,80","1,27","-1,69"
"19/10/2018","35,48","35,32","35,82","35,10","1,10","0,25"
"18/10/2018","35,39","35,80","35,92","35,31","1,44","-1,12"
"17/10/2018","35,79","36,44","36,45","35,75","1,67","-1,59"
"16/10/2018","36,37","36,65","36,70","36,06","1,38","-0,79"
"15/10/2018","36,66","36,91","37,44","36,54","1,60","-0,68"
"11/10/2018","36,91","36,90","37,09","36,25","2,32","0,08"
"10/10/2018","36,88","37,50","37,56","36,85","2,69","-1,71"
"09/10/2018","37,52","38,26","38,26","37,50","3,01","-1,91"
"08/10/2018","38,25","38,68","38,87","38,11","1,74","-0,93"
"05/10/2018","38,61","38,80","38,80","38,44","1,85","-0,34"
"04/10/2018","38,74","39,00","39,04","38,64","1,82","-0,74"
"03/10/2018","39,03","39,30","39,35","38,80","2,10","-0,81"
"02/10/2018","39,35","40,15","40,15","39,27","2,70","-1,77"
"01/10/2018","40,06","39,87","40,39","39,71","1,04","0,60"
"28/09/2018","39,82","39,70","40,00","39,66","1,05","0,23"
"27/09/2018","39,73","39,58","39,79","39,41","1,30","0,46"
"26/09/2018","39,55","39,81","40,00","39,25","2,42","-0,90"
"25/09/2018","39,91","39,70","40,15","39,63","1,44","0,35"
"24/09/2018","39,77","40,02","40,50","39,72","2,12","-0,75"
"21/09/2018","40,07","39,78","40,21","39,51","1,57","0,91"
"20/09/2018","39,71","39,76","39,95","39,40","1,84","0,03"
"19/09/2018","39,70","40,53","40,53","39,65","2,53","-1,98"
"18/09/2018","40,50","40,90","41,03","40,45","2,73","-0,56"
"17/09/2018","40,73","40,65","40,80","40,60","1,19","0,54"
"14/09/2018","40,51","40,21","40,60","40,20","1,19","0,90"
"13/09/2018","40,15","40,15","40,28","39,82","0,61","0,27"
"12/09/2018","40,04","40,42","40,65","39,95","1,47","-1,06"
"11/09/2018","40,47","40,17","40,79","40,17","0,98","0,80"
"10/09/2018","40,15","40,50","40,51","40,00","1,61","-0,96"
"06/09/2018","40,54","40,79","40,80","40,25","0,72","-0,47"
"05/09/2018","40,73","40,99","41,05","40,57","1,56","-0,68"
"04/09/2018","41,01","40,95","41,05","40,51","1,47","0,24"
"03/09/2018","40,91","40,60","41,05","40,60","1,00","0,84"
"31/08/2018","40,57","40,64","40,73","40,25","0,81","-0,07"
"30/08/2018","40,60","40,38","40,84","40,35","1,22","0,32"
"29/08/2018","40,47","40,90","40,94","40,41","1,60","-1,24"
"28/08/2018","40,98","41,39","41,45","40,81","2,32","-1,11"
"27/08/2018","41,44","41,90","41,95","41,40","2,33","-1,24"
"24/08/2018","41,96","41,96","42,08","41,66","1,35","-0,02"
"23/08/2018","41,97","42,10","42,26","41,91","1,70","-0,29"
"22/08/2018","42,09","41,88","42,30","41,71","2,08","0,60"
"21/08/2018","41,84","41,64","41,90","41,58","1,30","0,17"
"20/08/2018","41,77","41,87","41,96","41,40","1,82","-0,26"
"17/08/2018","41,88","41,26","41,90","41,25","1,76","1,26"
"16/08/2018","41,36","41,54","41,77","41,05","2,69","-0,17"
"15/08/2018","41,43","41,09","41,65","40,97","2,30","0,85"
"14/08/2018","41,08","41,25","41,27","40,80","1,92","-0,56"
"13/08/2018","41,31","41,52","41,96","41,05","2,96","-0,63"
"10/08/2018","41,57","42,24","42,39","41,33","3,55","-1,54"
"09/08/2018","42,22","42,25","42,64","41,86","3,76","0,02"
"08/08/2018","42,21","42,14","42,86","42,05","5,27","0,02"
"07/08/2018","42,20","41,40","42,28","41,40","3,80","1,61"
"06/08/2018","41,53","41,49","41,69","41,30","3,04","0,29"
"03/08/2018","41,41","41,05","41,48","40,81","3,19","0,68"
"02/08/2018","41,13","41,15","41,30","40,90","1,71","-0,07"
"01/08/2018","41,16","41,08","41,30","40,27","2,74","0,15"
"31/07/2018","41,10","41,10","41,30","40,78","2,18","-0,02"
"30/07/2018","41,11","40,76","41,16","40,60","2,06","0,96"
"27/07/2018","40,72","40,20","40,78","40,06","1,58","0,99"
"26/07/2018","40,32","39,72","40,45","39,70","2,70","1,36"
"25/07/2018","39,78","39,35","39,85","39,21","2,07","1,14"
"24/07/2018","39,33","39,25","39,40","39,00","3,15","0,10"
"23/07/2018","39,29","38,90","39,35","38,76","2,28","1,00"
"20/07/2018","38,90","39,48","39,51","38,81","4,32","-1,57"
"19/07/2018","39,52","38,94","39,59","38,93","2,85","1,59"
"18/07/2018","38,90","38,35","38,97","38,28","3,36","1,33"
"17/07/2018","38,39","38,00","38,41","37,99","3,03","0,63"
"16/07/2018","38,15","37,60","38,15","37,50","1,20","3,25"
"13/07/2018","36,95","37,10","37,10","37,00","0,02","0,08"
"12/07/2018","36,92","37,04","37,04","36,70","0,05","-0,16"
"11/07/2018","36,98","36,45","36,85","36,45","0,01","1,15"
"10/07/2018","36,56","36,84","36,84","36,51","0,01","-2,12"
"06/07/2018","37,35","36,36","37,11","36,35","0,05","2,02"
"05/07/2018","36,61","36,60","36,62","36,10","0,02","-0,97"
"04/07/2018","36,97","36,80","36,80","36,80","0,00","-0,16"
"03/07/2018","37,03","36,98","37,10","36,96","0,04","0,49"
"02/07/2018","36,85","36,81","36,81","36,80","0,04","-0,41"
"29/06/2018","37,00","36,95","37,10","36,80","0,01","0,35"
"28/06/2018","36,87","36,70","36,70","36,70","0,01","0,33"
"27/06/2018","36,75","36,21","36,85","36,21","0,02","-0,08"
"26/06/2018","36,78","36,85","36,85","36,85","0,00","-0,46"
"25/06/2018","36,95","37,35","37,35","36,90","0,01","-1,23"
"22/06/2018","37,41","37,50","37,50","37,50","0,00","0,24"
"21/06/2018","37,32","36,50","37,32","36,50","0,07","-0,48"
"20/06/2018","37,50","37,50","37,52","37,40","0,03","-2,34"
"19/06/2018","38,40","38,50","38,60","38,40","0,04","-1,61"
"18/06/2018","39,03","39,10","39,10","38,98","0,03","0,39"
"15/06/2018","38,88","38,70","38,90","38,70","0,01","0,47"
"14/06/2018","38,70","39,00","39,00","38,50","0,00","-0,90"
"13/06/2018","39,05","38,83","39,00","38,20","0,04","-1,98"
"12/06/2018","39,84","41,45","41,45","40,05","0,18","-3,61"
"11/06/2018","41,33","41,35","42,00","41,35","0,02","-1,74"
"08/06/2018","42,06","42,00","42,00","42,00","0,00","-1,64"
"07/06/2018","42,76","41,65","42,50","41,65","0,01","-0,16"
"06/06/2018","42,83","42,30","42,68","41,61","0,10","0,12"
"05/06/2018","42,78","42,70","42,80","42,30","0,06","-1,36"
"04/06/2018","43,37","43,65","43,65","43,25","0,01","-0,23"
"01/06/2018","43,47","43,95","43,95","43,05","0,03","0,72"
"30/05/2018","43,16","42,90","42,90","42,85","0,01","0,72"
"29/05/2018","42,85","43,00","43,01","42,85","0,02","-1,15"
"28/05/2018","43,35","43,01","43,01","43,01","0,00","-0,41"
"25/05/2018","43,53","43,30","43,34","43,30","0,02","-0,09"
"24/05/2018","43,57","43,65","43,65","43,40","0,03","0,51"
"23/05/2018","43,35","43,57","43,58","43,10","0,04","-0,62"
"22/05/2018","43,62","43,65","43,65","42,80","0,09","0,00"
"21/05/2018","43,62","43,50","43,65","43,00","0,11","-0,46"
"18/05/2018","43,82","42,80","43,64","41,91","0,10","1,93"
"17/05/2018","42,99","42,70","42,70","42,70","0,10","1,51"
"16/05/2018","42,35","42,38","42,49","42,10","0,00","0,19"
"15/05/2018","42,27","42,55","42,55","42,30","0,38","-0,68"
"14/05/2018","42,56","41,81","42,60","41,81","1,87","1,53"
"11/05/2018","41,92","42,25","42,40","41,80","2,30","-0,92"
"10/05/2018","42,31","42,50","42,65","42,25","0,71","-0,45"
"09/05/2018","42,50","42,33","42,68","42,01","1,21","0,43"
"08/05/2018","42,32","41,90","42,48","41,81","2,26","1,20"
"07/05/2018","41,82","41,01","42,00","41,00","2,64","1,41"
"04/05/2018","41,24","41,57","41,82","40,92","2,69","-0,82"
"03/05/2018","41,58","41,34","41,65","41,05","2,59","0,90"
"02/05/2018","41,21","40,08","41,45","40,08","3,91","2,79"
"30/04/2018","40,09","39,75","40,25","39,69","1,60","1,14"
"27/04/2018","39,64","39,78","39,85","39,37","1,61","-0,25"
"26/04/2018","39,74","39,87","40,00","39,50","2,33","-0,33"
"25/04/2018","39,87","39,00","40,00","38,95","3,24","2,20"
"24/04/2018","39,01","38,82","39,45","38,44","3,08","0,67"
"23/04/2018","38,75","38,19","38,85","37,82","2,50","1,71"
"20/04/2018","38,10","38,34","38,35","37,92","2,87","-0,55"
"19/04/2018","38,31","38,70","38,80","38,16","2,43","-1,42"
"18/04/2018","38,86","39,29","39,34","38,75","1,48","-1,12"
"17/04/2018","39,30","38,92","40,00","38,90","1,44","0,95"
"16/04/2018","38,93","38,93","39,00","38,38","0,99","0,13"
"13/04/2018","38,88","39,06","39,06","38,42","1,88","-0,18"
"12/04/2018","38,95","38,79","39,15","38,58","2,10","0,62"
"11/04/2018","38,71","40,09","40,09","38,66","5,48","-3,27"
"10/04/2018","40,02","40,63","40,80","39,95","3,26","-1,45"
"09/04/2018","40,61","40,61","40,78","40,25","2,62","-0,07"
"06/04/2018","40,64","40,03","40,78","39,92","4,73","1,52"
"05/04/2018","40,03","39,16","40,10","39,15","5,47","2,33"
"04/04/2018","39,12","38,70","39,50","38,07","3,95","1,29"
"03/04/2018","38,62","38,15","38,67","37,91","2,87","1,36"
"02/04/2018","38,10","37,57","38,20","37,57","2,70","1,38"
"29/03/2018","37,58","37,51","37,75","37,21","2,39","0,00"
"28/03/2018","37,58","37,75","37,85","37,46","1,34","-0,69"
"27/03/2018","37,84","38,10","38,85","37,71","2,56","-0,34"
"26/03/2018","37,97","37,65","38,26","37,20","2,60","0,56"
"23/03/2018","37,76","37,90","38,34","37,60","3,23","-0,68"
"22/03/2018","38,02","38,65","39,20","37,87","4,68","-1,76"
"21/03/2018","38,70","39,30","39,95","38,65","6,14","-1,38"
"20/03/2018","39,24","37,48","39,34","37,45","5,04","4,36"
"19/03/2018","37,60","38,40","38,64","37,50","3,52","-2,21"
"16/03/2018","38,45","39,02","39,11","38,29","2,96","-9,97"
"15/03/2018","42,71","43,05","43,10","42,85","0,35","-1,32"
"14/03/2018","43,28","43,10","43,29","42,90","0,66","0,53"
"13/03/2018","43,05","41,82","43,20","41,82","2,63","3,02"
"12/03/2018","41,79","40,90","41,89","40,52","1,47","2,15"
"09/03/2018","40,91","40,58","41,00","40,55","2,08","0,66"
"08/03/2018","40,64","40,26","40,76","40,24","0,94","0,87"
"07/03/2018","40,29","40,65","40,78","39,84","2,24","-1,01"
"06/03/2018","40,70","40,25","41,09","40,22","4,65","1,14"
"05/03/2018","40,24","40,45","40,55","39,65","3,51","-0,64"
"02/03/2018","40,50","39,80","40,58","39,60","2,53","1,78"
"01/03/2018","39,79","39,37","39,85","38,61","4,06","1,25"
"28/02/2018","39,30","39,41","40,36","38,39","5,09","-0,48"
"27/02/2018","39,49","39,05","39,65","38,19","3,55","1,36"
"26/02/2018","38,96","36,91","39,16","36,90","4,18","4,45"
"23/02/2018","37,30","36,24","37,56","36,18","6,30","2,84"
"22/02/2018","36,27","36,32","36,75","36,05","2,65","-0,33"
"21/02/2018","36,39","35,37","36,48","35,26","4,81","3,03"
"20/02/2018","35,32","35,25","35,35","35,25","4,09","1,76"
"19/02/2018","34,71","34,78","34,78","34,67","1,49","0,17"
"16/02/2018","34,65","34,14","34,68","34,06","2,02","1,46"
"15/02/2018","34,15","33,77","34,29","33,62","1,74","0,92"
"14/02/2018","33,84","33,66","33,94","33,66","0,34","0,21"
"09/02/2018","33,77","34,02","34,20","33,80","1,48","-1,08"
"08/02/2018","34,14","33,96","34,30","33,85","2,28","0,56"
"07/02/2018","33,95","33,69","34,03","33,65","2,18","0,68"
"06/02/2018","33,72","33,60","33,85","33,50","1,49","0,30"
"05/02/2018","33,62","33,29","33,65","33,21","2,13","1,08"
"02/02/2018","33,26","33,28","33,35","33,12","0,78","0,09"
"01/02/2018","33,23","33,13","33,35","33,10","1,00","0,61"
"31/01/2018","33,03","33,04","33,19","32,80","2,03","0,09"
"30/01/2018","33,00","33,15","33,45","33,05","2,04","-0,60"
"29/01/2018","33,20","32,62","33,21","32,61","1,02","1,68"
"26/01/2018","32,65","32,85","32,93","32,54","1,33","-0,67"
"24/01/2018","32,87","32,82","33,01","32,70","1,11","-0,15"
"23/01/2018","32,92","33,18","33,33","32,83","1,97","-0,78"
"22/01/2018","33,18","32,85","33,19","32,68","1,11","1,00"
"19/01/2018","32,85","32,60","33,04","32,56","1,70","0,67"
"18/01/2018","32,63","32,10","32,70","32,10","1,60","1,34"
"17/01/2018","32,20","31,82","32,41","31,68","3,04","1,07"
"16/01/2018","31,86","32,20","32,20","31,80","1,63","-2,12"
"15/01/2018","32,55","31,76","32,47","31,76","1,38","1,85"
"12/01/2018","31,96","31,92","32,10","31,88","1,40","0,03"
"11/01/2018","31,95","31,84","32,15","31,84","1,50","0,69"
"10/01/2018","31,73","32,34","32,60","31,75","1,67","-2,55"
"09/01/2018","32,56","32,81","32,90","32,44","1,29","-0,46"
"08/01/2018","32,71","32,76","33,00","32,65","0,70","-0,58"
"05/01/2018","32,90","33,15","33,20","32,56","0,57","-0,66"
"04/01/2018","33,12","33,25","33,42","33,03","1,44","-0,24"
"03/01/2018","33,20","33,11","33,33","32,75","0,60","0,00"
"02/01/2018","33,20","33,45","33,50","33,20","0,42","-0,60"