date,corn_br,RL - All collums,
2013-01-02 00:00:00,"34,12","34,20",
2013-01-03 00:00:00,"33,88","34,02","43,5905652"
2013-01-04 00:00:00,"33,7","33,78","43,32158376"
2013-01-07 00:00:00,"33,54","33,78","-37,27425591"
2013-01-08 00:00:00,"33,38","33,44","42,90363433"
2013-01-09 00:00:00,"33,16","33,28","42,95352854"
2013-01-10 00:00:00,"32,94","33,06","43,06264919"
2013-01-11 00:00:00,"32,68","32,84","42,93633812"
2013-01-14 00:00:00,"32,68","32,84","-73,55328538"
2013-01-15 00:00:00,"32,45","32,58","43,16357166"
2013-01-16 00:00:00,"32,42","32,36","42,66667741"
2013-01-17 00:00:00,"32,58","32,33","42,53646285"
2013-01-18 00:00:00,"32,6","32,48","42,78075494"
2013-01-22 00:00:00,"32,86","32,28","145,9560444"
2013-01-23 00:00:00,"32,73","32,76","43,12654042"
2013-01-24 00:00:00,"32,5","32,63","43,21750852"
2013-01-25 00:00:00,"32,19","32,40","42,79079433"
2013-01-28 00:00:00,"32,03","32,40","-95,40918115"
2013-01-29 00:00:00,"31,97","31,93","43,74675847"
2013-01-30 00:00:00,"31,9","31,87","43,82610274"
2013-01-31 00:00:00,"31,91","31,80","43,75481364"
2013-02-01 00:00:00,"31,91","31,80","50,99368472"
2013-02-04 00:00:00,"31,84","31,80","50,69081844"
2013-02-05 00:00:00,"32,1","31,73","50,7820302"
2013-02-06 00:00:00,"32,27","31,99","50,76737211"
2013-02-07 00:00:00,"32,53","32,16","51,36009959"
2013-02-08 00:00:00,"32,61","32,42","51,46988863"
2013-02-13 00:00:00,"32,87","32,42","87,31403777"
2013-02-14 00:00:00,"32,8","32,75","51,97581623"
2013-02-15 00:00:00,"32,34","32,69","51,66403017"
2013-02-19 00:00:00,"32,13","32,19","69,30305956"
2013-02-20 00:00:00,"32,01","32,02","51,02144372"
2013-02-21 00:00:00,"32,25","31,90","50,17891405"
2013-02-22 00:00:00,"32,34","32,14","50,52111257"
2013-02-25 00:00:00,"32,45","32,14","90,80781982"
2013-02-26 00:00:00,"32,51","32,34","50,95349542"
2013-02-27 00:00:00,"32,53","32,40","51,45745851"
2013-02-28 00:00:00,"32,38","32,42","51,57624968"
2013-03-01 00:00:00,"32,23","32,27","51,54712806"
2013-03-04 00:00:00,"32,35","32,26","-15,73596091"
2013-03-05 00:00:00,"32,19","32,23","52,19296648"
2013-03-06 00:00:00,"32,07","32,08","51,04007026"
2013-03-07 00:00:00,"31,85","31,96","51,28774577"
2013-03-08 00:00:00,"31,69","31,73","51,89031053"
2013-03-11 00:00:00,"31,67","31,73","-20,19057595"
2013-03-12 00:00:00,"31,21","31,56","51,51580532"
2013-03-13 00:00:00,"31,13","31,10","50,65384183"
2013-03-14 00:00:00,"30,69","31,02","50,30023921"
2013-03-15 00:00:00,"30,69","30,58","48,90227207"
2013-03-18 00:00:00,"30,37","30,58","48,98518853"
2013-03-19 00:00:00,"30,16","30,26","48,69528796"
2013-03-20 00:00:00,"29,89","30,05","48,38056299"
2013-03-21 00:00:00,"29,74","29,80","41,70338495"
2013-03-22 00:00:00,"29,5","29,65","41,26069514"
2013-03-25 00:00:00,"29,46","29,64","-60,84810906"
2013-03-26 00:00:00,"29,26","29,36","46,51915394"
2013-03-27 00:00:00,"29,07","29,16","46,5862963"
2013-03-28 00:00:00,"29,07","28,97","44,7489657"
2013-04-01 00:00:00,"28,46","28,99","35,30335465"
2013-04-02 00:00:00,"28,22","28,38","34,44829859"
2013-04-03 00:00:00,"28,07","28,14","33,97861592"
2013-04-04 00:00:00,"27,6","28,00","33,74574546"
2013-04-05 00:00:00,"27,59","27,52","33,90424202"
2013-04-08 00:00:00,"27,78","27,52","29,3538865"
2013-04-09 00:00:00,"27,28","27,70","34,77089631"
2013-04-10 00:00:00,"27,01","27,20","34,42902941"
2013-04-11 00:00:00,"26,8","26,93","34,14140633"
2013-04-12 00:00:00,"26,71","26,72","34,19987434"
2013-04-15 00:00:00,"26,48","26,74","-13,70145507"
2013-04-16 00:00:00,"26,15","26,41","33,36950268"
2013-04-17 00:00:00,"25,8","26,09","26,31787213"
2013-04-18 00:00:00,"25,67","25,73","30,88685909"
2013-04-19 00:00:00,"25,73","25,60","31,17650727"
2013-04-22 00:00:00,"25,51","25,60","57,66569968"
2013-04-23 00:00:00,"25,11","25,44","30,11477817"
2013-04-24 00:00:00,"25,22","25,04","30,01246866"
2013-04-25 00:00:00,"25,14","25,17","24,54358996"
2013-04-26 00:00:00,"24,91","25,07","30,5598644"
2013-04-29 00:00:00,"24,79","25,08","-77,77237096"
2013-04-30 00:00:00,"24,91","24,73","25,11230723"
2013-05-02 00:00:00,"25,1","24,77","62,18879171"
2013-05-03 00:00:00,"25,28","25,08","8,698797892"
2013-05-06 00:00:00,"25,28","25,08","89,04704363"
2013-05-07 00:00:00,"25,49","25,26","8,279598658"
2013-05-08 00:00:00,"25,5","25,47","8,59808677"
2013-05-09 00:00:00,"25,52","25,47","14,7346978"
2013-05-10 00:00:00,"25,65","25,49","14,36091056"
2013-05-13 00:00:00,"25,72","25,50","68,40114028"
2013-05-14 00:00:00,"25,86","25,69","15,21235791"
2013-05-15 00:00:00,"26,14","25,83","13,61282475"
2013-05-16 00:00:00,"26,16","26,11","13,5993091"
2013-05-17 00:00:00,"26,33","26,13","13,71390427"
2013-05-20 00:00:00,"26,29","26,13","89,97745667"
2013-05-21 00:00:00,"26,5","26,26","13,32093559"
2013-05-22 00:00:00,"26,2","26,47","13,94605843"
2013-05-23 00:00:00,"26,45","26,17","13,78275799"
2013-05-24 00:00:00,"26,53","26,42","13,75320311"
2013-05-28 00:00:00,"26,5","26,41","53,79681661"
2013-05-29 00:00:00,"26,74","26,47","12,27357059"
2013-05-31 00:00:00,"26,65","26,48","119,2182426"
2013-06-03 00:00:00,"27,19","26,42","102,554659"
2013-06-04 00:00:00,"27,31","27,11","36,11282356"
2013-06-05 00:00:00,"27,4","27,23","36,19594289"
2013-06-06 00:00:00,"27,24","27,32","36,34897646"
2013-06-07 00:00:00,"27,26","27,16","36,16719856"
2013-06-10 00:00:00,"27,01","27,16","44,22806347"
2013-06-11 00:00:00,"26,51","26,93","35,63470457"
2013-06-12 00:00:00,"26,43","26,43","33,95186021"
2013-06-13 00:00:00,"26,33","26,35","34,65763676"
2013-06-14 00:00:00,"26,31","26,25","33,92956092"
2013-06-17 00:00:00,"26,15","26,25","24,80584346"
2013-06-18 00:00:00,26,"26,08","33,38256926"
2013-06-19 00:00:00,"25,82","25,93","32,11333491"
2013-06-20 00:00:00,"25,73","25,75","30,56628403"
2013-06-21 00:00:00,"25,82","25,66","30,59296993"
2013-06-24 00:00:00,"25,93","25,66","71,31841606"
2013-06-25 00:00:00,"26,23","25,86","31,57117"
2013-06-26 00:00:00,"26,09","26,16","33,04288872"
2013-06-27 00:00:00,"26,16","26,02","32,57125415"
2013-06-28 00:00:00,"26,16","26,09","32,02769963"
2013-07-01 00:00:00,"26,15","26,14","10,50884381"
2013-07-02 00:00:00,"26,16","26,13","10,22494729"
2013-07-03 00:00:00,"26,07","26,14","9,997322457"
2013-07-04 00:00:00,"25,84","26,06","6,031224125"
2013-07-05 00:00:00,"25,74","25,82","10,22647483"
2013-07-08 00:00:00,"25,72","25,82","-34,91431991"
2013-07-10 00:00:00,"25,23","25,82","-43,36516178"
2013-07-11 00:00:00,"25,24","25,21","10,32170196"
2013-07-12 00:00:00,"25,17","25,22","9,457516798"
2013-07-15 00:00:00,"24,74","25,23","-25,65334027"
2013-07-16 00:00:00,"24,64","24,73","4,401425478"
2013-07-17 00:00:00,"24,75","24,63","4,888134448"
2013-07-18 00:00:00,"24,72","24,74","5,075014514"
2013-07-19 00:00:00,"24,67","24,71","4,529791865"
2013-07-22 00:00:00,"24,52","24,71","-17,64751908"
2013-07-23 00:00:00,"24,32","24,51","4,60444993"
2013-07-24 00:00:00,"24,3","24,31","2,737904892"
2013-07-25 00:00:00,"24,58","24,29","2,59263212"
2013-07-26 00:00:00,"24,53","24,57","2,433256504"
2013-07-29 00:00:00,"24,36","24,58","-20,51272247"
2013-07-30 00:00:00,"24,22","24,36","1,432930465"
2013-07-31 00:00:00,"24,22","24,22","1,531285607"
2013-08-01 00:00:00,"23,87","24,20","7,2175224"
2013-08-02 00:00:00,"23,75","23,85","6,892328701"
2013-08-05 00:00:00,"23,76","23,86","-47,86780422"
2013-08-06 00:00:00,"23,58","23,75","6,275098212"
2013-08-07 00:00:00,"23,46","23,57","5,449688374"
2013-08-08 00:00:00,"23,36","23,45","6,343612995"
2013-08-09 00:00:00,"23,28","23,35","6,352942792"
2013-08-12 00:00:00,"23,14","23,35","-29,92937281"
2013-08-13 00:00:00,"23,22","23,13","4,446040839"
2013-08-14 00:00:00,"23,18","23,21","4,526442442"
2013-08-15 00:00:00,"23,05","23,17","4,489432363"
2013-08-16 00:00:00,"23,16","23,04","2,497091706"
2013-08-19 00:00:00,"23,62","23,04","51,97539265"
2013-08-20 00:00:00,"24,11","23,61","3,561855324"
2013-08-21 00:00:00,"24,35","24,10","2,892543474"
2013-08-22 00:00:00,"24,88","24,34","3,438482006"
2013-08-23 00:00:00,"24,77","24,86","7,039212892"
2013-08-26 00:00:00,"24,96","24,87","-42,76943415"
2013-08-27 00:00:00,"25,12","24,95","6,569592434"
2013-08-28 00:00:00,"25,47","25,10","7,774575571"
2013-08-29 00:00:00,"25,32","25,45","7,571737775"
2013-08-30 00:00:00,"25,38","25,31","6,492206719"
2013-09-03 00:00:00,"25,69","25,43","-24,48907286"
2013-09-04 00:00:00,"25,75","25,60","38,56347681"
2013-09-05 00:00:00,"25,77","25,66","39,59054222"
2013-09-06 00:00:00,"25,85","25,68","40,23576421"
2013-09-09 00:00:00,"25,68","25,68","76,71936053"
2013-09-10 00:00:00,"25,5","25,59","40,29587499"
2013-09-11 00:00:00,"25,28","25,41","40,39382506"
2013-09-12 00:00:00,"25,27","25,19","40,12613447"
2013-09-13 00:00:00,"25,34","25,18","39,06762133"
2013-09-16 00:00:00,"25,22","25,18","70,64547433"
2013-09-17 00:00:00,"24,74","25,13","39,8593345"
2013-09-18 00:00:00,"24,85","24,65","41,37386143"
2013-09-19 00:00:00,"24,9","24,76","41,13704813"
2013-09-20 00:00:00,"24,82","24,81","40,71476303"
2013-09-23 00:00:00,"24,64","24,81","5,136286839"
2013-09-24 00:00:00,"24,29","24,55","40,56431079"
2013-09-25 00:00:00,"24,33","24,20","39,30824148"
2013-09-26 00:00:00,"24,34","24,24","39,0148984"
2013-09-27 00:00:00,"24,42","24,25","38,74993713"
2013-09-30 00:00:00,"24,31","24,25","75,46346886"
2013-10-01 00:00:00,"23,9","24,27","17,24242943"
2013-10-02 00:00:00,"23,81","23,86","17,41159162"
2013-10-03 00:00:00,"23,74","23,77","16,82025024"
2013-10-04 00:00:00,"23,66","23,70","16,69383014"
2013-10-07 00:00:00,"23,68","23,70","-18,90027283"
2013-10-08 00:00:00,"23,63","23,64","16,57970091"
2013-10-09 00:00:00,"23,51","23,59","16,68551586"
2013-10-10 00:00:00,"23,36","23,47","17,1965499"
2013-10-11 00:00:00,"23,56","23,32","17,01418335"
2013-10-14 00:00:00,"23,52","23,32","106,8982766"
2013-10-15 00:00:00,"23,67","23,48","17,43834508"
2013-10-16 00:00:00,"23,66","23,63","17,53547898"
2013-10-17 00:00:00,"23,89","23,62","18,38316283"
2013-10-18 00:00:00,"23,91","23,85","18,15812806"
2013-10-21 00:00:00,"24,22","23,85","27,09503792"
2013-10-22 00:00:00,"24,34","24,18","18,40721671"
2013-10-23 00:00:00,"24,8","24,30","18,23782881"
2013-10-24 00:00:00,"25,11","24,76","18,31665295"
2013-10-25 00:00:00,"24,95","25,07","19,23472394"
2013-10-28 00:00:00,"25,09","25,07","-52,83025131"
2013-10-29 00:00:00,"24,94","25,05","19,0435814"
2013-10-30 00:00:00,"25,14","24,90","18,81201655"
2013-10-31 00:00:00,"24,77","25,10","17,3235915"
2013-11-01 00:00:00,"24,77","24,74","12,79046095"
2013-11-04 00:00:00,"24,78","24,74","13,09101104"
2013-11-05 00:00:00,"24,98","24,75","11,95739154"
2013-11-06 00:00:00,"24,99","24,95","12,02279855"
2013-11-07 00:00:00,"24,98","24,96","11,39680122"
2013-11-08 00:00:00,"24,97","24,95","11,31939376"
2013-11-11 00:00:00,"24,97","24,96","6,560376106"
2013-11-12 00:00:00,"25,3","24,95","10,89382798"
2013-11-13 00:00:00,"25,78","25,27","11,26924356"
2013-11-14 00:00:00,"25,79","25,75","12,43767507"
2013-11-18 00:00:00,"25,75","25,75","18,024398"
2013-11-19 00:00:00,"25,77","25,72","13,41603796"
2013-11-20 00:00:00,"25,72","25,74","13,40864353"
2013-11-21 00:00:00,"25,99","25,69","12,47490565"
2013-11-22 00:00:00,"25,97","25,96","13,65940526"
2013-11-25 00:00:00,"25,62","25,96","4,587198757"
2013-11-26 00:00:00,"26,25","25,59","12,48669651"
2013-11-27 00:00:00,"26,49","26,22","12,31115467"
2013-11-29 00:00:00,"26,45","26,50","-5,537685269"
2013-12-02 00:00:00,"26,28","26,47","-10,17297658"
2013-12-03 00:00:00,"26,44","26,22","25,04392031"
2013-12-04 00:00:00,"26,34","26,38","24,89939265"
2013-12-05 00:00:00,"26,3","26,28","25,59389806"
2013-12-06 00:00:00,"26,37","26,24","26,62508845"
2013-12-09 00:00:00,"26,56","26,24","58,47585271"
2013-12-10 00:00:00,"26,36","26,50","27,63132118"
2013-12-11 00:00:00,"26,32","26,30","26,48714508"
2013-12-12 00:00:00,"26,29","26,26","26,60091003"
2013-12-13 00:00:00,"26,26","26,23","26,40355243"
2013-12-16 00:00:00,"26,25","26,23","13,05476914"
2013-12-17 00:00:00,"26,36","26,19","26,86186096"
2013-12-18 00:00:00,"26,42","26,30","26,75426675"
2013-12-19 00:00:00,"26,55","26,36","26,17671172"
2013-12-20 00:00:00,"26,68","26,49","25,40534703"
2013-12-23 00:00:00,"26,69","26,49","84,86285442"
2013-12-26 00:00:00,"26,74","26,49","89,27848923"
2013-12-27 00:00:00,"26,79","26,68","26,98783832"
2013-12-30 00:00:00,"26,54","26,68","48,64493557"
2014-01-02 00:00:00,"26,64","26,81","-120,3736963"
2014-01-03 00:00:00,27,"26,71","-30,08320285"
2014-01-06 00:00:00,"27,29","26,71","132,0593321"
2014-01-07 00:00:00,"27,49","27,35","-28,98246751"
2014-01-08 00:00:00,"27,16","27,56","-29,71626302"
2014-01-09 00:00:00,"27,17","27,23","-30,1363947"
2014-01-10 00:00:00,"27,17","27,23","-28,51353834"
2014-01-13 00:00:00,"27,32","27,23","-28,50239553"
2014-01-14 00:00:00,"27,35","27,38","-28,09747677"
2014-01-15 00:00:00,"27,3","27,41","-28,54217581"
2014-01-16 00:00:00,"27,07","27,36","-28,63677587"
2014-01-17 00:00:00,"27,02","27,13","-28,44068377"
2014-01-21 00:00:00,"26,65","26,87","65,27621874"
2014-01-22 00:00:00,"26,59","26,72","-29,88163625"
2014-01-23 00:00:00,"26,47","26,66","-30,57342283"
2014-01-24 00:00:00,"26,04","26,54","-30,79458963"
2014-01-27 00:00:00,"26,16","26,54","-224,9336022"
2014-01-28 00:00:00,"26,24","26,23","-32,00221277"
2014-01-29 00:00:00,"26,22","26,31","-32,29963829"
2014-01-30 00:00:00,"26,46","26,29","-31,43226561"
2014-01-31 00:00:00,"26,65","26,53","-31,11104885"
2014-02-03 00:00:00,"26,91","26,44","93,75186645"
2014-02-04 00:00:00,"27,41","26,89","10,11519157"
2014-02-05 00:00:00,"28,06","27,39","11,06510721"
2014-02-06 00:00:00,"28,52","28,03","12,44917226"
2014-02-07 00:00:00,"28,31","28,49","13,1960965"
2014-02-10 00:00:00,"28,37","28,49","-82,21742093"
2014-02-11 00:00:00,"28,93","28,34","12,28659259"
2014-02-12 00:00:00,"29,51","28,90","12,25840939"
2014-02-13 00:00:00,"29,7","29,48","14,04234207"
2014-02-14 00:00:00,"30,11","29,67","14,59468838"
2014-02-18 00:00:00,"30,96","30,10","6,127617658"
2014-02-19 00:00:00,"31,76","30,92","16,44991186"
2014-02-20 00:00:00,"32,51","31,72","18,34525495"
2014-02-21 00:00:00,"33,13","32,47","20,05584498"
2014-02-24 00:00:00,"33,15","32,47","299,2043109"
2014-02-25 00:00:00,"33,62","33,10","21,1655592"
2014-02-26 00:00:00,"33,74","33,57","21,54912379"
2014-02-27 00:00:00,"33,68","33,69","22,32739903"
2014-02-28 00:00:00,"33,95","33,63","22,0371686"
2014-03-05 00:00:00,"33,85","33,67","126,9196168"
2014-03-06 00:00:00,"33,82","33,84","5,822789338"
2014-03-07 00:00:00,"34,03","33,81","5,106668537"
2014-03-10 00:00:00,"34,16","33,81","99,05100175"
2014-03-11 00:00:00,"34,11","34,15","4,769553813"
2014-03-12 00:00:00,"33,85","34,10","5,247404535"
2014-03-13 00:00:00,"33,64","33,84","4,533909388"
2014-03-14 00:00:00,"33,51","33,63","4,409030824"
2014-03-17 00:00:00,"33,37","33,63","-53,97505892"
2014-03-18 00:00:00,"32,97","33,36","4,837407597"
2014-03-19 00:00:00,"32,78","32,96","3,9147707"
2014-03-20 00:00:00,"32,2","32,77","3,965838982"
2014-03-21 00:00:00,"31,9","32,19","3,282236639"
2014-03-24 00:00:00,"31,97","32,19","-131,3164952"
2014-03-25 00:00:00,"31,88","31,96","3,594095885"
2014-03-26 00:00:00,"31,55","31,87","3,629611926"
2014-03-27 00:00:00,"31,67","31,54","4,762883003"
2014-03-28 00:00:00,"31,44","31,66","4,853526865"
2014-03-31 00:00:00,"31,34","31,66","-98,65269205"
2014-04-01 00:00:00,"31,32","31,32","7,122196834"
2014-04-02 00:00:00,"31,26","31,31","6,478708004"
2014-04-03 00:00:00,"31,29","31,25","6,215824884"
2014-04-04 00:00:00,"31,33","31,27","7,626958482"
2014-04-07 00:00:00,"31,24","31,27","26,0698969"
2014-04-08 00:00:00,"31,28","31,22","8,776091201"
2014-04-09 00:00:00,"31,44","31,26","9,159961052"
2014-04-10 00:00:00,"31,28","31,42","8,710250921"
2014-04-11 00:00:00,"31,32","31,26","8,048198167"
2014-04-14 00:00:00,"31,26","31,26","26,31995399"
2014-04-15 00:00:00,"31,53","31,24","7,740862687"
2014-04-16 00:00:00,"31,32","31,51","7,59885794"
2014-04-17 00:00:00,"31,18","31,30","7,405248039"
2014-04-22 00:00:00,"31,56","31,30","-55,5608907"
2014-04-23 00:00:00,"31,33","31,54","8,505265057"
2014-04-24 00:00:00,"31,01","31,31","8,341768046"
2014-04-25 00:00:00,"30,95","30,99","7,140954219"
2014-04-28 00:00:00,"30,73","30,99","-19,20397005"
2014-04-29 00:00:00,"30,48","30,71","7,281954012"
2014-04-30 00:00:00,"30,49","30,46","6,969281507"
2014-05-02 00:00:00,"30,4","30,38","49,93546108"
2014-05-05 00:00:00,"30,39","30,38","9,017269338"
2014-05-06 00:00:00,"30,34","30,29","45,61380714"
2014-05-07 00:00:00,"29,62","30,24","45,84290848"
2014-05-08 00:00:00,"29,54","29,52","44,97476442"
2014-05-09 00:00:00,"29,41","29,44","44,68656814"
2014-05-12 00:00:00,"29,48","29,44","-14,09517327"
2014-05-13 00:00:00,"28,85","29,38","44,47968349"
2014-05-14 00:00:00,"28,96","28,75","43,72708994"
2014-05-15 00:00:00,"28,75","28,86","43,01680019"
2014-05-16 00:00:00,"28,35","28,65","42,87542914"
2014-05-19 00:00:00,"28,43","28,65","-137,0488927"
2014-05-20 00:00:00,"28,02","28,34","42,06661343"
2014-05-21 00:00:00,"28,01","27,93","41,80151895"
2014-05-22 00:00:00,"27,95","27,92","41,61963378"
2014-05-23 00:00:00,28,"27,86","41,32549356"
2014-05-27 00:00:00,"27,88","27,79","94,54066567"
2014-05-28 00:00:00,"28,03","27,79","40,78608476"
2014-05-29 00:00:00,"27,74","27,94","41,12415022"
2014-05-30 00:00:00,"27,71","27,65","40,13240923"
2014-06-02 00:00:00,"27,78","27,68","13,25715774"
2014-06-03 00:00:00,"27,71","27,72","26,48088663"
2014-06-04 00:00:00,"27,33","27,65","26,39527107"
2014-06-05 00:00:00,"27,28","27,27","26,14360989"
2014-06-06 00:00:00,"27,11","27,22","26,81247128"
2014-06-09 00:00:00,"27,03","27,22","-49,33126991"
2014-06-10 00:00:00,"26,87","26,97","26,81090865"
2014-06-11 00:00:00,"26,67","26,81","26,11644159"
2014-06-12 00:00:00,"26,66","26,61","26,03714273"
2014-06-13 00:00:00,"26,42","26,60","26,29457947"
2014-06-16 00:00:00,"26,24","26,60","-82,19944236"
2014-06-17 00:00:00,"26,23","26,19","24,31271953"
2014-06-18 00:00:00,"25,93","26,17","25,41030821"
2014-06-20 00:00:00,"25,9","26,17","-109,2748117"
2014-06-23 00:00:00,"25,91","26,17","-122,6937804"
2014-06-24 00:00:00,"25,52","25,85","25,09710792"
2014-06-25 00:00:00,"25,48","25,46","25,02300757"
2014-06-26 00:00:00,"25,18","25,42","25,35238324"
2014-06-27 00:00:00,"25,16","25,12","25,03164364"
2014-06-30 00:00:00,"25,16","25,13","14,83956494"
2014-07-01 00:00:00,"24,46","25,13","13,6927596"
2014-07-02 00:00:00,"24,89","24,43","11,87939164"
2014-07-03 00:00:00,"24,66","24,86","12,88318613"
2014-07-07 00:00:00,"24,39","24,86","-91,27087902"
2014-07-08 00:00:00,"24,48","24,36","11,85975837"
2014-07-10 00:00:00,"24,35","24,36","51,91233068"
2014-07-11 00:00:00,"24,28","24,32","11,28516405"
2014-07-14 00:00:00,"23,98","24,32","-20,1993558"
2014-07-15 00:00:00,"23,91","23,96","10,00883976"
2014-07-16 00:00:00,"23,84","23,89","9,923515709"
2014-07-17 00:00:00,"23,55","23,82","8,819329059"
2014-07-18 00:00:00,"23,43","23,53","9,157272551"
2014-07-21 00:00:00,"23,1","23,53","-44,89800685"
2014-07-22 00:00:00,"22,99","23,08","8,574866467"
2014-07-23 00:00:00,"22,88","22,97","8,333145144"
2014-07-24 00:00:00,"22,91","22,86","8,009954317"
2014-07-25 00:00:00,"22,71","22,89","7,909219363"
2014-07-28 00:00:00,"22,77","22,89","-81,73842455"
2014-07-29 00:00:00,"22,69","22,75","7,623238726"
2014-07-30 00:00:00,"22,73","22,67","7,067053311"
2014-07-31 00:00:00,"22,73","22,72","6,414697081"
2014-08-01 00:00:00,"22,93","22,75","-7,462988747"
2014-08-04 00:00:00,"22,88","22,75","82,69835843"
2014-08-05 00:00:00,"22,72","22,90","-7,881144651"
2014-08-06 00:00:00,"23,2","22,74","-7,64544987"
2014-08-07 00:00:00,"23,41","23,22","-7,759530998"
2014-08-08 00:00:00,"23,22","23,43","-7,265084798"
2014-08-11 00:00:00,"23,21","23,43","-92,43848596"
2014-08-12 00:00:00,"23,21","23,23","-7,198954773"
2014-08-13 00:00:00,"23,1","23,23","-7,323689878"
2014-08-14 00:00:00,"22,97","23,12","-6,937394806"
2014-08-15 00:00:00,"22,91","22,99","-6,796214299"
2014-08-18 00:00:00,"22,85","22,99","-33,88274903"
2014-08-19 00:00:00,"22,8","22,86","-6,664449049"
2014-08-20 00:00:00,"22,79","22,82","-7,299954807"
2014-08-21 00:00:00,"22,66","22,81","-7,423958164"
2014-08-22 00:00:00,"22,64","22,68","-7,781283461"
2014-08-25 00:00:00,"22,73","22,68","-17,26908284"
2014-08-26 00:00:00,"22,82","22,75","-7,489323716"
2014-08-27 00:00:00,"22,79","22,84","-6,917662013"
2014-08-28 00:00:00,"22,65","22,80","-6,612747131"
2014-08-29 00:00:00,"22,59","22,66","-6,724359745"
2014-09-02 00:00:00,"22,31","22,48","49,10803301"
2014-09-03 00:00:00,"22,22","22,28","12,58303962"
2014-09-04 00:00:00,"21,93","22,19","12,1039867"
2014-09-05 00:00:00,"21,93","21,90","12,11013007"
2014-09-08 00:00:00,"21,87","21,91","11,06116759"
2014-09-09 00:00:00,"21,76","21,85","10,30541986"
2014-09-10 00:00:00,"21,8","21,74","10,17772545"
2014-09-11 00:00:00,"21,98","21,78","9,729835361"
2014-09-12 00:00:00,"21,84","21,96","8,950188381"
2014-09-15 00:00:00,"21,99","21,96","-54,03345871"
2014-09-16 00:00:00,"21,89","21,97","9,313390143"
2014-09-17 00:00:00,"22,03","21,87","8,329183504"
2014-09-18 00:00:00,"21,99","22,01","8,22475079"
2014-09-19 00:00:00,"21,94","21,97","7,852742807"
2014-09-22 00:00:00,"21,95","21,97","-15,60331762"
2014-09-23 00:00:00,"22,1","21,94","6,288228564"
2014-09-24 00:00:00,"22,09","22,08","7,476143582"
2014-09-25 00:00:00,"22,11","22,08","5,996550086"
2014-09-26 00:00:00,"22,11","22,10","6,184505438"
2014-09-29 00:00:00,"22,16","22,10","5,448396592"
2014-09-30 00:00:00,"22,02","22,15","5,388741148"
2014-10-01 00:00:00,"21,78","22,08","-24,94945881"
2014-10-02 00:00:00,"21,91","21,84","-25,65298314"
2014-10-03 00:00:00,"21,98","21,96","-24,3510282"
2014-10-06 00:00:00,"21,94","21,96","8,496314816"
2014-10-07 00:00:00,"21,79","21,99","-21,87486719"
2014-10-08 00:00:00,"22,04","21,84","-21,41532372"
2014-10-09 00:00:00,"22,07","22,09","-21,66945727"
2014-10-10 00:00:00,22,"22,12","-22,90872823"
2014-10-13 00:00:00,"22,39","22,12","-52,96790544"
2014-10-14 00:00:00,"22,87","22,44","-20,86847623"
2014-10-15 00:00:00,"22,78","22,92","-22,25899419"
2014-10-16 00:00:00,"22,82","22,83","-22,67885969"
2014-10-17 00:00:00,"23,74","22,87","-21,62327322"
2014-10-20 00:00:00,"23,83","22,87","391,4849155"
2014-10-21 00:00:00,"24,57","23,88","-21,35209207"
2014-10-22 00:00:00,"24,66","24,62","-20,61115719"
2014-10-23 00:00:00,"24,96","24,71","-20,62858362"
2014-10-24 00:00:00,"25,1","25,00","-19,66246592"
2014-10-27 00:00:00,"25,37","25,01","42,16442129"
2014-10-28 00:00:00,"25,99","25,41","-18,35752354"
2014-10-29 00:00:00,"26,17","26,03","-17,16386399"
2014-10-30 00:00:00,"26,35","26,20","-15,20194989"
2014-10-31 00:00:00,"26,21","26,39","-17,13763946"
2014-11-03 00:00:00,"26,53","26,37","-70,79499928"
2014-11-04 00:00:00,"26,44","26,55","-7,833332602"
2014-11-05 00:00:00,"26,77","26,46","-8,02196061"
2014-11-06 00:00:00,"26,58","26,79","-9,502229268"
2014-11-07 00:00:00,"26,81","26,60","-9,546808547"
2014-11-10 00:00:00,"26,93","26,60","94,18616565"
2014-11-11 00:00:00,"27,29","26,95","-8,832651985"
2014-11-12 00:00:00,"27,77","27,31","-8,483591766"
2014-11-13 00:00:00,"27,55","27,79","-8,237066148"
2014-11-14 00:00:00,"27,84","27,57","-9,072576904"
2014-11-17 00:00:00,"27,92","27,57","121,1055997"
2014-11-18 00:00:00,"28,58","27,94","-8,271472826"
2014-11-19 00:00:00,"28,75","28,60","-7,304454993"
2014-11-20 00:00:00,"28,4","28,77","-6,795069764"
2014-11-21 00:00:00,"28,36","28,41","-5,539946254"
2014-11-24 00:00:00,"28,69","28,41","-24,62479468"
2014-11-25 00:00:00,"28,43","28,70","-5,547098438"
2014-11-26 00:00:00,"28,07","28,44","-4,898058406"
2014-11-27 00:00:00,"27,93","28,08","-5,87779693"
2014-11-28 00:00:00,"27,52","27,95","-7,63810884"
2014-12-01 00:00:00,"27,1","27,92","-181,1561158"
2014-12-02 00:00:00,"26,76","27,10","1,704542174"
2014-12-03 00:00:00,"26,78","26,76","1,740237577"
2014-12-04 00:00:00,"26,71","26,78","0,8052925383"
2014-12-05 00:00:00,"26,61","26,71","0,9376038778"
2014-12-08 00:00:00,"26,69","26,71","-44,51633424"
2014-12-09 00:00:00,"26,74","26,69","0,849493852"
2014-12-10 00:00:00,"26,95","26,74","0,1985789576"
2014-12-11 00:00:00,"27,24","26,95","-0,3007974929"
2014-12-12 00:00:00,"27,44","27,24","0,1507639276"
2014-12-15 00:00:00,"27,93","27,24","89,28066228"
2014-12-16 00:00:00,"28,11","27,93","-1,141643283"
2014-12-17 00:00:00,"28,09","28,11","-0,1237775771"
2014-12-18 00:00:00,"28,4","28,09","1,540334801"
2014-12-19 00:00:00,"28,49","28,40","2,037461475"
2014-12-22 00:00:00,"28,54","28,40","42,43298553"
2014-12-23 00:00:00,"28,67","28,54","1,281717948"
2014-12-26 00:00:00,"28,66","28,54","60,59784934"
2014-12-29 00:00:00,"28,72","28,54","54,99722926"
2014-12-30 00:00:00,"28,75","28,71","2,428945842"
2015-01-02 00:00:00,"28,72","28,75","0,54980814"
2015-01-05 00:00:00,"28,55","28,75","-13,00951709"
2015-01-06 00:00:00,"28,2","28,58","-13,08478699"
2015-01-07 00:00:00,"28,1","28,23","-13,33473363"
2015-01-08 00:00:00,"28,04","28,13","-12,91198227"
2015-01-09 00:00:00,"27,95","28,07","-11,81146275"
2015-01-12 00:00:00,"27,62","28,07","-53,57357135"
2015-01-13 00:00:00,"27,6","27,65","-13,23143876"
2015-01-14 00:00:00,"27,46","27,63","-12,58141526"
2015-01-15 00:00:00,"27,48","27,49","-13,60567606"
2015-01-16 00:00:00,"27,25","27,51","-12,71894123"
2015-01-20 00:00:00,"27,29","27,26","-3,747557901"
2015-01-21 00:00:00,"27,1","27,32","-12,3291172"
2015-01-22 00:00:00,"26,87","27,13","-11,93321736"
2015-01-23 00:00:00,"26,79","26,90","-12,31854399"
2015-01-26 00:00:00,"26,77","26,90","-48,51838128"
2015-01-27 00:00:00,"26,62","26,80","-12,40428403"
2015-01-28 00:00:00,"26,56","26,65","-12,97952322"
2015-01-29 00:00:00,"26,62","26,59","-13,94002684"
2015-01-30 00:00:00,"26,78","26,66","-16,30033878"
2015-02-02 00:00:00,"26,85","26,70","37,82106329"
2015-02-03 00:00:00,"26,94","26,92","-32,37810815"
2015-02-04 00:00:00,"27,13","27,02","-33,75951848"
2015-02-05 00:00:00,"27,6","27,20","-33,54230788"
2015-02-06 00:00:00,"27,65","27,68","-34,0109055"
2015-02-09 00:00:00,"27,64","27,67","-10,95625282"
2015-02-10 00:00:00,"27,62","27,72","-35,46043428"
2015-02-11 00:00:00,"27,63","27,70","-36,62080297"
2015-02-12 00:00:00,"27,72","27,71","-35,22354821"
2015-02-13 00:00:00,"27,97","27,80","-35,38148316"
2015-02-18 00:00:00,"28,04","27,80","76,9260592"
2015-02-19 00:00:00,"28,18","28,12","-35,82985922"
2015-02-20 00:00:00,"28,35","28,26","-35,81910781"
2015-02-23 00:00:00,"28,77","28,26","40,15329885"
2015-02-24 00:00:00,"28,84","28,85","-34,17410098"
2015-02-25 00:00:00,"28,94","28,92","-35,40688576"
2015-02-26 00:00:00,"29,03","29,02","-36,1556547"
2015-02-27 00:00:00,"28,96","29,11","-33,78068895"
2015-03-02 00:00:00,"29,31","29,15","-84,17140635"
2015-03-03 00:00:00,"29,34","29,43","-53,23435927"
2015-03-04 00:00:00,"29,46","29,46","-54,5906924"
2015-03-05 00:00:00,"29,44","29,60","-60,97685906"
2015-03-06 00:00:00,"29,42","29,57","-57,10687944"
2015-03-09 00:00:00,"29,49","29,57","-67,82567343"
2015-03-10 00:00:00,"29,64","29,62","-58,17613272"
2015-03-11 00:00:00,"29,67","29,77","-58,62829476"
2015-03-12 00:00:00,"29,7","29,80","-59,8679968"
2015-03-13 00:00:00,"29,65","29,84","-62,60466498"
2015-03-16 00:00:00,"29,61","29,84","-84,9391218"
2015-03-17 00:00:00,"29,56","29,75","-62,52689568"
2015-03-18 00:00:00,"29,53","29,70","-61,57571867"
2015-03-19 00:00:00,"29,77","29,67","-64,15967886"
2015-03-20 00:00:00,"29,67","29,91","-61,56530165"
2015-03-23 00:00:00,"29,44","29,90","-103,4535828"
2015-03-24 00:00:00,"29,12","29,57","-59,05068495"
2015-03-25 00:00:00,"29,05","29,26","-61,30711655"
2015-03-26 00:00:00,"29,09","29,19","-60,96021214"
2015-03-27 00:00:00,"29,1","29,23","-62,94225286"
2015-03-30 00:00:00,"29,13","29,23","-57,75751187"
2015-03-31 00:00:00,"29,38","29,27","-61,70434276"
2015-04-01 00:00:00,"29,3","29,41","-15,52333988"
2015-04-02 00:00:00,"29,28","29,33","-14,12124315"
2015-04-06 00:00:00,"28,95","29,33","-23,34350916"
2015-04-07 00:00:00,"28,69","28,98","-14,96679011"
2015-04-08 00:00:00,"28,54","28,72","-13,03306966"
2015-04-09 00:00:00,"28,47","28,57","-13,57140704"
2015-04-10 00:00:00,"28,35","28,50","-14,20067558"
2015-04-13 00:00:00,"28,17","28,51","-69,78576651"
2015-04-14 00:00:00,"27,73","28,20","-14,35384908"
2015-04-15 00:00:00,"27,46","27,76","-13,85488399"
2015-04-16 00:00:00,"27,4","27,49","-14,00026362"
2015-04-17 00:00:00,"27,08","27,43","-14,54749055"
2015-04-20 00:00:00,"27,08","27,43","-158,3611123"
2015-04-22 00:00:00,"26,99","27,43","-157,8704225"
2015-04-23 00:00:00,"26,93","27,02","-13,25962397"
2015-04-24 00:00:00,"26,73","26,96","-12,95729639"
2015-04-27 00:00:00,"26,56","26,96","-102,026995"
2015-04-28 00:00:00,"26,36","26,59","-13,11345874"
2015-04-29 00:00:00,"26,2","26,39","-14,06040349"
2015-04-30 00:00:00,"25,98","26,24","-15,94057487"
2015-05-04 00:00:00,"25,91","26,27","-131,5351667"
2015-05-05 00:00:00,"25,82","25,98","-31,86440013"
2015-05-06 00:00:00,"25,79","25,89","-31,21142924"
2015-05-07 00:00:00,"25,64","25,86","-31,29968029"
2015-05-08 00:00:00,"25,63","25,71","-29,88349867"
2015-05-11 00:00:00,"25,62","25,71","-37,06833868"
2015-05-12 00:00:00,"25,62","25,69","-31,39462985"
2015-05-13 00:00:00,"25,42","25,69","-32,02394833"
2015-05-14 00:00:00,"25,39","25,49","-30,72609757"
2015-05-15 00:00:00,"25,28","25,46","-30,74213681"
2015-05-18 00:00:00,"25,26","25,47","-86,25517027"
2015-05-19 00:00:00,"24,99","25,33","-32,31237417"
2015-05-20 00:00:00,"24,97","25,07","-37,7109476"
2015-05-21 00:00:00,"25,13","25,04","-32,57740889"
2015-05-22 00:00:00,"25,11","25,21","-34,24075368"
2015-05-26 00:00:00,"25,28","25,15","-18,26121595"
2015-05-27 00:00:00,"24,96","25,36","-35,75244328"
2015-05-28 00:00:00,"24,94","25,04","-36,72737459"
2015-05-29 00:00:00,"24,91","25,02","-37,34524752"
2015-06-01 00:00:00,25,"25,05","-61,9408607"
2015-06-02 00:00:00,"24,79","25,10","-46,8985002"
2015-06-03 00:00:00,"24,82","24,90","-47,30858651"
2015-06-05 00:00:00,"24,85","24,90","-34,048216"
2015-06-08 00:00:00,"24,85","24,89","-19,46959002"
2015-06-09 00:00:00,"24,65","24,95","-45,88951416"
2015-06-10 00:00:00,"24,81","24,75","-47,07652655"
2015-06-11 00:00:00,"24,89","24,91","-45,99309662"
2015-06-12 00:00:00,"24,79","24,99","-46,86760177"
2015-06-15 00:00:00,"24,91","25,00","-92,36278081"
2015-06-16 00:00:00,"25,16","25,01","-45,89751939"
2015-06-17 00:00:00,"25,19","25,26","-44,43213283"
2015-06-18 00:00:00,"25,09","25,29","-44,53518397"
2015-06-19 00:00:00,25,"25,19","-45,94713687"
2015-06-22 00:00:00,"25,03","25,19","-85,74777966"
2015-06-23 00:00:00,"25,16","25,13","-44,93690992"
2015-06-24 00:00:00,"25,1","25,26","-45,45258372"
2015-06-25 00:00:00,"25,26","25,20","-46,1346727"
2015-06-26 00:00:00,"25,51","25,36","-45,70645984"
2015-06-29 00:00:00,"25,29","25,36","67,09539233"
2015-06-30 00:00:00,"25,48","25,39","-43,96987755"
2015-07-01 00:00:00,"25,46","25,57","-38,71866547"
2015-07-02 00:00:00,"25,42","25,54","-36,9487733"
2015-07-03 00:00:00,"25,51","25,50","-37,89062082"
2015-07-06 00:00:00,"25,35","25,51","2,168896523"
2015-07-07 00:00:00,"25,54","25,44","-39,95912033"
2015-07-08 00:00:00,"25,76","25,63","-41,13555536"
2015-07-09 00:00:00,"25,84","25,85","-40,24216279"
2015-07-10 00:00:00,"26,04","25,92","-38,09336192"
2015-07-13 00:00:00,"25,61","25,92","52,84287573"
2015-07-14 00:00:00,"26,51","25,69","-37,9228822"
2015-07-15 00:00:00,"26,57","26,59","-36,4802437"
2015-07-16 00:00:00,"26,35","26,65","-36,97720023"
2015-07-17 00:00:00,"26,53","26,44","-38,47516813"
2015-07-20 00:00:00,"26,46","26,44","41,75311976"
2015-07-21 00:00:00,"26,78","26,54","-38,24589523"
2015-07-22 00:00:00,"26,26","26,87","-39,50287992"
2015-07-23 00:00:00,"26,16","26,35","-42,09661923"
2015-07-24 00:00:00,"26,23","26,26","-44,68024326"
2015-07-27 00:00:00,"25,92","26,26","-14,03371462"
2015-07-28 00:00:00,"25,8","26,02","-45,61414291"
2015-07-29 00:00:00,"25,95","25,90","-45,1857356"
2015-07-30 00:00:00,"25,87","26,05","-46,04552784"
2015-07-31 00:00:00,"25,93","25,98","-47,73590485"
2015-08-03 00:00:00,"26,16","25,97","-19,31315626"
2015-08-04 00:00:00,"26,48","26,26","-46,44316197"
2015-08-05 00:00:00,"26,58","26,58","-46,34716069"
2015-08-06 00:00:00,"27,08","26,69","-47,80150928"
2015-08-07 00:00:00,"27,6","27,18","-46,13400549"
2015-08-10 00:00:00,"27,56","27,18","190,6090114"
2015-08-11 00:00:00,"27,86","27,66","-44,37706004"
2015-08-12 00:00:00,"27,58","27,96","-44,73339734"
2015-08-13 00:00:00,"27,63","27,68","-46,08965166"
2015-08-14 00:00:00,"27,38","27,73","-44,95202358"
2015-08-17 00:00:00,"27,39","27,73","-157,3747518"
2015-08-18 00:00:00,"27,09","27,49","-44,71786507"
2015-08-19 00:00:00,"27,34","27,19","-45,86645658"
2015-08-20 00:00:00,"27,5","27,44","-44,30426348"
2015-08-21 00:00:00,"27,38","27,60","-45,58645791"
2015-08-24 00:00:00,"27,6","27,60","-101,0805266"
2015-08-25 00:00:00,"27,69","27,71","-48,98924615"
2015-08-26 00:00:00,"27,65","27,80","-48,33510437"
2015-08-27 00:00:00,"27,85","27,75","-46,95271686"
2015-08-28 00:00:00,"27,91","27,96","-47,64150654"
2015-08-31 00:00:00,"28,16","27,96","-21,75051862"
2015-09-01 00:00:00,"28,69","28,30","-65,00808567"
2015-09-02 00:00:00,"29,05","28,84","-66,06871142"
2015-09-03 00:00:00,"29,2","29,19","-65,11942203"
2015-09-04 00:00:00,"29,55","29,35","-68,08466023"
2015-09-08 00:00:00,"29,61","29,35","90,31945286"
2015-09-09 00:00:00,"29,61","29,76","-65,29809406"
2015-09-10 00:00:00,"29,95","29,76","-67,30976873"
2015-09-11 00:00:00,"30,26","30,10","-67,07558636"
2015-09-14 00:00:00,"30,61","30,10","74,24898919"
2015-09-15 00:00:00,"30,99","30,76","-65,4526165"
2015-09-16 00:00:00,"31,36","31,13","-64,01467503"
2015-09-17 00:00:00,"31,42","31,51","-65,82287416"
2015-09-18 00:00:00,"31,4","31,57","-67,24145213"
2015-09-21 00:00:00,"31,38","31,57","-77,22847638"
2015-09-22 00:00:00,"31,73","31,54","-70,35154779"
2015-09-23 00:00:00,"31,98","31,89","-73,67999093"
2015-09-24 00:00:00,"32,62","32,13","-66,05701302"
2015-09-25 00:00:00,"32,51","32,77","-66,18118909"
2015-09-28 00:00:00,"32,96","32,78","-119,7188684"
2015-09-29 00:00:00,"33,19","33,11","-68,31335721"
2015-09-30 00:00:00,"33,69","33,33","-64,55902906"
2015-10-01 00:00:00,"33,52","33,85","-71,29004408"
2015-10-02 00:00:00,"33,36","33,67","-69,17391453"
2015-10-05 00:00:00,"33,43","33,67","-140,4023508"
2015-10-06 00:00:00,"33,21","33,58","-66,61605757"
2015-10-07 00:00:00,"33,02","33,36","-67,90680677"
2015-10-08 00:00:00,"32,76","33,17","-65,27291335"
2015-10-09 00:00:00,"32,36","32,91","-65,35072623"
2015-10-13 00:00:00,"32,32","32,91","-249,1775704"
2015-10-14 00:00:00,"32,31","32,47","-67,47148633"
2015-10-15 00:00:00,"32,17","32,46","-67,32836802"
2015-10-16 00:00:00,"32,08","32,33","-71,17045106"
2015-10-19 00:00:00,"32,13","32,33","-110,6064431"
2015-10-20 00:00:00,"32,2","32,29","-70,70331768"
2015-10-21 00:00:00,"32,53","32,36","-71,51964212"
2015-10-22 00:00:00,"32,76","32,69","-70,14750467"
2015-10-23 00:00:00,"32,86","32,91","-68,92824678"
2015-10-26 00:00:00,"32,84","32,91","-24,55134105"
2015-10-27 00:00:00,"33,04","32,99","-69,04044945"
2015-10-28 00:00:00,"33,03","33,19","-69,52665456"
2015-10-29 00:00:00,"33,45","33,18","-67,64013869"
2015-10-30 00:00:00,"33,97","33,60","-67,15510001"
2015-11-03 00:00:00,"33,69","33,59","170,289116"
2015-11-04 00:00:00,"33,68","33,83","-64,26194374"
2015-11-05 00:00:00,"33,59","33,82","-63,88252447"
2015-11-06 00:00:00,"33,77","33,73","-63,7496224"
2015-11-09 00:00:00,"33,83","33,73","16,21689879"
2015-11-10 00:00:00,"33,98","33,97","-63,22900826"
2015-11-11 00:00:00,"33,83","34,12","-63,31304256"
2015-11-12 00:00:00,"33,99","33,97","-63,74473268"
2015-11-13 00:00:00,"33,82","34,14","-65,90455682"
2015-11-16 00:00:00,"33,67","34,13","-141,554709"
2015-11-17 00:00:00,"33,3","33,81","-65,16720457"
2015-11-18 00:00:00,"33,28","33,44","-64,36064942"
2015-11-19 00:00:00,"33,35","33,42","-62,83183547"
2015-11-20 00:00:00,"33,52","33,49","-62,37331844"
2015-11-23 00:00:00,"33,45","33,49","13,40460943"
2015-11-24 00:00:00,"33,58","33,59","-62,04577936"
2015-11-25 00:00:00,"33,38","33,72","-63,10307969"
2015-11-27 00:00:00,"33,24","33,29","40,92163142"
2015-11-30 00:00:00,"33,25","33,29","-22,58873802"
2015-12-01 00:00:00,"33,82","33,41","-70,50948276"
2015-12-02 00:00:00,"33,82","33,97","-69,13245207"
2015-12-03 00:00:00,"34,16","33,97","-66,64339469"
2015-12-04 00:00:00,"34,09","34,31","-65,75934846"
2015-12-07 00:00:00,"33,92","34,31","-97,98330569"
2015-12-08 00:00:00,"34,92","34,07","-67,62441523"
2015-12-09 00:00:00,"34,78","35,06","-64,78444181"
2015-12-10 00:00:00,"35,11","34,93","-66,70629998"
2015-12-11 00:00:00,"35,44","35,26","-68,21391948"
2015-12-14 00:00:00,"35,6","35,26","80,40560905"
2015-12-15 00:00:00,"35,54","35,75","-67,40320113"
2015-12-16 00:00:00,"35,66","35,69","-68,0751667"
2015-12-17 00:00:00,"35,67","35,81","-67,61248707"
2015-12-18 00:00:00,"35,76","35,83","-70,71480539"
2015-12-21 00:00:00,"36,15","35,83","-31,23352311"
2015-12-22 00:00:00,"36,23","36,31","-70,52935054"
2015-12-23 00:00:00,"36,26","36,38","-68,9826657"
2015-12-28 00:00:00,"36,29","36,38","-53,08940606"
2015-12-29 00:00:00,"36,55","36,44","-66,66975914"
2015-12-30 00:00:00,"36,83","36,70","-69,31209802"
2016-01-04 00:00:00,"37,31","36,73","43,59215545"
2016-01-05 00:00:00,"37,41","37,50","-86,09269741"
2016-01-06 00:00:00,"38,4","37,59","-80,67996699"
2016-01-07 00:00:00,"38,78","38,58","-79,93298726"
2016-01-08 00:00:00,"39,51","38,95","-78,66579378"
2016-01-11 00:00:00,"40,37","38,96","248,7858232"
2016-01-12 00:00:00,"41,74","40,54","-76,60257946"
2016-01-13 00:00:00,"42,6","41,91","-74,2609417"
2016-01-14 00:00:00,"43,44","42,76","-72,57459481"
2016-01-15 00:00:00,"43,36","43,60","-72,71497648"
2016-01-18 00:00:00,"43,28","43,60","-108,9520018"
2016-01-19 00:00:00,"43,21","43,44","-73,24578017"
2016-01-20 00:00:00,"43,31","43,38","-74,36067501"
2016-01-21 00:00:00,"43,46","43,48","-76,11094307"
2016-01-22 00:00:00,"43,27","43,62","-73,88853867"
2016-01-25 00:00:00,"42,84","43,62","-159,2762485"
2016-01-26 00:00:00,"42,92","43,00","-73,53718924"
2016-01-27 00:00:00,"42,85","43,09","-75,07009687"
2016-01-28 00:00:00,"42,71","43,01","-74,13366795"
2016-01-29 00:00:00,"42,27","42,87","-71,96806898"
2016-02-01 00:00:00,"42,54","42,79","-234,6086089"
2016-02-02 00:00:00,"42,35","42,62","-37,61461481"
2016-02-03 00:00:00,"42,64","42,43","-35,06493817"
2016-02-04 00:00:00,"42,49","42,72","-34,56577204"
2016-02-05 00:00:00,"42,33","42,57","-35,27775485"
2016-02-10 00:00:00,"42,68","42,57","-108,2061782"
2016-02-11 00:00:00,"42,84","42,76","-37,95101114"
2016-02-12 00:00:00,"42,93","42,94","-44,0985902"
2016-02-16 00:00:00,"42,97","43,04","-48,85290416"
2016-02-17 00:00:00,"42,86","43,05","-37,04493388"
2016-02-18 00:00:00,"42,96","42,95","-38,56714316"
2016-02-19 00:00:00,"43,26","43,04","-38,21558353"
2016-02-22 00:00:00,"43,05","43,04","99,09751223"
2016-02-23 00:00:00,"43,2","43,13","-36,23797794"
2016-02-24 00:00:00,"43,53","43,28","-36,16558895"
2016-02-25 00:00:00,"43,72","43,61","-35,74357924"
2016-02-26 00:00:00,"43,73","43,80","-36,64391935"
2016-02-29 00:00:00,"43,63","43,80","-32,89782806"
2016-03-01 00:00:00,"44,19","43,68","-21,3096367"
2016-03-02 00:00:00,"44,69","44,23","-19,4667951"
2016-03-03 00:00:00,"45,01","44,73","-15,93608254"
2016-03-04 00:00:00,"44,91","45,04","-14,25933473"
2016-03-07 00:00:00,"45,2","45,04","-59,96418825"
2016-03-08 00:00:00,"45,88","45,23","-13,75271508"
2016-03-09 00:00:00,"46,35","45,90","-10,6524806"
2016-03-10 00:00:00,"47,71","46,37","-7,965948945"
2016-03-11 00:00:00,"47,49","47,72","-4,76997027"
2016-03-14 00:00:00,"47,85","47,73","-106,1719134"
2016-03-15 00:00:00,"48,5","47,87","-10,07810521"
2016-03-16 00:00:00,"48,77","48,52","-8,472208772"
2016-03-17 00:00:00,"48,7","48,78","-4,579860941"
2016-03-18 00:00:00,"48,95","48,71","-4,641021341"
2016-03-21 00:00:00,"49,1","48,71","108,1240774"
2016-03-22 00:00:00,"49,8","49,11","-2,693009657"
2016-03-23 00:00:00,"49,75","49,81","-4,933529069"
2016-03-24 00:00:00,"49,46","49,76","-4,704715707"
2016-03-28 00:00:00,"49,85","49,76","-133,6912553"
2016-03-29 00:00:00,"49,85","49,86","-3,303905618"
2016-03-30 00:00:00,"49,6","49,86","-2,321077369"
2016-03-31 00:00:00,"49,68","49,61","-2,940093085"
2016-04-01 00:00:00,"49,91","49,68","1,029508135"
2016-04-04 00:00:00,"49,53","49,68","102,4116191"
2016-04-05 00:00:00,"49,34","49,54","-2,944537411"
2016-04-06 00:00:00,"49,35","49,34","-1,978790962"
2016-04-07 00:00:00,"49,33","49,36","-3,352617673"
2016-04-08 00:00:00,"49,4","49,33","-0,30643708"
2016-04-11 00:00:00,"48,95","49,32","33,99373017"
2016-04-12 00:00:00,"48,98","48,95","2,138031191"
2016-04-13 00:00:00,"48,97","48,97","2,342335598"
2016-04-14 00:00:00,"48,63","48,96","2,784413935"
2016-04-15 00:00:00,"48,27","48,63","0,9492311685"
2016-04-18 00:00:00,"48,5","48,63","-163,4749958"
2016-04-19 00:00:00,"48,72","48,50","0,9254497541"
2016-04-20 00:00:00,"48,61","48,72","1,67298235"
2016-04-22 00:00:00,"48,8","48,72","-49,58706139"
2016-04-25 00:00:00,"48,37","48,72","36,34140922"
2016-04-26 00:00:00,"48,82","48,37","0,8096337552"
2016-04-27 00:00:00,"48,54","48,82","1,479581617"
2016-04-28 00:00:00,"48,7","48,53","2,464639602"
2016-04-29 00:00:00,"48,65","48,69","4,366661982"
2016-05-02 00:00:00,"49,2","48,66","-2,405451727"
2016-05-03 00:00:00,"49,39","49,16","18,63383372"
2016-05-04 00:00:00,"49,45","49,35","19,12713748"
2016-05-05 00:00:00,"49,68","49,41","19,54123731"
2016-05-06 00:00:00,"50,01","49,63","20,981604"
2016-05-09 00:00:00,"49,97","49,63","168,8000449"
2016-05-10 00:00:00,"50,04","49,92","22,26622568"
2016-05-11 00:00:00,"50,43","49,99","22,92428849"
2016-05-12 00:00:00,"51,03","50,38","22,81722241"
2016-05-13 00:00:00,"51,7","50,98","22,07677648"
2016-05-16 00:00:00,"51,55","50,98","324,9750563"
2016-05-17 00:00:00,"51,81","51,50","24,63246383"
2016-05-18 00:00:00,"52,82","51,76","22,6543188"
2016-05-19 00:00:00,"52,79","52,77","23,88372463"
2016-05-20 00:00:00,"52,91","52,73","25,32326396"
2016-05-23 00:00:00,"52,81","52,74","77,82456466"
2016-05-24 00:00:00,"53,02","52,76","23,89024597"
2016-05-25 00:00:00,"53,07","52,97","24,03046157"
2016-05-27 00:00:00,"52,97","52,97","45,92502229"
2016-05-31 00:00:00,"53,15","53,21","-106,9719776"
2016-06-01 00:00:00,"53,21","53,09","27,28805352"
2016-06-02 00:00:00,"53,91","53,15","27,66351837"
2016-06-03 00:00:00,"53,81","53,84","30,81207067"
2016-06-06 00:00:00,"53,21","53,84","-12,86648843"
2016-06-07 00:00:00,"53,26","53,14","32,62036162"
2016-06-08 00:00:00,"53,38","53,18","35,2008354"
2016-06-09 00:00:00,"53,56","53,30","34,06699154"
2016-06-10 00:00:00,"53,37","53,49","33,66863626"
2016-06-13 00:00:00,"53,29","53,49","-53,55840486"
2016-06-14 00:00:00,"52,8","53,22","31,81170096"
2016-06-15 00:00:00,"52,04","52,73","31,11703421"
2016-06-16 00:00:00,"51,95","51,97","30,18987714"
2016-06-17 00:00:00,"50,62","51,88","31,96170259"
2016-06-20 00:00:00,"48,4","51,88","-566,3820225"
2016-06-21 00:00:00,"46,05","48,34","25,77479267"
2016-06-22 00:00:00,"44,47","46,00","23,59129145"
2016-06-23 00:00:00,"43,2","44,42","22,37588932"
2016-06-24 00:00:00,"42,64","43,16","19,46766315"
2016-06-27 00:00:00,"42,64","43,16","-233,0775817"
2016-06-28 00:00:00,"42,2","42,59","20,87067979"
2016-06-29 00:00:00,"41,36","42,15","22,33467149"
2016-06-30 00:00:00,"41,28","41,31","21,000226"
2016-07-01 00:00:00,"41,12","41,27","3,54054139"
2016-07-05 00:00:00,"41,32","41,56","-196,3615074"
2016-07-06 00:00:00,"41,12","41,32","0,2134703145"
2016-07-07 00:00:00,"41,86","41,12","-1,220549451"
2016-07-08 00:00:00,"41,65","41,85","2,286120757"
2016-07-11 00:00:00,"41,23","41,86","-92,66535806"
2016-07-12 00:00:00,"41,72","41,23","1,55118396"
2016-07-13 00:00:00,"42,48","41,71","3,703892115"
2016-07-14 00:00:00,"43,21","42,47","5,034626487"
2016-07-15 00:00:00,"43,86","43,20","4,802431059"
2016-07-18 00:00:00,"44,97","43,20","298,3233201"
2016-07-19 00:00:00,"45,91","44,95","7,926780535"
2016-07-20 00:00:00,"46,73","45,89","8,794622518"
2016-07-21 00:00:00,"47,3","46,71","9,435365006"
2016-07-22 00:00:00,"47,39","47,28","10,72687684"
2016-07-25 00:00:00,"47,48","47,28","50,32276552"
2016-07-26 00:00:00,"48,05","47,46","10,28322951"
2016-07-27 00:00:00,"47,89","48,02","11,57242692"
2016-07-28 00:00:00,"47,84","47,87","10,43733587"
2016-07-29 00:00:00,"48,21","47,81","11,70136297"
2016-08-01 00:00:00,"48,55","47,67","242,7302548"
2016-08-02 00:00:00,"48,09","48,38","77,40706039"
2016-08-03 00:00:00,"47,36","47,92","77,38090796"
2016-08-04 00:00:00,"47,44","47,19","77,57098971"
2016-08-05 00:00:00,"47,08","47,27","78,63421956"
2016-08-08 00:00:00,"46,89","47,27","-83,6055548"
2016-08-09 00:00:00,"46,56","46,72","78,42913144"
2016-08-10 00:00:00,"46,37","46,39","78,54078911"
2016-08-11 00:00:00,"45,9","46,20","77,68702524"
2016-08-12 00:00:00,"45,78","45,73","75,62937922"
2016-08-15 00:00:00,"45,43","45,73","21,95120257"
2016-08-16 00:00:00,"44,83","45,26","74,82791086"
2016-08-17 00:00:00,"44,98","44,67","74,04881883"
2016-08-18 00:00:00,"44,6","44,82","73,22896366"
2016-08-19 00:00:00,"44,63","44,44","73,84914789"
2016-08-22 00:00:00,"44,44","44,44","87,39140116"
2016-08-23 00:00:00,"44,58","44,28","72,53896446"
2016-08-24 00:00:00,"44,37","44,42","72,94881096"
2016-08-25 00:00:00,"44,38","44,21","72,20026041"
2016-08-26 00:00:00,"43,71","44,22","71,11656181"
2016-08-29 00:00:00,"43,32","44,22","-229,4366408"
2016-08-30 00:00:00,"42,86","43,16","69,98616194"
2016-08-31 00:00:00,"42,71","42,71","69,71444556"
2016-09-01 00:00:00,"42,4","42,50","92,89115114"
2016-09-02 00:00:00,"42,96","42,19","92,67200273"
2016-09-06 00:00:00,"42,76","42,73","104,2982864"
2016-09-08 00:00:00,"41,92","42,73","14,03536254"
2016-09-09 00:00:00,"42,14","41,72","91,91221906"
2016-09-12 00:00:00,"41,97","41,71","191,7309546"
2016-09-13 00:00:00,"42,15","41,77","90,42722627"
2016-09-14 00:00:00,"42,25","41,95","89,89400895"
2016-09-15 00:00:00,"42,55","42,05","91,49219703"
2016-09-16 00:00:00,"42,78","42,34","93,3450661"
2016-09-19 00:00:00,"42,31","42,34","196,5215078"
2016-09-20 00:00:00,"42,06","42,10","93,21949064"
2016-09-21 00:00:00,"41,97","41,85","94,43113157"
2016-09-22 00:00:00,"41,29","41,76","93,79015551"
2016-09-23 00:00:00,"40,96","41,09","92,1029566"
2016-09-26 00:00:00,"40,47","41,09","-56,47822493"
2016-09-27 00:00:00,"40,77","40,27","91,13474603"
2016-09-28 00:00:00,"40,88","40,57","92,01852853"
2016-09-29 00:00:00,"41,1","40,68","90,87065711"
2016-09-30 00:00:00,"41,53","40,90","91,38188698"
2016-10-03 00:00:00,"41,89","41,13","180,82356"
2016-10-04 00:00:00,"42,7","41,92","-12,94788892"
2016-10-05 00:00:00,"43,24","42,72","-10,69600289"
2016-10-06 00:00:00,"43,75","43,26","-10,46037818"
2016-10-07 00:00:00,"43,64","43,77","-9,489633042"
2016-10-10 00:00:00,"43,78","43,77","-58,45987014"
2016-10-11 00:00:00,"43,71","43,80","-8,5088481"
2016-10-13 00:00:00,"43,74","43,80","-39,36042767"
2016-10-14 00:00:00,"43,48","43,76","-8,593757929"
2016-10-17 00:00:00,"43,03","43,76","-125,5133025"
2016-10-18 00:00:00,"42,57","43,05","-9,099571226"
2016-10-19 00:00:00,"42,14","42,59","-9,042807192"
2016-10-20 00:00:00,"41,73","42,16","-9,037003853"
2016-10-21 00:00:00,"41,1","41,75","-9,797275612"
2016-10-24 00:00:00,"40,4","41,75","-292,6223771"
2016-10-25 00:00:00,"40,09","40,42","-10,64964795"
2016-10-26 00:00:00,"39,98","40,12","-11,71835441"
2016-10-27 00:00:00,"40,16","40,01","-12,6510374"
2016-10-28 00:00:00,"40,32","40,19","-13,5839293"
2016-10-31 00:00:00,"40,86","40,19","58,93107251"
2016-11-01 00:00:00,"40,83","40,85","3,156300763"
2016-11-03 00:00:00,"40,84","40,85","-10,55062644"
2016-11-04 00:00:00,"40,61","40,83","3,212026026"
2016-11-07 00:00:00,"40,39","40,83","-99,40137278"
2016-11-08 00:00:00,"39,86","40,38","4,706852891"
2016-11-09 00:00:00,"39,51","39,86","2,107327843"
2016-11-10 00:00:00,"39,12","39,52","-3,435891017"
2016-11-11 00:00:00,"39,33","39,13","-4,23206526"
2016-11-14 00:00:00,"39,53","39,13","88,91176688"
2016-11-16 00:00:00,"40,15","39,13","179,3481949"
2016-11-17 00:00:00,"39,72","40,16","-3,593062653"
2016-11-18 00:00:00,"39,03","39,73","-2,994837352"
2016-11-21 00:00:00,"37,93","39,72","-312,4224338"
2016-11-22 00:00:00,"37,59","37,94","-4,445374748"
2016-11-23 00:00:00,"37,46","37,60","-6,125436314"
2016-11-25 00:00:00,"36,64","37,08","172,2478884"
2016-11-28 00:00:00,"36,85","37,07","-195,6690017"
2016-11-29 00:00:00,"36,43","36,87","-7,719118196"
2016-11-30 00:00:00,"36,49","36,45","-7,852525152"
2016-12-01 00:00:00,"36,54","36,50","-3,161576251"
2016-12-02 00:00:00,"36,53","36,55","-3,028192805"
2016-12-05 00:00:00,"36,79","36,54","-5,519117003"
2016-12-06 00:00:00,"37,3","36,79","-0,2157529687"
2016-12-07 00:00:00,"37,48","37,30","1,236712214"
2016-12-08 00:00:00,"38,2","37,48","1,591831026"
2016-12-09 00:00:00,"37,91","38,19","2,684414177"
2016-12-12 00:00:00,"38,36","38,19","-126,5478325"
2016-12-13 00:00:00,"39,05","38,35","4,328284605"
2016-12-14 00:00:00,"38,8","39,04","4,08468794"
2016-12-15 00:00:00,"38,63","38,79","3,913682938"
2016-12-16 00:00:00,"38,87","38,62","2,986250835"
2016-12-19 00:00:00,"39,36","38,62","111,7146903"
2016-12-20 00:00:00,"39,34","39,35","4,952256781"
2016-12-21 00:00:00,"38,84","39,33","5,671160024"
2016-12-22 00:00:00,"39,07","38,83","6,177257573"
2016-12-23 00:00:00,"38,8","39,05","6,951983454"
2016-12-27 00:00:00,"38,8","38,80","-2,117437753"
2016-12-28 00:00:00,"38,51","38,79","6,243560926"
2016-12-29 00:00:00,"38,17","38,49","6,79248628"
2017-01-03 00:00:00,"37,94","38,54","-167,2482572"
2017-01-04 00:00:00,"37,25","37,97","-13,43099452"
2017-01-05 00:00:00,"36,9","37,28","-13,82033461"
2017-01-06 00:00:00,"36,3","36,93","-15,16568946"
2017-01-09 00:00:00,"35,75","36,93","-284,2777844"
2017-01-10 00:00:00,"34,77","35,79","-15,9038728"
2017-01-11 00:00:00,"34,4","34,81","-17,33777047"
2017-01-12 00:00:00,"34,39","34,44","-17,53517197"
2017-01-13 00:00:00,"34,17","34,43","-18,55026403"
2017-01-17 00:00:00,"34,52","34,27","-45,2598711"
2017-01-18 00:00:00,"35,11","34,56","-18,46208509"
2017-01-19 00:00:00,"35,05","35,15","-16,55921252"
2017-01-20 00:00:00,"35,59","35,08","-15,69948146"
2017-01-23 00:00:00,"36,33","35,08","227,4660599"
2017-01-24 00:00:00,"36,39","36,36","-14,15814049"
2017-01-25 00:00:00,"36,5","36,42","-13,98280092"
2017-01-26 00:00:00,"36,61","36,53","-14,1437912"
2017-01-27 00:00:00,"36,66","36,64","-12,90505827"
2017-01-30 00:00:00,"36,55","36,64","9,874653167"
2017-01-31 00:00:00,"36,4","36,58","-13,37356827"
2017-02-01 00:00:00,"36,06","36,43","-14,94291529"
2017-02-02 00:00:00,"35,94","36,09","-15,27086188"
2017-02-03 00:00:00,"36,41","35,97","-15,3120177"
2017-02-06 00:00:00,"36,34","35,97","196,1905865"
2017-02-07 00:00:00,"36,02","36,37","-14,74506189"
2017-02-08 00:00:00,"36,37","36,05","-15,0291764"
2017-02-09 00:00:00,"36,42","36,40","-14,96445438"
2017-02-10 00:00:00,"36,57","36,45","-14,30405884"
2017-02-13 00:00:00,"36,54","36,45","53,35424779"
2017-02-14 00:00:00,"36,36","36,57","-13,21220737"
2017-02-15 00:00:00,"36,04","36,39","-12,48841222"
2017-02-16 00:00:00,"36,13","36,07","-14,05706758"
2017-02-17 00:00:00,"36,06","36,16","-14,56721552"
2017-02-21 00:00:00,"36,02","35,94","52,95276623"
2017-02-22 00:00:00,"36,39","36,05","-13,3957564"
2017-02-23 00:00:00,"36,1","36,42","-12,91401285"
2017-02-24 00:00:00,"36,1","36,13","-14,92765346"
2017-03-01 00:00:00,"35,96","36,05","23,392359"
2017-03-02 00:00:00,"36,11","35,91","21,08515094"
2017-03-03 00:00:00,"36,25","36,06","22,59155902"
2017-03-06 00:00:00,"35,95","36,06","84,83736056"
2017-03-07 00:00:00,"35,89","35,90","22,09591514"
2017-03-08 00:00:00,"35,48","35,84","20,55731779"
2017-03-09 00:00:00,"35,53","35,44","18,90465347"
2017-03-10 00:00:00,"35,44","35,48","20,55221813"
2017-03-13 00:00:00,"34,85","35,49","-20,46538962"
2017-03-14 00:00:00,"35,33","34,81","18,59644706"
2017-03-15 00:00:00,"35,11","35,28","21,53114122"
2017-03-16 00:00:00,"35,01","35,06","20,85263677"
2017-03-17 00:00:00,"34,64","34,96","21,57116449"
2017-03-20 00:00:00,"34,32","34,96","-144,468099"
2017-03-21 00:00:00,"33,19","34,27","20,52472046"
2017-03-22 00:00:00,"32,8","33,15","18,89123764"
2017-03-23 00:00:00,"31,74","32,76","16,72341363"
2017-03-24 00:00:00,"31,63","31,70","16,17530702"
2017-03-27 00:00:00,"30,46","31,71","-33,88397451"
2017-03-28 00:00:00,"30,42","30,43","13,4534683"
2017-03-29 00:00:00,"30,16","30,39","14,06820012"
2017-03-30 00:00:00,"30,27","30,13","12,77400707"
2017-03-31 00:00:00,"30,12","30,24","13,93301073"
2017-04-03 00:00:00,"29,39","30,30","-78,95159202"
2017-04-04 00:00:00,"28,86","29,42","-12,18707558"
2017-04-05 00:00:00,"28,44","28,89","-13,67150569"
2017-04-06 00:00:00,"28,23","28,47","-15,05805152"
2017-04-07 00:00:00,"28,14","28,26","-15,4943297"
2017-04-10 00:00:00,"27,92","28,26","-55,33274001"
2017-04-11 00:00:00,"27,51","27,95","-15,43651395"
2017-04-12 00:00:00,"27,53","27,54","-15,58266116"
2017-04-13 00:00:00,"27,8","27,57","-16,05875125"
2017-04-17 00:00:00,"27,86","27,56","106,6980024"
2017-04-18 00:00:00,"28,56","27,89","-14,77821378"
2017-04-19 00:00:00,"28,46","28,59","-15,14944508"
2017-04-20 00:00:00,"28,6","28,49","-15,3016038"
2017-04-24 00:00:00,"28,96","28,49","48,37040256"
2017-04-25 00:00:00,"28,52","28,99","-14,33938638"
2017-04-26 00:00:00,"28,56","28,56","-15,90014236"
2017-04-27 00:00:00,"28,23","28,60","-16,09291575"
2017-04-28 00:00:00,"28,17","28,27","-16,4641371"
2017-05-02 00:00:00,"27,91","28,28","-50,40084856"
2017-05-03 00:00:00,"28,24","27,96","-24,18636279"
2017-05-04 00:00:00,"28,51","28,29","-24,68930305"
2017-05-05 00:00:00,"28,25","28,56","-23,86207635"
2017-05-08 00:00:00,"28,22","28,56","-141,6414543"
2017-05-09 00:00:00,"28,03","28,28","-24,76106193"
2017-05-10 00:00:00,"28,15","28,08","-24,12943532"
2017-05-11 00:00:00,"27,99","28,20","-23,27287424"
2017-05-12 00:00:00,"28,09","28,04","-22,89450314"
2017-05-15 00:00:00,"28,13","28,04","22,60863504"
2017-05-16 00:00:00,"27,88","28,18","-21,74420339"
2017-05-17 00:00:00,"27,67","27,93","-23,2404089"
2017-05-18 00:00:00,"27,8","27,74","-30,78108115"
2017-05-19 00:00:00,"28,07","27,86","-26,81237227"
2017-05-22 00:00:00,"27,88","27,86","94,3783959"
2017-05-23 00:00:00,"27,85","27,94","-27,32815578"
2017-05-24 00:00:00,"27,6","27,91","-27,55618745"
2017-05-25 00:00:00,"27,11","27,66","-27,81879242"
2017-05-26 00:00:00,"27,23","27,17","-27,93550678"
2017-05-30 00:00:00,"26,82","26,96","120,1234378"
2017-05-31 00:00:00,"26,49","26,88","-27,38918737"
2017-06-01 00:00:00,"26,52","26,48","5,668844447"
2017-06-02 00:00:00,"26,48","26,51","5,849414522"
2017-06-05 00:00:00,"26,61","26,51","-13,61976615"
2017-06-06 00:00:00,"26,84","26,60","5,215981969"
2017-06-07 00:00:00,"26,79","26,83","6,01762584"
2017-06-08 00:00:00,"27,19","26,78","6,215906468"
2017-06-09 00:00:00,"27,35","27,18","5,756909767"
2017-06-12 00:00:00,"27,12","27,18","76,79664981"
2017-06-13 00:00:00,"27,25","27,11","4,89654684"
2017-06-14 00:00:00,"27,09","27,24","6,20631429"
2017-06-16 00:00:00,"27,11","27,24","-66,15935062"
2017-06-19 00:00:00,"27,21","27,24","-57,10870713"
2017-06-20 00:00:00,"27,24","27,20","4,331554114"
2017-06-21 00:00:00,"27,03","27,23","4,052253372"
2017-06-22 00:00:00,"26,84","27,02","3,388209339"
2017-06-23 00:00:00,"26,82","26,83","2,955822643"
2017-06-26 00:00:00,"26,39","26,83","-4,586717212"
2017-06-27 00:00:00,"26,36","26,38","3,273480283"
2017-06-28 00:00:00,"26,23","26,35","4,157932323"
2017-06-29 00:00:00,"25,89","26,22","3,346236058"
2017-06-30 00:00:00,"25,49","25,88","3,115823896"
2017-07-03 00:00:00,"26,1","25,94","-204,4521208"
2017-07-05 00:00:00,"26,71","26,30","-90,95435219"
2017-07-06 00:00:00,"26,66","26,76","-23,08351485"
2017-07-07 00:00:00,"26,8","26,71","-22,63880279"
2017-07-10 00:00:00,"26,86","26,71","41,43056372"
2017-07-11 00:00:00,"27,22","26,91","-21,2490592"
2017-07-12 00:00:00,"27,05","27,26","-19,81486964"
2017-07-13 00:00:00,"26,64","27,10","-20,69802734"
2017-07-14 00:00:00,"26,26","26,68","-20,10676185"
2017-07-17 00:00:00,"26,38","26,68","-190,9109739"
2017-07-18 00:00:00,"26,66","26,42","-19,33544424"
2017-07-19 00:00:00,"26,77","26,70","-18,6108193"
2017-07-20 00:00:00,"26,63","26,81","-17,34039289"
2017-07-21 00:00:00,"26,41","26,67","-18,51804349"
2017-07-24 00:00:00,"25,92","26,67","-117,7527544"
2017-07-25 00:00:00,"25,77","25,97","-20,77723994"
2017-07-26 00:00:00,"25,49","25,81","-19,8326479"
2017-07-27 00:00:00,"25,55","25,54","-20,60994278"
2017-07-28 00:00:00,"25,4","25,59","-19,88545214"
2017-07-31 00:00:00,"25,44","25,59","-87,32569053"
2017-08-01 00:00:00,"25,36","25,52","-38,11042375"
2017-08-02 00:00:00,"25,31","25,44","-37,75584078"
2017-08-03 00:00:00,"25,2","25,39","-37,83785284"
2017-08-04 00:00:00,"25,76","25,29","-38,46680209"
2017-08-07 00:00:00,26,"25,28","213,8554559"
2017-08-08 00:00:00,"25,88","26,08","-37,1226365"
2017-08-09 00:00:00,"25,99","25,96","-38,09380399"
2017-08-10 00:00:00,"26,14","26,08","-39,00291869"
2017-08-11 00:00:00,"26,33","26,23","-39,23730047"
2017-08-14 00:00:00,"26,48","26,23","46,46991648"
2017-08-15 00:00:00,"27,05","26,56","-38,19553063"
2017-08-16 00:00:00,"27,48","27,13","-36,96884741"
2017-08-17 00:00:00,"27,64","27,56","-37,12297532"
2017-08-18 00:00:00,"27,96","27,72","-35,98571471"
2017-08-21 00:00:00,"27,83","27,72","107,375271"
2017-08-22 00:00:00,"27,57","27,91","-36,34963839"
2017-08-23 00:00:00,"27,42","27,65","-36,2347039"
2017-08-24 00:00:00,"26,98","27,50","-36,64656946"
2017-08-25 00:00:00,"26,94","27,06","-37,72791982"
2017-08-28 00:00:00,"26,95","27,06","-56,01588191"
2017-08-29 00:00:00,"26,8","27,03","-38,07953116"
2017-08-30 00:00:00,"26,93","26,89","-38,26160796"
2017-08-31 00:00:00,"27,3","27,01","-37,31316102"
2017-09-01 00:00:00,"27,35","27,38","-37,13144509"
2017-09-05 00:00:00,"27,95","28,01","-296,3909581"
2017-09-06 00:00:00,"28,09","28,03","-34,76223207"
2017-09-08 00:00:00,"28,13","28,03","28,56971822"
2017-09-11 00:00:00,"28,39","28,03","46,11578186"
2017-09-12 00:00:00,"28,36","28,47","-35,11967806"
2017-09-13 00:00:00,"28,45","28,44","-35,51426525"
2017-09-14 00:00:00,"28,83","28,53","-34,79428075"
2017-09-15 00:00:00,"28,86","28,90","-33,54878985"
2017-09-18 00:00:00,"28,98","28,91","-21,00846855"
2017-09-19 00:00:00,"29,09","29,06","-34,34824451"
2017-09-20 00:00:00,"29,98","29,17","-34,06282121"
2017-09-21 00:00:00,"30,41","30,05","-32,97745177"
2017-09-22 00:00:00,"30,64","30,48","-31,89479194"
2017-09-25 00:00:00,"30,51","30,48","70,55234109"
2017-09-26 00:00:00,"30,17","30,58","-33,0584294"
2017-09-27 00:00:00,"30,05","30,25","-34,28513233"
2017-09-28 00:00:00,"29,94","30,13","-34,17261214"
2017-09-29 00:00:00,"30,04","30,01","-33,61498783"
2017-10-02 00:00:00,"30,39","29,89","69,15810631"
2017-10-03 00:00:00,"29,71","30,33","25,08012855"
2017-10-04 00:00:00,"29,59","29,66","24,32858603"
2017-10-05 00:00:00,"29,66","29,54","23,61079501"
2017-10-06 00:00:00,"30,39","29,61","23,67470445"
2017-10-09 00:00:00,"30,83","29,61","351,1656826"
2017-10-10 00:00:00,"31,17","30,78","24,56510207"
2017-10-11 00:00:00,"31,29","31,11","25,15322529"
2017-10-13 00:00:00,"31,27","31,11","80,18684897"
2017-10-16 00:00:00,"31,71","31,11","70,32773996"
2017-10-17 00:00:00,"31,81","31,65","26,46328175"
2017-10-18 00:00:00,"31,75","31,75","26,15802895"
2017-10-19 00:00:00,"31,44","31,69","26,21161244"
2017-10-20 00:00:00,"31,73","31,38","24,86825449"
2017-10-23 00:00:00,"32,04","31,39","154,201797"
2017-10-24 00:00:00,"32,02","31,99","24,40767017"
2017-10-25 00:00:00,"32,16","31,97","24,63921041"
2017-10-26 00:00:00,"31,47","32,11","23,07399079"
2017-10-27 00:00:00,"31,76","31,42","23,71233814"
2017-10-30 00:00:00,"31,99","31,42","152,607859"
2017-10-31 00:00:00,"32,23","31,94","23,23617907"
2017-11-01 00:00:00,"32,89","32,22","3,346730876"
2017-11-03 00:00:00,"32,87","32,23","298,9276177"
2017-11-06 00:00:00,"32,11","32,22","291,8921206"
2017-11-07 00:00:00,"32,7","32,10","3,052343468"
2017-11-08 00:00:00,"32,7","32,69","4,391303897"
2017-11-09 00:00:00,"32,52","32,69","4,266277281"
2017-11-10 00:00:00,"32,68","32,51","3,293705389"
2017-11-13 00:00:00,"32,32","32,51","75,20977659"
2017-11-14 00:00:00,"32,26","32,32","1,762297828"
2017-11-16 00:00:00,"32,24","32,31","-24,08021439"
2017-11-17 00:00:00,"32,05","32,23","3,512552877"
2017-11-20 00:00:00,"31,76","32,23","-81,92609191"
2017-11-21 00:00:00,"31,38","31,75","2,864911018"
2017-11-22 00:00:00,"30,98","31,37","3,393352177"
2017-11-24 00:00:00,"30,86","30,71","123,6066862"
2017-11-27 00:00:00,"30,56","30,71","69,65733142"
2017-11-28 00:00:00,"30,32","30,55","2,319072076"
2017-11-29 00:00:00,"30,5","30,32","1,067409026"
2017-11-30 00:00:00,"30,59","30,50","0,5933755986"
2017-12-01 00:00:00,"30,93","30,58","4,738320759"
2017-12-04 00:00:00,"31,21","30,58","157,9996546"
2017-12-05 00:00:00,"31,31","31,20","5,941091374"
2017-12-06 00:00:00,"31,75","31,30","6,249963124"
2017-12-07 00:00:00,"31,64","31,74","5,174208158"
2017-12-08 00:00:00,"31,58","31,63","5,023360675"
2017-12-11 00:00:00,"31,66","31,63","-22,47601436"
2017-12-12 00:00:00,"31,84","31,65","4,477086989"
2017-12-13 00:00:00,"32,34","31,83","4,651327354"
2017-12-14 00:00:00,"32,04","32,33","4,36083875"
2017-12-15 00:00:00,"32,36","32,03","5,723735097"
2017-12-18 00:00:00,"32,56","32,03","149,7813272"
2017-12-19 00:00:00,"33,08","32,55","6,588549952"
2017-12-20 00:00:00,"33,29","33,06","7,12416356"
2017-12-21 00:00:00,"33,32","33,27","7,158019879"
2017-12-22 00:00:00,"33,26","33,31","6,35358862"
2017-12-26 00:00:00,"33,53","33,30","-19,83635756"
2017-12-27 00:00:00,"33,71","33,51","7,367381041"
2017-12-28 00:00:00,"33,77","33,69","7,639585159"
2018-01-02 00:00:00,"33,77","33,70","32,81635455"
2018-01-03 00:00:00,"33,67","33,76","6,563563651"
2018-01-04 00:00:00,"33,61","33,66","6,43629471"
2018-01-05 00:00:00,"33,31","33,60","6,524751806"
2018-01-08 00:00:00,"33,12","33,60","-128,947419"
2018-01-09 00:00:00,"32,64","33,11","5,194980509"
2018-01-10 00:00:00,"32,71","32,63","5,136283676"
2018-01-11 00:00:00,"32,42","32,70","5,614770121"
2018-01-12 00:00:00,"32,82","32,41","5,411956315"
2018-01-16 00:00:00,"31,85","32,40","189,4154843"
2018-01-17 00:00:00,"32,19","31,84","4,298867162"
2018-01-18 00:00:00,"32,28","32,18","5,250632389"
2018-01-19 00:00:00,"32,33","32,27","5,719265107"
2018-01-22 00:00:00,"32,62","32,27","28,02463792"
2018-01-23 00:00:00,"32,57","32,61","4,913164975"
2018-01-24 00:00:00,"32,19","32,55","7,754901586"
2018-01-25 00:00:00,"32,35","32,17","7,128169386"
2018-01-26 00:00:00,"32,57","32,33","7,312698095"
2018-01-29 00:00:00,"32,58","32,33","106,2601713"
2018-01-30 00:00:00,"32,66","32,56","6,867715278"
2018-01-31 00:00:00,"32,77","32,64","6,835968006"
2018-02-01 00:00:00,"32,84","32,80","-13,99279995"
2018-02-02 00:00:00,"33,2","32,87","-15,45913665"
2018-02-05 00:00:00,"33,1","32,88","145,1072789"
2018-02-06 00:00:00,"33,42","33,13","-15,54426277"
2018-02-07 00:00:00,"33,41","33,46","-16,15846999"
2018-02-08 00:00:00,"33,35","33,45","-16,59460085"
2018-02-09 00:00:00,"33,34","33,39","-17,04820667"
2018-02-14 00:00:00,"33,53","33,38","-19,05336146"
2018-02-15 00:00:00,"33,87","33,56","-14,60717493"
2018-02-16 00:00:00,"34,02","33,90","-14,24305265"
2018-02-19 00:00:00,"34,22","33,90","53,14595922"
2018-02-20 00:00:00,"34,64","34,25","-14,56295438"
2018-02-21 00:00:00,"35,2","34,67","-14,3823738"
2018-02-22 00:00:00,"36,11","35,23","-12,99679708"
2018-02-23 00:00:00,"36,76","36,14","-11,37487936"
2018-02-26 00:00:00,"37,05","36,13","281,5618384"
2018-02-27 00:00:00,"38,44","37,07","-10,35567402"
2018-02-28 00:00:00,"39,2","38,46","-8,138929246"
2018-03-01 00:00:00,"39,74","39,20","0,3086207033"
2018-03-02 00:00:00,"40,06","39,74","0,9728608977"
2018-03-05 00:00:00,"41,39","39,74","145,3013395"
2018-03-06 00:00:00,"41,02","41,38","4,589431877"
2018-03-07 00:00:00,"40,98","41,01","3,036297128"
2018-03-08 00:00:00,"41,32","40,97","2,526824705"
2018-03-09 00:00:00,"41,42","41,31","3,267032112"
2018-03-12 00:00:00,"42,28","41,31","48,09570287"
2018-03-13 00:00:00,"42,92","42,27","4,512539806"
2018-03-14 00:00:00,"42,93","42,91","5,339790015"
2018-03-15 00:00:00,"42,28","42,92","4,678486223"
2018-03-16 00:00:00,"41,45","42,27","3,808264012"
2018-03-19 00:00:00,"41,5","42,27","-370,0844655"
2018-03-20 00:00:00,"41,62","41,50","1,542317338"
2018-03-21 00:00:00,"41,72","41,61","2,915473834"
2018-03-22 00:00:00,"41,6","41,72","1,766162842"
2018-03-23 00:00:00,"41,02","41,60","1,747292635"
2018-03-26 00:00:00,"41,27","41,60","-259,3402544"
2018-03-27 00:00:00,"41,06","41,27","0,6880035281"
2018-03-28 00:00:00,"40,75","41,06","0,6333103228"
2018-03-29 00:00:00,"40,35","40,75","1,080671954"
2018-04-02 00:00:00,"39,87","40,72","-166,51881"
2018-04-03 00:00:00,"40,07","39,84","11,38302988"
2018-04-04 00:00:00,"40,83","40,04","11,78313622"
2018-04-05 00:00:00,"41,16","40,80","12,63721932"
2018-04-06 00:00:00,"41,36","41,13","12,31110991"
2018-04-09 00:00:00,"41,41","41,14","100,8516251"
2018-04-10 00:00:00,"41,02","41,38","11,49306422"
2018-04-11 00:00:00,"40,82","40,99","11,92181055"
2018-04-12 00:00:00,"40,47","40,80","10,52179692"
2018-04-13 00:00:00,"39,92","40,45","9,685656059"
2018-04-16 00:00:00,"40,13","40,45","-237,8412602"
2018-04-17 00:00:00,"40,04","40,11","9,464065213"
2018-04-18 00:00:00,"39,78","40,02","10,25913469"
2018-04-19 00:00:00,"39,37","39,76","9,624358236"
2018-04-20 00:00:00,"38,82","39,35","8,141865944"
2018-04-23 00:00:00,"38,4","39,35","-240,503177"
2018-04-24 00:00:00,"38,84","38,39","5,166140863"
2018-04-25 00:00:00,"38,91","38,83","5,524839605"
2018-04-26 00:00:00,"38,81","38,90","5,895376705"
2018-04-27 00:00:00,"38,98","38,80","6,432156742"
2018-04-30 00:00:00,"39,4","38,80","81,49264133"
2018-05-02 00:00:00,"39,81","38,85","248,3389778"
2018-05-03 00:00:00,"40,03","39,84","-14,9480511"
2018-05-04 00:00:00,"40,43","40,06","-14,7294157"
2018-05-07 00:00:00,"41,51","40,06","164,3998979"
2018-05-08 00:00:00,"41,59","41,54","-13,78613367"
2018-05-09 00:00:00,"42,13","41,62","-14,57323661"
2018-05-10 00:00:00,42,"42,16","-12,54110803"
2018-05-11 00:00:00,"42,43","42,03","-14,38527076"
2018-05-14 00:00:00,"42,14","42,03","178,3867226"
2018-05-15 00:00:00,"42,25","42,17","-15,45140156"
2018-05-16 00:00:00,"42,48","42,29","-16,06227707"
2018-05-17 00:00:00,"42,57","42,52","-16,48859608"
2018-05-18 00:00:00,"42,61","42,61","-17,36889291"
2018-05-21 00:00:00,"43,35","42,60","2,455970619"
2018-05-22 00:00:00,"43,63","43,38","-13,41511959"
2018-05-23 00:00:00,"44,15","43,66","-12,42510791"
2018-05-24 00:00:00,"44,43","44,18","-12,46556336"
2018-05-25 00:00:00,"44,23","44,46","-12,10819869"
2018-05-28 00:00:00,"44,13","44,46","-104,5399502"
2018-05-29 00:00:00,"45,01","44,16","-14,92711201"
2018-05-30 00:00:00,"45,49","45,04","-13,86517978"
2018-06-01 00:00:00,"45,89","44,93","249,8561571"
2018-06-04 00:00:00,"44,75","44,93","430,0277726"
2018-06-05 00:00:00,"43,78","44,68","31,93553775"
2018-06-06 00:00:00,"43,68","43,72","29,14372814"
2018-06-07 00:00:00,"43,58","43,62","27,15064449"
2018-06-08 00:00:00,"43,27","43,51","33,08676805"
2018-06-11 00:00:00,"42,87","43,51","-106,7444632"
2018-06-12 00:00:00,"41,72","42,80","31,81677247"
2018-06-13 00:00:00,"40,7","41,65","30,12542262"
2018-06-14 00:00:00,"40,24","40,64","25,70008153"
2018-06-15 00:00:00,"40,04","40,18","27,3293432"
2018-06-18 00:00:00,40,"40,18","-63,36046302"
2018-06-19 00:00:00,"39,62","39,94","26,23424655"
2018-06-20 00:00:00,"38,76","39,56","24,98051206"
2018-06-21 00:00:00,"38,66","38,71","23,94374281"
2018-06-22 00:00:00,"37,89","38,61","23,29901275"
2018-06-25 00:00:00,"37,76","38,61","-323,125454"
2018-06-26 00:00:00,"37,35","37,71","21,42964211"
2018-06-27 00:00:00,"37,17","37,31","19,00064213"
2018-06-28 00:00:00,"36,94","37,13","18,53279495"
2018-06-29 00:00:00,"36,97","36,90","17,92780824"
2018-07-02 00:00:00,"36,78","36,96","5,752601698"
2018-07-03 00:00:00,"36,21","36,80","-7,340519155"
2018-07-05 00:00:00,"36,43","35,29","412,5162829"
2018-07-06 00:00:00,"36,22","36,44","-6,495917991"
2018-07-09 00:00:00,"35,98","36,45","-101,4808235"
2018-07-10 00:00:00,"36,87","35,99","-6,042387738"
2018-07-11 00:00:00,"36,63","36,89","-6,954516685"
2018-07-12 00:00:00,"37,02","36,65","-7,275586807"
2018-07-13 00:00:00,"36,7","37,03","-6,002036924"
2018-07-16 00:00:00,"37,22","37,03","-149,9136188"
2018-07-17 00:00:00,"37,1","37,23","-4,838463829"
2018-07-18 00:00:00,"37,28","37,11","-5,351209224"
2018-07-19 00:00:00,"37,36","37,29","-4,319161927"
2018-07-20 00:00:00,"37,72","37,36","-2,21956112"
2018-07-23 00:00:00,"37,71","37,37","159,4011701"
2018-07-24 00:00:00,"37,64","37,71","-1,225550018"
2018-07-25 00:00:00,"37,92","37,64","0,7077491759"
2018-07-26 00:00:00,"38,06","37,92","-0,5848021684"
2018-07-27 00:00:00,"38,53","38,06","0,6824166553"
2018-07-30 00:00:00,"38,76","38,06","211,7569884"
2018-07-31 00:00:00,"39,34","38,76","0,6043593109"
2018-08-01 00:00:00,"39,45","39,27","29,25604304"
2018-08-02 00:00:00,"39,75","39,38","29,45030277"
2018-08-03 00:00:00,"39,78","39,68","31,24427592"
2018-08-06 00:00:00,"40,04","39,68","43,92264645"
2018-08-07 00:00:00,"41,36","39,97","30,35573088"
2018-08-08 00:00:00,"41,88","41,29","31,57782841"
2018-08-09 00:00:00,"41,93","41,81","31,34506197"
2018-08-10 00:00:00,"42,14","41,86","29,29615704"
2018-08-13 00:00:00,"41,71","41,87","123,0163462"
2018-08-14 00:00:00,"41,28","41,65","28,89476162"
2018-08-15 00:00:00,"41,39","41,22","27,11390533"
2018-08-16 00:00:00,"41,59","41,33","27,33001605"
2018-08-17 00:00:00,"41,3","41,53","27,44332105"
2018-08-20 00:00:00,"41,27","41,53","-104,9003547"
2018-08-21 00:00:00,"41,12","41,22","22,72518114"
2018-08-22 00:00:00,"41,53","41,07","22,45251848"
2018-08-23 00:00:00,"41,69","41,48","20,62707119"
2018-08-24 00:00:00,"41,66","41,64","21,31314449"
2018-08-27 00:00:00,"41,49","41,64","8,503961289"
2018-08-28 00:00:00,"41,08","41,45","19,82688411"
2018-08-29 00:00:00,"41,19","41,04","20,07968535"
2018-08-30 00:00:00,"41,19","41,15","18,94541603"
2018-08-31 00:00:00,"41,1","41,14","22,1056123"
2018-09-03 00:00:00,"40,9","41,19","-41,89281227"
2018-09-04 00:00:00,"40,84","40,90","-2,177050109"
2018-09-05 00:00:00,"40,85","40,84","-1,931445366"
2018-09-06 00:00:00,"40,64","40,85","0,7981015836"
2018-09-10 00:00:00,"41,06","40,85","-94,48228697"
2018-09-11 00:00:00,"40,78","41,06","-1,728291876"
2018-09-12 00:00:00,"40,51","40,79","-2,672580424"
2018-09-13 00:00:00,"40,57","40,52","-4,721833778"
2018-09-14 00:00:00,"40,75","40,58","-3,59752545"
2018-09-17 00:00:00,"40,87","40,57","79,01014083"
2018-09-18 00:00:00,"40,42","40,88","-2,56990413"
2018-09-19 00:00:00,"40,3","40,42","-2,2398016"
2018-09-20 00:00:00,"39,91","40,30","-0,5462416017"
2018-09-21 00:00:00,"39,6","39,91","-0,167126429"
2018-09-24 00:00:00,"39,83","39,91","-140,8194041"
2018-09-25 00:00:00,"39,54","39,83","-0,8111451315"
2018-09-26 00:00:00,"39,53","39,54","0,08506931333"
2018-09-27 00:00:00,"39,52","39,53","0,7295891109"
2018-09-28 00:00:00,"39,4","39,52","-0,6633283095"
2018-10-01 00:00:00,"39,32","39,53","-57,95011783"
2018-10-02 00:00:00,"39,05","39,32","-1,843372225"
2018-10-03 00:00:00,"38,55","39,05","-1,090140375"
2018-10-04 00:00:00,"38,35","38,55","-0,8795276786"
2018-10-05 00:00:00,"38,78","38,35","-0,1253316619"
2018-10-08 00:00:00,"38,12","38,35","195,2141463"
2018-10-09 00:00:00,"37,56","38,11","3,263077735"
2018-10-10 00:00:00,"36,97","37,56","1,216347715"
2018-10-11 00:00:00,"37,11","36,97","-0,1843990106"
2018-10-15 00:00:00,"36,87","36,97","64,47434715"
2018-10-16 00:00:00,"36,56","36,87","1,562542281"
2018-10-17 00:00:00,"35,98","36,56","2,247068807"
2018-10-18 00:00:00,"35,64","35,98","0,2981724414"
2018-10-19 00:00:00,"35,21","35,64","-0,08534153884"
2018-10-22 00:00:00,"35,1","35,64","-192,6304383"
2018-10-23 00:00:00,"34,88","35,10","-0,1063714068"
2018-10-24 00:00:00,"34,78","34,88","-1,713009487"
2018-10-25 00:00:00,"34,95","34,78","-1,18694117"
2018-10-26 00:00:00,"34,55","34,95","1,167564984"
2018-10-29 00:00:00,"34,48","34,95","-181,1665125"
2018-10-30 00:00:00,"34,55","34,48","-1,2331759"
2018-10-31 00:00:00,"34,17","34,55","-1,929542487"
2018-11-01 00:00:00,"34,26","34,17","-1,717712812"
2018-11-05 00:00:00,"34,78","34,18","38,24500329"
2018-11-06 00:00:00,"34,93","34,79","-2,503744386"
2018-11-07 00:00:00,"35,72","34,93","-1,423635607"
2018-11-08 00:00:00,"35,69","35,72","-1,160547911"
2018-11-09 00:00:00,"35,98","35,69","-0,4967700496"
2018-11-12 00:00:00,"36,35","35,69","129,0160591"
2018-11-13 00:00:00,"36,59","36,35","-1,798131885"
2018-11-14 00:00:00,"36,83","36,59","-0,8691578919"
2018-11-16 00:00:00,"36,81","36,59","108,2955647"
2018-11-19 00:00:00,"36,92","36,59","98,80863453"
2018-11-20 00:00:00,"36,94","36,92","0,2300665204"
2018-11-21 00:00:00,"37,34","36,94","-0,954495367"
2018-11-22 00:00:00,"37,37","37,34","-0,6241320272"
2018-11-23 00:00:00,"37,3","37,37","-1,374734369"
2018-11-26 00:00:00,"37,7","37,38","-36,39147919"
2018-11-27 00:00:00,"37,33","37,71","-2,418431925"
2018-11-28 00:00:00,"37,61","37,33","-2,074060257"
2018-11-29 00:00:00,"37,01","37,61","-1,744624152"
2018-11-30 00:00:00,"37,81","37,02","-2,81746433"
2018-12-03 00:00:00,"37,54","37,11","313,2344612"
2018-12-04 00:00:00,"36,63","37,64","-46,24758583"
2018-12-05 00:00:00,"37,46","36,74","-48,00031624"
2018-12-06 00:00:00,"37,8","37,56","-47,24208082"
2018-12-07 00:00:00,"37,49","37,91","-47,56559167"
2018-12-10 00:00:00,"37,48","37,91","-187,3800336"
2018-12-11 00:00:00,"36,64","37,59","-47,87285926"
2018-12-12 00:00:00,"37,14","36,75","-47,52699558"
2018-12-13 00:00:00,"37,29","37,25","-47,93758867"
2018-12-14 00:00:00,"37,66","37,40","-48,48105917"
2018-12-17 00:00:00,"38,06","37,40","118,7761798"
2018-12-18 00:00:00,"37,39","38,16","-47,00070377"
2018-12-19 00:00:00,"37,99","37,50","-47,59930203"
2018-12-20 00:00:00,"38,86","38,09","-45,27911257"
2018-12-21 00:00:00,"38,61","38,96","-45,8494322"
2018-12-26 00:00:00,"38,82","38,96","-159,0574711"
2018-12-27 00:00:00,"39,08","38,92","-45,10085068"
2018-12-28 00:00:00,"38,93","39,18","-44,94620245"